2025.10.07 09:08:10 INFO  Started: Metals version 1.6.2 in folders 'C:\Users\panlu\Documents\Cours\M1_Mod_Archi_Patrons_Concep' for client Visual Studio Code 1.104.3.
2025.10.07 09:14:57 INFO  no build target found for C:\Users\panlu\Documents\Cours\M1_Mod_Archi_Patrons_Concep\app\src\test\java\org\example\cours4\ICardTest.java. Using fallback presentation compiler.
2025.10.07 09:14:57 INFO  no build target found for C:\Users\panlu\Documents\Cours\M1_Mod_Archi_Patrons_Concep\app\src\test\java\org\example\cours4\ICardTest.java. Using fallback presentation compiler.
oct. 07, 2025 9:14:57 A.M. org.eclipse.lsp4j.jsonrpc.RemoteEndpoint handleCancellation
WARNING: Unmatched cancel notification for request id 1
2025.10.07 09:14:57 INFO  no build target found for C:\Users\panlu\Documents\Cours\M1_Mod_Archi_Patrons_Concep\app\src\test\java\org\example\cours4\ICardTest.java. Using fallback presentation compiler.
2025.10.07 09:14:57 INFO  no build target found for C:\Users\panlu\Documents\Cours\M1_Mod_Archi_Patrons_Concep\app\src\test\java\org\example\cours4\ICardTest.java. Using fallback presentation compiler.
2025.10.07 09:14:58 WARN  Running javac-semanticdb failed for file:///C:/Users/panlu/Documents/Cours/M1_Mod_Archi_Patrons_Concep/app/src/test/java/org/example/cours4/ICardTest.java. Output:

2025.10.07 09:14:58 INFO  Created report: Optional[file:///C:/Users/panlu/Documents/Cours/M1_Mod_Archi_Patrons_Concep/app/src/test/java/org/example/cours4/ICardTest.java]
2025.10.07 09:14:58 INFO  QDox parse error in file:///C:/Users/panlu/Documents/Cours/M1_Mod_Archi_Patrons_Concep/app/src/test/java/org/example/cours4/ICardTest.java (full report at: "C:\Users\panlu\Documents\Cours\M1_Mod_Archi_Patrons_Concep\.metals\.reports\metals-full\2025-10-07\r_qdox-error_09-14-59-218.md")
2025.10.07 09:21:52 INFO  no build target found for C:\Users\panlu\Documents\Cours\M1_Mod_Archi_Patrons_Concep\app\src\main\java\org\example\tds\td3\CardStack.java. Using fallback presentation compiler.
2025.10.07 09:21:52 INFO  no build target found for C:\Users\panlu\Documents\Cours\M1_Mod_Archi_Patrons_Concep\app\src\main\java\org\example\tds\td3\CardStack.java. Using fallback presentation compiler.
2025.10.07 09:21:52 INFO  no build target found for C:\Users\panlu\Documents\Cours\M1_Mod_Archi_Patrons_Concep\app\src\main\java\org\example\tds\td3\CardStack.java. Using fallback presentation compiler.
2025.10.07 09:21:52 INFO  no build target found for C:\Users\panlu\Documents\Cours\M1_Mod_Archi_Patrons_Concep\app\src\main\java\org\example\tds\td3\CardStack.java. Using fallback presentation compiler.
2025.10.07 09:21:57 INFO  no build target found for C:\Users\panlu\Documents\Cours\M1_Mod_Archi_Patrons_Concep\app\src\main\java\org\example\tds\td3\CardStack.java. Using fallback presentation compiler.
2025.10.07 09:21:59 INFO  no build target found for C:\Users\panlu\Documents\Cours\M1_Mod_Archi_Patrons_Concep\app\src\main\java\org\example\tds\td3\CardStack.java. Using fallback presentation compiler.
2025.10.07 09:23:14 INFO  no build target found for C:\Users\panlu\Documents\Cours\M1_Mod_Archi_Patrons_Concep\app\src\main\java\org\example\tds\td3\NullPlayingStrategy.java. Using fallback presentation compiler.
2025.10.07 09:23:14 INFO  no build target found for C:\Users\panlu\Documents\Cours\M1_Mod_Archi_Patrons_Concep\app\src\main\java\org\example\tds\td3\NullPlayingStrategy.java. Using fallback presentation compiler.
2025.10.07 09:23:14 INFO  no build target found for C:\Users\panlu\Documents\Cours\M1_Mod_Archi_Patrons_Concep\app\src\main\java\org\example\tds\td3\NullPlayingStrategy.java. Using fallback presentation compiler.
2025.10.07 09:23:14 INFO  no build target found for C:\Users\panlu\Documents\Cours\M1_Mod_Archi_Patrons_Concep\app\src\main\java\org\example\tds\td3\NullPlayingStrategy.java. Using fallback presentation compiler.
2025.10.07 09:23:18 INFO  no build target found for C:\Users\panlu\Documents\Cours\M1_Mod_Archi_Patrons_Concep\app\src\main\java\org\example\tds\td3\NullPlayingStrategy.java. Using fallback presentation compiler.
2025.10.07 09:23:18 INFO  no build target found for C:\Users\panlu\Documents\Cours\M1_Mod_Archi_Patrons_Concep\app\src\main\java\org\example\tds\td3\NullPlayingStrategy.java. Using fallback presentation compiler.
2025.10.07 09:23:18 INFO  no build target found for C:\Users\panlu\Documents\Cours\M1_Mod_Archi_Patrons_Concep\app\src\main\java\org\example\tds\td3\NullPlayingStrategy.java. Using fallback presentation compiler.
2025.10.07 09:24:01 INFO  no build target found for C:\Users\panlu\Documents\Cours\M1_Mod_Archi_Patrons_Concep\app\src\main\java\org\example\tds\td3\NullPlayingStrategy.java. Using fallback presentation compiler.
2025.10.07 09:24:01 INFO  no build target found for C:\Users\panlu\Documents\Cours\M1_Mod_Archi_Patrons_Concep\app\src\main\java\org\example\tds\td3\NullPlayingStrategy.java. Using fallback presentation compiler.
2025.10.07 09:24:30 INFO  no build target found for C:\Users\panlu\Documents\Cours\M1_Mod_Archi_Patrons_Concep\app\src\main\java\org\example\tds\td3\NullPlayingStrategy.java. Using fallback presentation compiler.
2025.10.07 09:24:31 INFO  no build target found for C:\Users\panlu\Documents\Cours\M1_Mod_Archi_Patrons_Concep\app\src\main\java\org\example\tds\td3\NullPlayingStrategy.java. Using fallback presentation compiler.
2025.10.07 09:25:51 INFO  no build target found for C:\Users\panlu\Documents\Cours\M1_Mod_Archi_Patrons_Concep\app\src\main\java\org\example\tds\td3\Version.java. Using fallback presentation compiler.
2025.10.07 09:25:51 INFO  no build target found for C:\Users\panlu\Documents\Cours\M1_Mod_Archi_Patrons_Concep\app\src\main\java\org\example\tds\td3\Version.java. Using fallback presentation compiler.
2025.10.07 09:25:51 INFO  no build target found for C:\Users\panlu\Documents\Cours\M1_Mod_Archi_Patrons_Concep\app\src\main\java\org\example\tds\td3\Version.java. Using fallback presentation compiler.
2025.10.07 09:25:51 INFO  no build target found for C:\Users\panlu\Documents\Cours\M1_Mod_Archi_Patrons_Concep\app\src\main\java\org\example\tds\td3\Version.java. Using fallback presentation compiler.
2025.10.07 09:26:04 INFO  no build target found for C:\Users\panlu\Documents\Cours\M1_Mod_Archi_Patrons_Concep\app\src\main\java\org\example\tds\td3\Version.java. Using fallback presentation compiler.
2025.10.07 09:26:04 INFO  no build target found for C:\Users\panlu\Documents\Cours\M1_Mod_Archi_Patrons_Concep\app\src\main\java\org\example\tds\td3\Version.java. Using fallback presentation compiler.
2025.10.07 09:26:04 INFO  no build target found for C:\Users\panlu\Documents\Cours\M1_Mod_Archi_Patrons_Concep\app\src\main\java\org\example\tds\td3\Version.java. Using fallback presentation compiler.
2025.10.07 09:26:08 INFO  no build target found for C:\Users\panlu\Documents\Cours\M1_Mod_Archi_Patrons_Concep\app\src\main\java\org\example\tds\td3\Version.java. Using fallback presentation compiler.
2025.10.07 09:26:14 INFO  no build target found for C:\Users\panlu\Documents\Cours\M1_Mod_Archi_Patrons_Concep\app\src\main\java\org\example\tds\td3\Version.java. Using fallback presentation compiler.
2025.10.07 09:26:15 INFO  no build target found for C:\Users\panlu\Documents\Cours\M1_Mod_Archi_Patrons_Concep\app\src\main\java\org\example\tds\td3\Version.java. Using fallback presentation compiler.
2025.10.07 09:26:18 INFO  no build target found for C:\Users\panlu\Documents\Cours\M1_Mod_Archi_Patrons_Concep\app\src\main\java\org\example\tds\td3\Version.java. Using fallback presentation compiler.
2025.10.07 09:26:29 INFO  no build target found for C:\Users\panlu\Documents\Cours\M1_Mod_Archi_Patrons_Concep\app\src\main\java\org\example\tds\td3\Version.java. Using fallback presentation compiler.
2025.10.07 09:40:52 INFO  no build target found for C:\Users\panlu\Documents\Cours\M1_Mod_Archi_Patrons_Concep\app\src\main\java\org\example\tds\td3\NullPlayingStrategy.java. Using fallback presentation compiler.
oct. 07, 2025 9:40:52 A.M. org.eclipse.lsp4j.jsonrpc.RemoteEndpoint handleNotification
WARNING: Notification threw an exception: {
  "jsonrpc": "2.0",
  "method": "textDocument/didOpen",
  "params": {
    "textDocument": {
      "uri": "file:///c%3A/Users/panlu/Documents/Cours/M1_Mod_Archi_Patrons_Concep/app/src/main/java/org/example/tds/td3/PlayingStrategy.java",
      "languageId": "java",
      "version": 1,
      "text": "/*******************************************************************************\r\n * Solitaire\r\n * \r\n * Copyright (C) 2025 by Martin P. Robillard\r\n * \r\n * See: https://github.com/prmr/Solitaire\r\n * \r\n * This program is free software: you can redistribute it and/or modify it under\r\n * the terms of the GNU General Public License as published by the Free Software\r\n * Foundation, either version 3 of the License, or (at your option) any later\r\n * version.\r\n * \r\n * This program is distributed in the hope that it will be useful, but WITHOUT\r\n * ANY WARRANTY; without even the implied warranty of MERCHANTABILITY or FITNESS\r\n * FOR A PARTICULAR PURPOSE. See the GNU General Public License for more\r\n * details.\r\n * \r\n * You should have received a copy of the GNU General Public License along with\r\n * this program. If not, see http://www.gnu.org/licenses/.\r\n *******************************************************************************/\r\npackage ca.mcgill.solitaire.auto;\r\n\r\nimport ca.mcgill.solitaire.model.GameModelView;\r\nimport ca.mcgill.solitaire.model.Move;\r\n\r\n/**\r\n * Game-playing behavior. Implementations of this interface are responsible for\r\n * ensuring that the sequence of Move instances returned does not put the game\r\n * in and endless cycle.\r\n */\r\npublic interface PlayingStrategy {\r\n\t/**\r\n\t * Returns a legal move for the game, or the Null move if that is not\r\n\t * possible.\r\n\t * \r\n\t * @param pModel A game model to query.\r\n\t * @return The move computed.\r\n\t */\r\n\tMove getLegalMove(GameModelView pModel);\r\n}\r\n"
    }
  }
}
java.lang.IllegalStateException: An unexpected exception occurred while executing jsonrpc method public abstract java.util.concurrent.CompletableFuture scala.meta.metals.lsp.TextDocumentService.didOpen(org.eclipse.lsp4j.DidOpenTextDocumentParams)
	at org.eclipse.lsp4j.jsonrpc.services.GenericEndpoint.lambda$recursiveFindRpcMethods$0(GenericEndpoint.java:73)
	at org.eclipse.lsp4j.jsonrpc.services.GenericEndpoint.notify(GenericEndpoint.java:160)
	at org.eclipse.lsp4j.jsonrpc.RemoteEndpoint.handleNotification(RemoteEndpoint.java:231)
	at org.eclipse.lsp4j.jsonrpc.RemoteEndpoint.consume(RemoteEndpoint.java:198)
	at org.eclipse.lsp4j.jsonrpc.json.StreamMessageProducer.handleMessage(StreamMessageProducer.java:185)
	at org.eclipse.lsp4j.jsonrpc.json.StreamMessageProducer.listen(StreamMessageProducer.java:97)
	at org.eclipse.lsp4j.jsonrpc.json.ConcurrentMessageProcessor.run(ConcurrentMessageProcessor.java:114)
	at java.base/java.util.concurrent.Executors$RunnableAdapter.call(Executors.java:545)
	at java.base/java.util.concurrent.FutureTask.run(FutureTask.java:328)
	at java.base/java.util.concurrent.ThreadPoolExecutor.runWorker(ThreadPoolExecutor.java:1095)
	at java.base/java.util.concurrent.ThreadPoolExecutor$Worker.run(ThreadPoolExecutor.java:619)
	at java.base/java.lang.Thread.run(Thread.java:1447)
Caused by: java.nio.file.NoSuchFileException: c:\Users\panlu\Documents\Cours\M1_Mod_Archi_Patrons_Concep\app\src\main\java\org\example\tds\td3\PlayingStrategy.java
	at java.base/sun.nio.fs.WindowsException.translateToIOException(WindowsException.java:85)
	at java.base/sun.nio.fs.WindowsException.rethrowAsIOException(WindowsException.java:103)
	at java.base/sun.nio.fs.WindowsException.rethrowAsIOException(WindowsException.java:108)
	at java.base/sun.nio.fs.WindowsFileSystemProvider.newByteChannel(WindowsFileSystemProvider.java:231)
	at java.base/java.nio.file.Files.newByteChannel(Files.java:357)
	at java.base/java.nio.file.Files.newByteChannel(Files.java:399)
	at java.base/java.nio.file.Files.readAllBytes(Files.java:2970)
	at scala.meta.internal.io.PlatformFileIO$.slurp(PlatformFileIO.scala:42)
	at scala.meta.internal.io.FileIO$.slurp(FileIO.scala:18)
	at scala.meta.internal.metals.MetalsLspService.didOpen(MetalsLspService.scala:743)
	at scala.meta.internal.metals.WorkspaceLspService.didOpen(WorkspaceLspService.scala:469)
	at scala.meta.metals.lsp.DelegatingScalaService.didOpen(DelegatingScalaService.scala:38)
	at java.base/jdk.internal.reflect.DirectMethodHandleAccessor.invoke(DirectMethodHandleAccessor.java:104)
	at java.base/java.lang.reflect.Method.invoke(Method.java:565)
	at org.eclipse.lsp4j.jsonrpc.services.GenericEndpoint.lambda$recursiveFindRpcMethods$0(GenericEndpoint.java:65)
	... 11 more

2025.10.07 09:40:52 INFO  no build target found for c:\Users\panlu\Documents\Cours\M1_Mod_Archi_Patrons_Concep\app\src\main\java\org\example\tds\td3\PlayingStrategy.java. Using fallback presentation compiler.
2025.10.07 09:40:52 INFO  no build target found for c:\Users\panlu\Documents\Cours\M1_Mod_Archi_Patrons_Concep\app\src\main\java\org\example\tds\td3\PlayingStrategy.java. Using fallback presentation compiler.
2025.10.07 09:40:53 INFO  no build target found for C:\Users\panlu\Documents\Cours\M1_Mod_Archi_Patrons_Concep\app\src\main\java\org\example\tds\td3\NullPlayingStrategy.java. Using fallback presentation compiler.
2025.10.07 09:40:53 WARN  no build target for: C:\Users\panlu\Documents\Cours\M1_Mod_Archi_Patrons_Concep\app\src\main\java\org\example\tds\td3\NullPlayingStrategy.java
2025.10.07 09:40:54 WARN  no build target for: C:\Users\panlu\Documents\Cours\M1_Mod_Archi_Patrons_Concep\app\src\main\java\org\example\tds\td3\analyse_de_code\PlayingStrategy.java
2025.10.07 09:40:58 INFO  no build target found for C:\Users\panlu\Documents\Cours\M1_Mod_Archi_Patrons_Concep\app\src\main\java\org\example\tds\td3\NullPlayingStrategy.java. Using fallback presentation compiler.
2025.10.07 09:40:58 INFO  Report absolute-path: ### java.nio.file.NoSuchFileException: c:\Users\panlu\Documents\Cours\M1_Mod_Archi_Patrons_Concep\app\src\main\java\org\example\tds\td3\NullPlayingStrategy.java

Uri: file:///c%3A/Users/panlu/Documents/Cours/M1_Mod_Archi_Patrons_Concep/app/src/main/java/org/example/tds/td3/NullPlayingStrategy.java


#### Error stacktrace:

```
java.base/sun.nio.fs.WindowsException.translateToIOException(WindowsException.java:85)
	java.base/sun.nio.fs.WindowsException.rethrowAsIOException(WindowsException.java:96)
	java.base/sun.nio.fs.WindowsLinkSupport.getRealPath(WindowsLinkSupport.java:280)
	java.base/sun.nio.fs.WindowsPath.toRealPath(WindowsPath.java:907)
	java.base/sun.nio.fs.WindowsPath.toRealPath(WindowsPath.java:42)
	scala.meta.internal.mtags.ScalametaCommonEnrichments$XtensionAbsolutePath.dealias(ScalametaCommonEnrichments.scala:364)
	scala.meta.internal.mtags.MtagsEnrichments$XtensionURIMtags.toAbsolutePath(MtagsEnrichments.scala:132)
	scala.meta.internal.mtags.MtagsEnrichments$XtensionStringMtags.toAbsolutePath(MtagsEnrichments.scala:190)
	scala.meta.internal.metals.MetalsEnrichments$XtensionString.toAbsolutePath(MetalsEnrichments.scala:787)
	scala.meta.internal.metals.MetalsEnrichments$XtensionString.toAbsolutePath(MetalsEnrichments.scala:784)
	scala.meta.internal.metals.MetalsEnrichments$XtensionString.toAbsolutePathSafe(MetalsEnrichments.scala:768)
	scala.meta.internal.metals.WorkspaceLspService.getServiceForOpt(WorkspaceLspService.scala:351)
	scala.meta.internal.metals.WorkspaceLspService.getServiceFor(WorkspaceLspService.scala:360)
	scala.meta.internal.metals.WorkspaceLspService.didClose(WorkspaceLspService.scala:493)
	scala.meta.metals.lsp.DelegatingScalaService.didClose(DelegatingScalaService.scala:49)
	java.base/jdk.internal.reflect.DirectMethodHandleAccessor.invoke(DirectMethodHandleAccessor.java:104)
	java.base/java.lang.reflect.Method.invoke(Method.java:565)
	org.eclipse.lsp4j.jsonrpc.services.GenericEndpoint.lambda$recursiveFindRpcMethods$0(GenericEndpoint.java:65)
	org.eclipse.lsp4j.jsonrpc.services.GenericEndpoint.notify(GenericEndpoint.java:160)
	org.eclipse.lsp4j.jsonrpc.RemoteEndpoint.handleNotification(RemoteEndpoint.java:231)
	org.eclipse.lsp4j.jsonrpc.RemoteEndpoint.consume(RemoteEndpoint.java:198)
	org.eclipse.lsp4j.jsonrpc.json.StreamMessageProducer.handleMessage(StreamMessageProducer.java:185)
	org.eclipse.lsp4j.jsonrpc.json.StreamMessageProducer.listen(StreamMessageProducer.java:97)
	org.eclipse.lsp4j.jsonrpc.json.ConcurrentMessageProcessor.run(ConcurrentMessageProcessor.java:114)
	java.base/java.util.concurrent.Executors$RunnableAdapter.call(Executors.java:545)
	java.base/java.util.concurrent.FutureTask.run(FutureTask.java:328)
	java.base/java.util.concurrent.ThreadPoolExecutor.runWorker(ThreadPoolExecutor.java:1095)
	java.base/java.util.concurrent.ThreadPoolExecutor$Worker.run(ThreadPoolExecutor.java:619)
	java.base/java.lang.Thread.run(Thread.java:1447)
```

2025.10.07 09:40:58 INFO  no build target found for c:\Users\panlu\Documents\Cours\M1_Mod_Archi_Patrons_Concep\app\src\main\java\org\example\tds\td3\NullPlayingStrategy.java. Using fallback presentation compiler.
2025.10.07 09:40:59 WARN  no build target for: C:\Users\panlu\Documents\Cours\M1_Mod_Archi_Patrons_Concep\app\src\main\java\org\example\tds\td3\analyse_de_code\NullPlayingStrategy.java
2025.10.07 09:41:02 INFO  no build target found for c:\Users\panlu\Documents\Cours\M1_Mod_Archi_Patrons_Concep\app\src\main\java\org\example\tds\td3\Version.java. Using fallback presentation compiler.
2025.10.07 09:41:02 INFO  no build target found for c:\Users\panlu\Documents\Cours\M1_Mod_Archi_Patrons_Concep\app\src\main\java\org\example\tds\td3\Version.java. Using fallback presentation compiler.
2025.10.07 09:41:03 WARN  no build target for: C:\Users\panlu\Documents\Cours\M1_Mod_Archi_Patrons_Concep\app\src\main\java\org\example\tds\td3\analyse_de_code\Version.java
2025.10.07 09:43:31 INFO  no build target found for C:\Users\panlu\Documents\Cours\M1_Mod_Archi_Patrons_Concep\app\src\main\java\org\example\tds\td3\analyse_de_code\GreedyPlayingStrategy.java. Using fallback presentation compiler.
2025.10.07 09:45:09 INFO  no build target found for C:\Users\panlu\Documents\Cours\M1_Mod_Archi_Patrons_Concep\app\src\main\java\org\example\tds\td3\analyse_de_code\CardStack.java. Using fallback presentation compiler.
2025.10.07 09:45:39 INFO  no build target found for C:\Users\panlu\Documents\Cours\M1_Mod_Archi_Patrons_Concep\app\src\main\java\org\example\cards\cours4\metier\api\ICard.java. Using fallback presentation compiler.
2025.10.07 09:45:39 INFO  no build target found for C:\Users\panlu\Documents\Cours\M1_Mod_Archi_Patrons_Concep\app\src\main\java\org\example\cards\cours4\metier\api\ICard.java. Using fallback presentation compiler.
2025.10.07 09:45:39 INFO  no build target found for C:\Users\panlu\Documents\Cours\M1_Mod_Archi_Patrons_Concep\app\src\main\java\org\example\cards\cours4\metier\api\ICard.java. Using fallback presentation compiler.
2025.10.07 09:45:41 INFO  no build target found for C:\Users\panlu\Documents\Cours\M1_Mod_Archi_Patrons_Concep\app\src\main\java\org\example\cards\cours4\metier\api\ICard.java. Using fallback presentation compiler.
2025.10.07 09:45:49 INFO  no build target found for C:\Users\panlu\Documents\Cours\M1_Mod_Archi_Patrons_Concep\app\src\main\java\org\example\cards\cours4\metier\api\ICard.java. Using fallback presentation compiler.
2025.10.07 09:45:49 INFO  no build target found for C:\Users\panlu\Documents\Cours\M1_Mod_Archi_Patrons_Concep\app\src\main\java\org\example\cards\cours4\metier\impl\Card.java. Using fallback presentation compiler.
2025.10.07 09:45:49 INFO  no build target found for C:\Users\panlu\Documents\Cours\M1_Mod_Archi_Patrons_Concep\app\src\main\java\org\example\cards\cours4\metier\impl\Card.java. Using fallback presentation compiler.
2025.10.07 09:45:49 INFO  no build target found for C:\Users\panlu\Documents\Cours\M1_Mod_Archi_Patrons_Concep\app\src\main\java\org\example\cards\cours4\metier\impl\Card.java. Using fallback presentation compiler.
2025.10.07 09:45:49 INFO  no build target found for C:\Users\panlu\Documents\Cours\M1_Mod_Archi_Patrons_Concep\app\src\main\java\org\example\cards\cours4\metier\impl\Card.java. Using fallback presentation compiler.
2025.10.07 09:45:50 INFO  no build target found for C:\Users\panlu\Documents\Cours\M1_Mod_Archi_Patrons_Concep\app\src\main\java\org\example\cards\cours4\metier\impl\Card.java. Using fallback presentation compiler.
2025.10.07 09:45:51 INFO  no build target found for C:\Users\panlu\Documents\Cours\M1_Mod_Archi_Patrons_Concep\app\src\main\java\org\example\cards\cours4\metier\impl\Card.java. Using fallback presentation compiler.
2025.10.07 09:46:35 INFO  no build target found for C:\Users\panlu\Documents\Cours\M1_Mod_Archi_Patrons_Concep\app\src\main\java\org\example\cards\cours4\metier\impl\Card.java. Using fallback presentation compiler.
2025.10.07 09:46:35 INFO  no build target found for C:\Users\panlu\Documents\Cours\M1_Mod_Archi_Patrons_Concep\app\src\test\java\org\example\cours4\ICardTest.java. Using fallback presentation compiler.
2025.10.07 09:46:35 INFO  no build target found for C:\Users\panlu\Documents\Cours\M1_Mod_Archi_Patrons_Concep\app\src\test\java\org\example\cours4\ICardTest.java. Using fallback presentation compiler.
2025.10.07 09:46:35 INFO  no build target found for C:\Users\panlu\Documents\Cours\M1_Mod_Archi_Patrons_Concep\app\src\test\java\org\example\cours4\ICardTest.java. Using fallback presentation compiler.
2025.10.07 09:46:35 INFO  no build target found for C:\Users\panlu\Documents\Cours\M1_Mod_Archi_Patrons_Concep\app\src\test\java\org\example\cours4\ICardTest.java. Using fallback presentation compiler.
2025.10.07 09:46:36 INFO  no build target found for C:\Users\panlu\Documents\Cours\M1_Mod_Archi_Patrons_Concep\app\src\test\java\org\example\cours4\ICardTest.java. Using fallback presentation compiler.
2025.10.07 09:46:40 INFO  no build target found for C:\Users\panlu\Documents\Cours\M1_Mod_Archi_Patrons_Concep\app\src\test\java\org\example\cours4\ICardTest.java. Using fallback presentation compiler.
2025.10.07 09:46:40 INFO  no build target found for C:\Users\panlu\Documents\Cours\M1_Mod_Archi_Patrons_Concep\app\src\test\java\org\example\cours4\CardTest.java. Using fallback presentation compiler.
2025.10.07 09:46:40 INFO  no build target found for C:\Users\panlu\Documents\Cours\M1_Mod_Archi_Patrons_Concep\app\src\test\java\org\example\cours4\CardTest.java. Using fallback presentation compiler.
2025.10.07 09:46:40 INFO  no build target found for C:\Users\panlu\Documents\Cours\M1_Mod_Archi_Patrons_Concep\app\src\test\java\org\example\cours4\CardTest.java. Using fallback presentation compiler.
2025.10.07 09:46:40 INFO  no build target found for C:\Users\panlu\Documents\Cours\M1_Mod_Archi_Patrons_Concep\app\src\test\java\org\example\cours4\CardTest.java. Using fallback presentation compiler.
2025.10.07 09:46:48 INFO  no build target found for C:\Users\panlu\Documents\Cours\M1_Mod_Archi_Patrons_Concep\app\src\test\java\org\example\cours4\CardTest.java. Using fallback presentation compiler.
2025.10.07 09:46:48 INFO  no build target found for C:\Users\panlu\Documents\Cours\M1_Mod_Archi_Patrons_Concep\app\src\test\java\org\example\cours4\CardTest.java. Using fallback presentation compiler.
2025.10.07 09:46:49 INFO  no build target found for C:\Users\panlu\Documents\Cours\M1_Mod_Archi_Patrons_Concep\app\src\test\java\org\example\cours4\CardTest.java. Using fallback presentation compiler.
2025.10.07 09:46:49 INFO  no build target found for C:\Users\panlu\Documents\Cours\M1_Mod_Archi_Patrons_Concep\app\src\test\java\org\example\cours4\CardTest.java. Using fallback presentation compiler.
2025.10.07 09:46:49 INFO  no build target found for C:\Users\panlu\Documents\Cours\M1_Mod_Archi_Patrons_Concep\app\src\test\java\org\example\cours4\CardTest.java. Using fallback presentation compiler.
2025.10.07 09:46:49 INFO  no build target found for C:\Users\panlu\Documents\Cours\M1_Mod_Archi_Patrons_Concep\app\src\test\java\org\example\cours4\CardTest.java. Using fallback presentation compiler.
2025.10.07 09:46:51 INFO  no build target found for C:\Users\panlu\Documents\Cours\M1_Mod_Archi_Patrons_Concep\app\src\test\java\org\example\cours4\CardTest.java. Using fallback presentation compiler.
2025.10.07 09:46:51 INFO  no build target found for C:\Users\panlu\Documents\Cours\M1_Mod_Archi_Patrons_Concep\app\src\test\java\org\example\cours4\CardTest.java. Using fallback presentation compiler.
2025.10.07 09:46:52 INFO  no build target found for C:\Users\panlu\Documents\Cours\M1_Mod_Archi_Patrons_Concep\app\src\test\java\org\example\cours4\CardTest.java. Using fallback presentation compiler.
2025.10.07 09:46:55 INFO  no build target found for C:\Users\panlu\Documents\Cours\M1_Mod_Archi_Patrons_Concep\app\src\test\java\org\example\cours4\CardTest.java. Using fallback presentation compiler.
2025.10.07 09:46:55 INFO  no build target found for C:\Users\panlu\Documents\Cours\M1_Mod_Archi_Patrons_Concep\app\src\test\java\org\example\cours4\CardTest.java. Using fallback presentation compiler.
2025.10.07 09:47:07 INFO  no build target found for C:\Users\panlu\Documents\Cours\M1_Mod_Archi_Patrons_Concep\app\src\test\java\org\example\cours4\CardTest.java. Using fallback presentation compiler.
2025.10.07 09:47:07 INFO  no build target found for C:\Users\panlu\Documents\Cours\M1_Mod_Archi_Patrons_Concep\app\src\test\java\org\example\cours4\CardTest.java. Using fallback presentation compiler.
oct. 07, 2025 9:47:07 A.M. org.eclipse.lsp4j.jsonrpc.RemoteEndpoint handleCancellation
WARNING: Unmatched cancel notification for request id 308
2025.10.07 09:47:07 INFO  no build target found for C:\Users\panlu\Documents\Cours\M1_Mod_Archi_Patrons_Concep\app\src\test\java\org\example\cours4\CardTest.java. Using fallback presentation compiler.
oct. 07, 2025 9:47:07 A.M. org.eclipse.lsp4j.jsonrpc.RemoteEndpoint handleCancellation
WARNING: Unmatched cancel notification for request id 309
2025.10.07 09:47:07 INFO  no build target found for C:\Users\panlu\Documents\Cours\M1_Mod_Archi_Patrons_Concep\app\src\test\java\org\example\cours4\CardTest.java. Using fallback presentation compiler.
2025.10.07 09:47:07 INFO  no build target found for C:\Users\panlu\Documents\Cours\M1_Mod_Archi_Patrons_Concep\app\src\test\java\org\example\cours4\CardTest.java. Using fallback presentation compiler.
2025.10.07 09:47:07 INFO  no build target found for C:\Users\panlu\Documents\Cours\M1_Mod_Archi_Patrons_Concep\app\src\test\java\org\example\cours4\CardTest.java. Using fallback presentation compiler.
2025.10.07 09:47:07 INFO  no build target found for C:\Users\panlu\Documents\Cours\M1_Mod_Archi_Patrons_Concep\app\src\test\java\org\example\cours4\CardTest.java. Using fallback presentation compiler.
2025.10.07 09:47:07 INFO  no build target found for C:\Users\panlu\Documents\Cours\M1_Mod_Archi_Patrons_Concep\app\src\test\java\org\example\cours4\CardTest.java. Using fallback presentation compiler.
2025.10.07 09:47:07 INFO  no build target found for C:\Users\panlu\Documents\Cours\M1_Mod_Archi_Patrons_Concep\app\src\test\java\org\example\cours4\CardTest.java. Using fallback presentation compiler.
2025.10.07 09:47:07 INFO  no build target found for C:\Users\panlu\Documents\Cours\M1_Mod_Archi_Patrons_Concep\app\src\test\java\org\example\cours4\CardTest.java. Using fallback presentation compiler.
2025.10.07 09:47:07 INFO  no build target found for C:\Users\panlu\Documents\Cours\M1_Mod_Archi_Patrons_Concep\app\src\test\java\org\example\cours4\CardTest.java. Using fallback presentation compiler.
2025.10.07 09:47:07 INFO  no build target found for C:\Users\panlu\Documents\Cours\M1_Mod_Archi_Patrons_Concep\app\src\test\java\org\example\cours4\CardTest.java. Using fallback presentation compiler.
2025.10.07 09:47:08 INFO  no build target found for C:\Users\panlu\Documents\Cours\M1_Mod_Archi_Patrons_Concep\app\src\test\java\org\example\cours4\CardTest.java. Using fallback presentation compiler.
2025.10.07 09:47:08 INFO  no build target found for C:\Users\panlu\Documents\Cours\M1_Mod_Archi_Patrons_Concep\app\src\test\java\org\example\cours4\CardTest.java. Using fallback presentation compiler.
2025.10.07 09:47:09 WARN  no build target for: C:\Users\panlu\Documents\Cours\M1_Mod_Archi_Patrons_Concep\app\src\test\java\org\example\cours4\CardTest.java
2025.10.07 09:47:09 INFO  no build target found for C:\Users\panlu\Documents\Cours\M1_Mod_Archi_Patrons_Concep\app\src\test\java\org\example\cours4\CardTest.java. Using fallback presentation compiler.
2025.10.07 09:47:09 INFO  no build target found for C:\Users\panlu\Documents\Cours\M1_Mod_Archi_Patrons_Concep\app\src\test\java\org\example\cours4\CardTest.java. Using fallback presentation compiler.
2025.10.07 09:47:09 INFO  no build target found for C:\Users\panlu\Documents\Cours\M1_Mod_Archi_Patrons_Concep\app\src\test\java\org\example\cours4\CardTest.java. Using fallback presentation compiler.
2025.10.07 09:47:10 INFO  no build target found for C:\Users\panlu\Documents\Cours\M1_Mod_Archi_Patrons_Concep\app\src\test\java\org\example\cours4\CardTest.java. Using fallback presentation compiler.
2025.10.07 09:47:09 INFO  no build target found for C:\Users\panlu\Documents\Cours\M1_Mod_Archi_Patrons_Concep\app\src\test\java\org\example\cours4\CardTest.java. Using fallback presentation compiler.
2025.10.07 09:47:09 INFO  no build target found for C:\Users\panlu\Documents\Cours\M1_Mod_Archi_Patrons_Concep\app\src\test\java\org\example\cours4\CardTest.java. Using fallback presentation compiler.
2025.10.07 09:47:11 INFO  no build target found for C:\Users\panlu\Documents\Cours\M1_Mod_Archi_Patrons_Concep\app\src\test\java\org\example\cours4\CardTest.java. Using fallback presentation compiler.
2025.10.07 09:47:11 INFO  no build target found for C:\Users\panlu\Documents\Cours\M1_Mod_Archi_Patrons_Concep\app\src\test\java\org\example\cours4\CardTest.java. Using fallback presentation compiler.
2025.10.07 09:47:11 WARN  no build target for: C:\Users\panlu\Documents\Cours\M1_Mod_Archi_Patrons_Concep\app\src\test\java\org\example\cours4\CardTest.java
2025.10.07 09:47:11 INFO  no build target found for C:\Users\panlu\Documents\Cours\M1_Mod_Archi_Patrons_Concep\app\src\test\java\org\example\cours4\CardTest.java. Using fallback presentation compiler.
2025.10.07 09:47:17 INFO  no build target found for C:\Users\panlu\Documents\Cours\M1_Mod_Archi_Patrons_Concep\app\src\test\java\org\example\cours4\CardTest.java. Using fallback presentation compiler.
2025.10.07 09:47:22 INFO  no build target found for C:\Users\panlu\Documents\Cours\M1_Mod_Archi_Patrons_Concep\app\src\test\java\org\example\cours4\CardTest.java. Using fallback presentation compiler.
2025.10.07 09:47:22 INFO  no build target found for C:\Users\panlu\Documents\Cours\M1_Mod_Archi_Patrons_Concep\app\src\test\java\org\example\cours4\CardTest.java. Using fallback presentation compiler.
2025.10.07 09:47:28 INFO  no build target found for C:\Users\panlu\Documents\Cours\M1_Mod_Archi_Patrons_Concep\app\src\test\java\org\example\cours4\ICardTest.java. Using fallback presentation compiler.
2025.10.07 09:47:28 INFO  no build target found for C:\Users\panlu\Documents\Cours\M1_Mod_Archi_Patrons_Concep\app\src\test\java\org\example\cours4\ICardTest.java. Using fallback presentation compiler.
2025.10.07 09:47:28 INFO  no build target found for C:\Users\panlu\Documents\Cours\M1_Mod_Archi_Patrons_Concep\app\src\test\java\org\example\cours4\ICardTest.java. Using fallback presentation compiler.
2025.10.07 09:47:28 INFO  no build target found for C:\Users\panlu\Documents\Cours\M1_Mod_Archi_Patrons_Concep\app\src\test\java\org\example\cours4\ICardTest.java. Using fallback presentation compiler.
2025.10.07 09:47:35 INFO  no build target found for C:\Users\panlu\Documents\Cours\M1_Mod_Archi_Patrons_Concep\app\src\test\java\org\example\cours4\ICardTest.java. Using fallback presentation compiler.
2025.10.07 09:47:40 INFO  no build target found for C:\Users\panlu\Documents\Cours\M1_Mod_Archi_Patrons_Concep\app\src\test\java\org\example\cours4\ICardTest.java. Using fallback presentation compiler.
2025.10.07 09:47:40 INFO  no build target found for C:\Users\panlu\Documents\Cours\M1_Mod_Archi_Patrons_Concep\app\src\test\java\org\example\cours4\ICardTest.java. Using fallback presentation compiler.
2025.10.07 09:47:40 INFO  no build target found for C:\Users\panlu\Documents\Cours\M1_Mod_Archi_Patrons_Concep\app\src\test\java\org\example\cours4\ICardTest.java. Using fallback presentation compiler.
2025.10.07 09:47:41 WARN  no build target for: C:\Users\panlu\Documents\Cours\M1_Mod_Archi_Patrons_Concep\app\src\test\java\org\example\cours4\ICardTest.java
2025.10.07 09:47:41 INFO  no build target found for C:\Users\panlu\Documents\Cours\M1_Mod_Archi_Patrons_Concep\app\src\test\java\org\example\cours4\ICardTest.java. Using fallback presentation compiler.
2025.10.07 09:47:44 INFO  no build target found for C:\Users\panlu\Documents\Cours\M1_Mod_Archi_Patrons_Concep\app\src\test\java\org\example\cours4\ICardTest.java. Using fallback presentation compiler.
2025.10.07 09:47:44 INFO  no build target found for C:\Users\panlu\Documents\Cours\M1_Mod_Archi_Patrons_Concep\app\src\test\java\org\example\cours4\ICardTest.java. Using fallback presentation compiler.
2025.10.07 09:47:44 INFO  no build target found for C:\Users\panlu\Documents\Cours\M1_Mod_Archi_Patrons_Concep\app\src\test\java\org\example\cours4\ICardTest.java. Using fallback presentation compiler.
2025.10.07 09:47:45 INFO  no build target found for C:\Users\panlu\Documents\Cours\M1_Mod_Archi_Patrons_Concep\app\src\test\java\org\example\cours4\ICardTest.java. Using fallback presentation compiler.
2025.10.07 09:47:45 INFO  no build target found for C:\Users\panlu\Documents\Cours\M1_Mod_Archi_Patrons_Concep\app\src\test\java\org\example\cours4\ICardTest.java. Using fallback presentation compiler.
2025.10.07 09:47:45 INFO  no build target found for C:\Users\panlu\Documents\Cours\M1_Mod_Archi_Patrons_Concep\app\src\test\java\org\example\cours4\ICardTest.java. Using fallback presentation compiler.
2025.10.07 09:47:51 INFO  no build target found for C:\Users\panlu\Documents\Cours\M1_Mod_Archi_Patrons_Concep\app\src\test\java\org\example\cours4\ICardTest.java. Using fallback presentation compiler.
2025.10.07 09:47:53 INFO  no build target found for C:\Users\panlu\Documents\Cours\M1_Mod_Archi_Patrons_Concep\app\src\test\java\org\example\cours4\ICardTest.java. Using fallback presentation compiler.
2025.10.07 09:47:55 INFO  no build target found for C:\Users\panlu\Documents\Cours\M1_Mod_Archi_Patrons_Concep\app\src\test\java\org\example\cours4\ICardTest.java. Using fallback presentation compiler.
2025.10.07 09:47:55 INFO  no build target found for C:\Users\panlu\Documents\Cours\M1_Mod_Archi_Patrons_Concep\app\src\test\java\org\example\cours4\ICardTest.java. Using fallback presentation compiler.
2025.10.07 09:47:55 INFO  no build target found for C:\Users\panlu\Documents\Cours\M1_Mod_Archi_Patrons_Concep\app\src\test\java\org\example\cours4\ICardTest.java. Using fallback presentation compiler.
2025.10.07 09:47:55 INFO  no build target found for C:\Users\panlu\Documents\Cours\M1_Mod_Archi_Patrons_Concep\app\src\test\java\org\example\cours4\ICardTest.java. Using fallback presentation compiler.
2025.10.07 09:47:55 INFO  no build target found for C:\Users\panlu\Documents\Cours\M1_Mod_Archi_Patrons_Concep\app\src\test\java\org\example\cours4\ICardTest.java. Using fallback presentation compiler.
2025.10.07 09:47:55 INFO  no build target found for C:\Users\panlu\Documents\Cours\M1_Mod_Archi_Patrons_Concep\app\src\test\java\org\example\cours4\ICardTest.java. Using fallback presentation compiler.
2025.10.07 09:47:55 INFO  no build target found for C:\Users\panlu\Documents\Cours\M1_Mod_Archi_Patrons_Concep\app\src\test\java\org\example\cours4\ICardTest.java. Using fallback presentation compiler.
2025.10.07 09:47:55 INFO  no build target found for C:\Users\panlu\Documents\Cours\M1_Mod_Archi_Patrons_Concep\app\src\test\java\org\example\cours4\ICardTest.java. Using fallback presentation compiler.
2025.10.07 09:47:55 INFO  no build target found for C:\Users\panlu\Documents\Cours\M1_Mod_Archi_Patrons_Concep\app\src\test\java\org\example\cours4\ICardTest.java. Using fallback presentation compiler.
2025.10.07 09:47:55 INFO  no build target found for C:\Users\panlu\Documents\Cours\M1_Mod_Archi_Patrons_Concep\app\src\test\java\org\example\cours4\ICardTest.java. Using fallback presentation compiler.
oct. 07, 2025 9:47:55 A.M. org.eclipse.lsp4j.jsonrpc.RemoteEndpoint handleCancellation
WARNING: Unmatched cancel notification for request id 536
2025.10.07 09:47:55 INFO  no build target found for C:\Users\panlu\Documents\Cours\M1_Mod_Archi_Patrons_Concep\app\src\test\java\org\example\cours4\ICardTest.java. Using fallback presentation compiler.
2025.10.07 09:47:55 INFO  no build target found for C:\Users\panlu\Documents\Cours\M1_Mod_Archi_Patrons_Concep\app\src\test\java\org\example\cours4\ICardTest.java. Using fallback presentation compiler.
2025.10.07 09:47:55 INFO  no build target found for C:\Users\panlu\Documents\Cours\M1_Mod_Archi_Patrons_Concep\app\src\test\java\org\example\cours4\ICardTest.java. Using fallback presentation compiler.
2025.10.07 09:47:55 INFO  no build target found for C:\Users\panlu\Documents\Cours\M1_Mod_Archi_Patrons_Concep\app\src\test\java\org\example\cours4\ICardTest.java. Using fallback presentation compiler.
2025.10.07 09:47:55 INFO  no build target found for C:\Users\panlu\Documents\Cours\M1_Mod_Archi_Patrons_Concep\app\src\test\java\org\example\cours4\ICardTest.java. Using fallback presentation compiler.
2025.10.07 09:47:55 INFO  no build target found for C:\Users\panlu\Documents\Cours\M1_Mod_Archi_Patrons_Concep\app\src\test\java\org\example\cours4\ICardTest.java. Using fallback presentation compiler.
2025.10.07 09:47:55 INFO  no build target found for C:\Users\panlu\Documents\Cours\M1_Mod_Archi_Patrons_Concep\app\src\test\java\org\example\cours4\ICardTest.java. Using fallback presentation compiler.
2025.10.07 09:47:55 INFO  no build target found for C:\Users\panlu\Documents\Cours\M1_Mod_Archi_Patrons_Concep\app\src\test\java\org\example\cours4\ICardTest.java. Using fallback presentation compiler.
oct. 07, 2025 9:47:56 A.M. org.eclipse.lsp4j.jsonrpc.RemoteEndpoint handleCancellation
WARNING: Unmatched cancel notification for request id 545
2025.10.07 09:47:55 INFO  no build target found for C:\Users\panlu\Documents\Cours\M1_Mod_Archi_Patrons_Concep\app\src\test\java\org\example\cours4\ICardTest.java. Using fallback presentation compiler.
2025.10.07 09:47:55 INFO  no build target found for C:\Users\panlu\Documents\Cours\M1_Mod_Archi_Patrons_Concep\app\src\test\java\org\example\cours4\ICardTest.java. Using fallback presentation compiler.
2025.10.07 09:47:55 INFO  no build target found for C:\Users\panlu\Documents\Cours\M1_Mod_Archi_Patrons_Concep\app\src\test\java\org\example\cours4\ICardTest.java. Using fallback presentation compiler.
2025.10.07 09:47:55 INFO  no build target found for C:\Users\panlu\Documents\Cours\M1_Mod_Archi_Patrons_Concep\app\src\test\java\org\example\cours4\ICardTest.java. Using fallback presentation compiler.
oct. 07, 2025 9:47:56 A.M. org.eclipse.lsp4j.jsonrpc.RemoteEndpoint handleCancellation
WARNING: Unmatched cancel notification for request id 549
2025.10.07 09:47:55 INFO  no build target found for C:\Users\panlu\Documents\Cours\M1_Mod_Archi_Patrons_Concep\app\src\test\java\org\example\cours4\ICardTest.java. Using fallback presentation compiler.
oct. 07, 2025 9:47:56 A.M. org.eclipse.lsp4j.jsonrpc.RemoteEndpoint handleCancellation
WARNING: Unmatched cancel notification for request id 550
2025.10.07 09:47:55 INFO  no build target found for C:\Users\panlu\Documents\Cours\M1_Mod_Archi_Patrons_Concep\app\src\test\java\org\example\cours4\ICardTest.java. Using fallback presentation compiler.
oct. 07, 2025 9:47:56 A.M. org.eclipse.lsp4j.jsonrpc.RemoteEndpoint handleCancellation
WARNING: Unmatched cancel notification for request id 552
2025.10.07 09:47:55 INFO  no build target found for C:\Users\panlu\Documents\Cours\M1_Mod_Archi_Patrons_Concep\app\src\test\java\org\example\cours4\ICardTest.java. Using fallback presentation compiler.
2025.10.07 09:47:55 INFO  no build target found for C:\Users\panlu\Documents\Cours\M1_Mod_Archi_Patrons_Concep\app\src\test\java\org\example\cours4\ICardTest.java. Using fallback presentation compiler.
oct. 07, 2025 9:47:56 A.M. org.eclipse.lsp4j.jsonrpc.RemoteEndpoint handleCancellation
WARNING: Unmatched cancel notification for request id 554
2025.10.07 09:47:55 INFO  no build target found for C:\Users\panlu\Documents\Cours\M1_Mod_Archi_Patrons_Concep\app\src\test\java\org\example\cours4\ICardTest.java. Using fallback presentation compiler.
2025.10.07 09:47:55 INFO  no build target found for C:\Users\panlu\Documents\Cours\M1_Mod_Archi_Patrons_Concep\app\src\test\java\org\example\cours4\ICardTest.java. Using fallback presentation compiler.
2025.10.07 09:47:55 INFO  no build target found for C:\Users\panlu\Documents\Cours\M1_Mod_Archi_Patrons_Concep\app\src\test\java\org\example\cours4\ICardTest.java. Using fallback presentation compiler.
oct. 07, 2025 9:47:56 A.M. org.eclipse.lsp4j.jsonrpc.RemoteEndpoint handleCancellation
WARNING: Unmatched cancel notification for request id 557
2025.10.07 09:47:55 INFO  no build target found for C:\Users\panlu\Documents\Cours\M1_Mod_Archi_Patrons_Concep\app\src\test\java\org\example\cours4\ICardTest.java. Using fallback presentation compiler.
2025.10.07 09:47:56 INFO  no build target found for C:\Users\panlu\Documents\Cours\M1_Mod_Archi_Patrons_Concep\app\src\test\java\org\example\cours4\ICardTest.java. Using fallback presentation compiler.
2025.10.07 09:47:55 INFO  no build target found for C:\Users\panlu\Documents\Cours\M1_Mod_Archi_Patrons_Concep\app\src\test\java\org\example\cours4\ICardTest.java. Using fallback presentation compiler.
oct. 07, 2025 9:47:56 A.M. org.eclipse.lsp4j.jsonrpc.RemoteEndpoint handleCancellation
WARNING: Unmatched cancel notification for request id 560
2025.10.07 09:47:56 INFO  no build target found for C:\Users\panlu\Documents\Cours\M1_Mod_Archi_Patrons_Concep\app\src\test\java\org\example\cours4\ICardTest.java. Using fallback presentation compiler.
oct. 07, 2025 9:47:56 A.M. org.eclipse.lsp4j.jsonrpc.RemoteEndpoint handleCancellation
WARNING: Unmatched cancel notification for request id 561
2025.10.07 09:47:56 INFO  no build target found for C:\Users\panlu\Documents\Cours\M1_Mod_Archi_Patrons_Concep\app\src\test\java\org\example\cours4\ICardTest.java. Using fallback presentation compiler.
oct. 07, 2025 9:47:56 A.M. org.eclipse.lsp4j.jsonrpc.RemoteEndpoint handleCancellation
WARNING: Unmatched cancel notification for request id 562
2025.10.07 09:47:56 INFO  no build target found for C:\Users\panlu\Documents\Cours\M1_Mod_Archi_Patrons_Concep\app\src\test\java\org\example\cours4\ICardTest.java. Using fallback presentation compiler.
2025.10.07 09:47:56 INFO  no build target found for C:\Users\panlu\Documents\Cours\M1_Mod_Archi_Patrons_Concep\app\src\test\java\org\example\cours4\ICardTest.java. Using fallback presentation compiler.
2025.10.07 09:47:56 INFO  no build target found for C:\Users\panlu\Documents\Cours\M1_Mod_Archi_Patrons_Concep\app\src\test\java\org\example\cours4\ICardTest.java. Using fallback presentation compiler.
oct. 07, 2025 9:47:56 A.M. org.eclipse.lsp4j.jsonrpc.RemoteEndpoint handleCancellation
WARNING: Unmatched cancel notification for request id 565
2025.10.07 09:47:56 INFO  no build target found for C:\Users\panlu\Documents\Cours\M1_Mod_Archi_Patrons_Concep\app\src\test\java\org\example\cours4\ICardTest.java. Using fallback presentation compiler.
oct. 07, 2025 9:47:56 A.M. org.eclipse.lsp4j.jsonrpc.RemoteEndpoint handleCancellation
WARNING: Unmatched cancel notification for request id 566
2025.10.07 09:47:56 INFO  no build target found for C:\Users\panlu\Documents\Cours\M1_Mod_Archi_Patrons_Concep\app\src\test\java\org\example\cours4\ICardTest.java. Using fallback presentation compiler.
2025.10.07 09:47:56 INFO  no build target found for C:\Users\panlu\Documents\Cours\M1_Mod_Archi_Patrons_Concep\app\src\test\java\org\example\cours4\ICardTest.java. Using fallback presentation compiler.
oct. 07, 2025 9:47:56 A.M. org.eclipse.lsp4j.jsonrpc.RemoteEndpoint handleCancellation
WARNING: Unmatched cancel notification for request id 567
2025.10.07 09:47:56 INFO  no build target found for C:\Users\panlu\Documents\Cours\M1_Mod_Archi_Patrons_Concep\app\src\test\java\org\example\cours4\ICardTest.java. Using fallback presentation compiler.
2025.10.07 09:47:56 INFO  no build target found for C:\Users\panlu\Documents\Cours\M1_Mod_Archi_Patrons_Concep\app\src\test\java\org\example\cours4\ICardTest.java. Using fallback presentation compiler.
2025.10.07 09:47:56 INFO  no build target found for C:\Users\panlu\Documents\Cours\M1_Mod_Archi_Patrons_Concep\app\src\test\java\org\example\cours4\ICardTest.java. Using fallback presentation compiler.
2025.10.07 09:47:56 INFO  no build target found for C:\Users\panlu\Documents\Cours\M1_Mod_Archi_Patrons_Concep\app\src\test\java\org\example\cours4\ICardTest.java. Using fallback presentation compiler.
2025.10.07 09:47:56 INFO  no build target found for C:\Users\panlu\Documents\Cours\M1_Mod_Archi_Patrons_Concep\app\src\test\java\org\example\cours4\ICardTest.java. Using fallback presentation compiler.
2025.10.07 09:47:56 INFO  no build target found for C:\Users\panlu\Documents\Cours\M1_Mod_Archi_Patrons_Concep\app\src\test\java\org\example\cours4\ICardTest.java. Using fallback presentation compiler.
2025.10.07 09:47:56 INFO  no build target found for C:\Users\panlu\Documents\Cours\M1_Mod_Archi_Patrons_Concep\app\src\test\java\org\example\cours4\ICardTest.java. Using fallback presentation compiler.
oct. 07, 2025 9:47:57 A.M. org.eclipse.lsp4j.jsonrpc.RemoteEndpoint handleCancellation
WARNING: Unmatched cancel notification for request id 575
2025.10.07 09:47:56 INFO  no build target found for C:\Users\panlu\Documents\Cours\M1_Mod_Archi_Patrons_Concep\app\src\test\java\org\example\cours4\ICardTest.java. Using fallback presentation compiler.
oct. 07, 2025 9:47:57 A.M. org.eclipse.lsp4j.jsonrpc.RemoteEndpoint handleCancellation
WARNING: Unmatched cancel notification for request id 576
2025.10.07 09:47:56 INFO  no build target found for C:\Users\panlu\Documents\Cours\M1_Mod_Archi_Patrons_Concep\app\src\test\java\org\example\cours4\ICardTest.java. Using fallback presentation compiler.
oct. 07, 2025 9:47:57 A.M. org.eclipse.lsp4j.jsonrpc.RemoteEndpoint handleCancellation
WARNING: Unmatched cancel notification for request id 577
2025.10.07 09:47:56 INFO  no build target found for C:\Users\panlu\Documents\Cours\M1_Mod_Archi_Patrons_Concep\app\src\test\java\org\example\cours4\ICardTest.java. Using fallback presentation compiler.
2025.10.07 09:47:56 INFO  no build target found for C:\Users\panlu\Documents\Cours\M1_Mod_Archi_Patrons_Concep\app\src\test\java\org\example\cours4\ICardTest.java. Using fallback presentation compiler.
oct. 07, 2025 9:47:57 A.M. org.eclipse.lsp4j.jsonrpc.RemoteEndpoint handleCancellation
WARNING: Unmatched cancel notification for request id 578
2025.10.07 09:47:56 INFO  no build target found for C:\Users\panlu\Documents\Cours\M1_Mod_Archi_Patrons_Concep\app\src\test\java\org\example\cours4\ICardTest.java. Using fallback presentation compiler.
oct. 07, 2025 9:47:57 A.M. org.eclipse.lsp4j.jsonrpc.RemoteEndpoint handleCancellation
WARNING: Unmatched cancel notification for request id 580
2025.10.07 09:47:56 INFO  no build target found for C:\Users\panlu\Documents\Cours\M1_Mod_Archi_Patrons_Concep\app\src\test\java\org\example\cours4\ICardTest.java. Using fallback presentation compiler.
2025.10.07 09:47:56 INFO  no build target found for C:\Users\panlu\Documents\Cours\M1_Mod_Archi_Patrons_Concep\app\src\test\java\org\example\cours4\ICardTest.java. Using fallback presentation compiler.
oct. 07, 2025 9:47:57 A.M. org.eclipse.lsp4j.jsonrpc.RemoteEndpoint handleCancellation
WARNING: Unmatched cancel notification for request id 582
2025.10.07 09:47:56 INFO  no build target found for C:\Users\panlu\Documents\Cours\M1_Mod_Archi_Patrons_Concep\app\src\test\java\org\example\cours4\ICardTest.java. Using fallback presentation compiler.
2025.10.07 09:47:56 INFO  no build target found for C:\Users\panlu\Documents\Cours\M1_Mod_Archi_Patrons_Concep\app\src\test\java\org\example\cours4\ICardTest.java. Using fallback presentation compiler.
2025.10.07 09:47:56 INFO  no build target found for C:\Users\panlu\Documents\Cours\M1_Mod_Archi_Patrons_Concep\app\src\test\java\org\example\cours4\ICardTest.java. Using fallback presentation compiler.
oct. 07, 2025 9:47:57 A.M. org.eclipse.lsp4j.jsonrpc.RemoteEndpoint handleCancellation
WARNING: Unmatched cancel notification for request id 585
2025.10.07 09:47:56 INFO  no build target found for C:\Users\panlu\Documents\Cours\M1_Mod_Archi_Patrons_Concep\app\src\test\java\org\example\cours4\ICardTest.java. Using fallback presentation compiler.
2025.10.07 09:47:56 INFO  no build target found for C:\Users\panlu\Documents\Cours\M1_Mod_Archi_Patrons_Concep\app\src\test\java\org\example\cours4\ICardTest.java. Using fallback presentation compiler.
2025.10.07 09:47:57 INFO  no build target found for C:\Users\panlu\Documents\Cours\M1_Mod_Archi_Patrons_Concep\app\src\test\java\org\example\cours4\ICardTest.java. Using fallback presentation compiler.
2025.10.07 09:47:56 INFO  no build target found for C:\Users\panlu\Documents\Cours\M1_Mod_Archi_Patrons_Concep\app\src\test\java\org\example\cours4\ICardTest.java. Using fallback presentation compiler.
2025.10.07 09:47:56 INFO  no build target found for C:\Users\panlu\Documents\Cours\M1_Mod_Archi_Patrons_Concep\app\src\test\java\org\example\cours4\ICardTest.java. Using fallback presentation compiler.
2025.10.07 09:47:57 INFO  no build target found for C:\Users\panlu\Documents\Cours\M1_Mod_Archi_Patrons_Concep\app\src\test\java\org\example\cours4\ICardTest.java. Using fallback presentation compiler.
2025.10.07 09:47:57 INFO  no build target found for C:\Users\panlu\Documents\Cours\M1_Mod_Archi_Patrons_Concep\app\src\test\java\org\example\cours4\ICardTest.java. Using fallback presentation compiler.
2025.10.07 09:47:57 INFO  no build target found for C:\Users\panlu\Documents\Cours\M1_Mod_Archi_Patrons_Concep\app\src\test\java\org\example\cours4\ICardTest.java. Using fallback presentation compiler.
oct. 07, 2025 9:47:57 A.M. org.eclipse.lsp4j.jsonrpc.RemoteEndpoint handleCancellation
WARNING: Unmatched cancel notification for request id 594
2025.10.07 09:47:57 INFO  no build target found for C:\Users\panlu\Documents\Cours\M1_Mod_Archi_Patrons_Concep\app\src\test\java\org\example\cours4\ICardTest.java. Using fallback presentation compiler.
oct. 07, 2025 9:47:57 A.M. org.eclipse.lsp4j.jsonrpc.RemoteEndpoint handleCancellation
WARNING: Unmatched cancel notification for request id 595
2025.10.07 09:47:57 INFO  no build target found for C:\Users\panlu\Documents\Cours\M1_Mod_Archi_Patrons_Concep\app\src\test\java\org\example\cours4\ICardTest.java. Using fallback presentation compiler.
oct. 07, 2025 9:47:57 A.M. org.eclipse.lsp4j.jsonrpc.RemoteEndpoint handleCancellation
WARNING: Unmatched cancel notification for request id 596
2025.10.07 09:47:57 INFO  no build target found for C:\Users\panlu\Documents\Cours\M1_Mod_Archi_Patrons_Concep\app\src\test\java\org\example\cours4\ICardTest.java. Using fallback presentation compiler.
2025.10.07 09:47:57 INFO  no build target found for C:\Users\panlu\Documents\Cours\M1_Mod_Archi_Patrons_Concep\app\src\test\java\org\example\cours4\ICardTest.java. Using fallback presentation compiler.
oct. 07, 2025 9:47:57 A.M. org.eclipse.lsp4j.jsonrpc.RemoteEndpoint handleCancellation
WARNING: Unmatched cancel notification for request id 598
2025.10.07 09:47:57 INFO  no build target found for C:\Users\panlu\Documents\Cours\M1_Mod_Archi_Patrons_Concep\app\src\test\java\org\example\cours4\ICardTest.java. Using fallback presentation compiler.
2025.10.07 09:47:57 INFO  no build target found for C:\Users\panlu\Documents\Cours\M1_Mod_Archi_Patrons_Concep\app\src\test\java\org\example\cours4\ICardTest.java. Using fallback presentation compiler.
2025.10.07 09:47:57 INFO  no build target found for C:\Users\panlu\Documents\Cours\M1_Mod_Archi_Patrons_Concep\app\src\test\java\org\example\cours4\ICardTest.java. Using fallback presentation compiler.
oct. 07, 2025 9:47:57 A.M. org.eclipse.lsp4j.jsonrpc.RemoteEndpoint handleCancellation
WARNING: Unmatched cancel notification for request id 601
2025.10.07 09:47:57 INFO  no build target found for C:\Users\panlu\Documents\Cours\M1_Mod_Archi_Patrons_Concep\app\src\test\java\org\example\cours4\ICardTest.java. Using fallback presentation compiler.
2025.10.07 09:47:57 INFO  no build target found for C:\Users\panlu\Documents\Cours\M1_Mod_Archi_Patrons_Concep\app\src\test\java\org\example\cours4\ICardTest.java. Using fallback presentation compiler.
2025.10.07 09:47:57 INFO  no build target found for C:\Users\panlu\Documents\Cours\M1_Mod_Archi_Patrons_Concep\app\src\test\java\org\example\cours4\ICardTest.java. Using fallback presentation compiler.
2025.10.07 09:47:57 INFO  no build target found for C:\Users\panlu\Documents\Cours\M1_Mod_Archi_Patrons_Concep\app\src\test\java\org\example\cours4\ICardTest.java. Using fallback presentation compiler.
2025.10.07 09:47:57 INFO  no build target found for C:\Users\panlu\Documents\Cours\M1_Mod_Archi_Patrons_Concep\app\src\test\java\org\example\cours4\ICardTest.java. Using fallback presentation compiler.
oct. 07, 2025 9:47:58 A.M. org.eclipse.lsp4j.jsonrpc.RemoteEndpoint handleCancellation
WARNING: Unmatched cancel notification for request id 606
2025.10.07 09:47:57 INFO  no build target found for C:\Users\panlu\Documents\Cours\M1_Mod_Archi_Patrons_Concep\app\src\test\java\org\example\cours4\ICardTest.java. Using fallback presentation compiler.
2025.10.07 09:47:57 INFO  no build target found for C:\Users\panlu\Documents\Cours\M1_Mod_Archi_Patrons_Concep\app\src\test\java\org\example\cours4\ICardTest.java. Using fallback presentation compiler.
2025.10.07 09:47:57 INFO  no build target found for C:\Users\panlu\Documents\Cours\M1_Mod_Archi_Patrons_Concep\app\src\test\java\org\example\cours4\ICardTest.java. Using fallback presentation compiler.
oct. 07, 2025 9:47:58 A.M. org.eclipse.lsp4j.jsonrpc.RemoteEndpoint handleCancellation
WARNING: Unmatched cancel notification for request id 609
2025.10.07 09:47:57 INFO  no build target found for C:\Users\panlu\Documents\Cours\M1_Mod_Archi_Patrons_Concep\app\src\test\java\org\example\cours4\ICardTest.java. Using fallback presentation compiler.
2025.10.07 09:47:58 INFO  no build target found for C:\Users\panlu\Documents\Cours\M1_Mod_Archi_Patrons_Concep\app\src\test\java\org\example\cours4\ICardTest.java. Using fallback presentation compiler.
2025.10.07 09:47:57 INFO  no build target found for C:\Users\panlu\Documents\Cours\M1_Mod_Archi_Patrons_Concep\app\src\test\java\org\example\cours4\ICardTest.java. Using fallback presentation compiler.
oct. 07, 2025 9:47:58 A.M. org.eclipse.lsp4j.jsonrpc.RemoteEndpoint handleCancellation
WARNING: Unmatched cancel notification for request id 612
2025.10.07 09:47:57 INFO  no build target found for C:\Users\panlu\Documents\Cours\M1_Mod_Archi_Patrons_Concep\app\src\test\java\org\example\cours4\ICardTest.java. Using fallback presentation compiler.
oct. 07, 2025 9:47:58 A.M. org.eclipse.lsp4j.jsonrpc.RemoteEndpoint handleCancellation
WARNING: Unmatched cancel notification for request id 613
2025.10.07 09:47:57 INFO  no build target found for C:\Users\panlu\Documents\Cours\M1_Mod_Archi_Patrons_Concep\app\src\test\java\org\example\cours4\ICardTest.java. Using fallback presentation compiler.
2025.10.07 09:47:57 INFO  no build target found for C:\Users\panlu\Documents\Cours\M1_Mod_Archi_Patrons_Concep\app\src\test\java\org\example\cours4\ICardTest.java. Using fallback presentation compiler.
2025.10.07 09:47:57 INFO  no build target found for C:\Users\panlu\Documents\Cours\M1_Mod_Archi_Patrons_Concep\app\src\test\java\org\example\cours4\ICardTest.java. Using fallback presentation compiler.
oct. 07, 2025 9:47:58 A.M. org.eclipse.lsp4j.jsonrpc.RemoteEndpoint handleCancellation
WARNING: Unmatched cancel notification for request id 616
2025.10.07 09:47:57 INFO  no build target found for C:\Users\panlu\Documents\Cours\M1_Mod_Archi_Patrons_Concep\app\src\test\java\org\example\cours4\ICardTest.java. Using fallback presentation compiler.
2025.10.07 09:47:57 INFO  no build target found for C:\Users\panlu\Documents\Cours\M1_Mod_Archi_Patrons_Concep\app\src\test\java\org\example\cours4\ICardTest.java. Using fallback presentation compiler.
2025.10.07 09:47:57 INFO  no build target found for C:\Users\panlu\Documents\Cours\M1_Mod_Archi_Patrons_Concep\app\src\test\java\org\example\cours4\ICardTest.java. Using fallback presentation compiler.
2025.10.07 09:47:57 INFO  no build target found for C:\Users\panlu\Documents\Cours\M1_Mod_Archi_Patrons_Concep\app\src\test\java\org\example\cours4\ICardTest.java. Using fallback presentation compiler.
2025.10.07 09:47:58 INFO  no build target found for C:\Users\panlu\Documents\Cours\M1_Mod_Archi_Patrons_Concep\app\src\test\java\org\example\cours4\ICardTest.java. Using fallback presentation compiler.
2025.10.07 09:47:57 INFO  no build target found for C:\Users\panlu\Documents\Cours\M1_Mod_Archi_Patrons_Concep\app\src\test\java\org\example\cours4\ICardTest.java. Using fallback presentation compiler.
2025.10.07 09:47:57 INFO  no build target found for C:\Users\panlu\Documents\Cours\M1_Mod_Archi_Patrons_Concep\app\src\test\java\org\example\cours4\ICardTest.java. Using fallback presentation compiler.
2025.10.07 09:47:57 INFO  no build target found for C:\Users\panlu\Documents\Cours\M1_Mod_Archi_Patrons_Concep\app\src\test\java\org\example\cours4\ICardTest.java. Using fallback presentation compiler.
oct. 07, 2025 9:47:58 A.M. org.eclipse.lsp4j.jsonrpc.RemoteEndpoint handleCancellation
WARNING: Unmatched cancel notification for request id 624
2025.10.07 09:47:58 INFO  no build target found for C:\Users\panlu\Documents\Cours\M1_Mod_Archi_Patrons_Concep\app\src\test\java\org\example\cours4\ICardTest.java. Using fallback presentation compiler.
oct. 07, 2025 9:47:58 A.M. org.eclipse.lsp4j.jsonrpc.RemoteEndpoint handleCancellation
WARNING: Unmatched cancel notification for request id 625
2025.10.07 09:47:58 INFO  no build target found for C:\Users\panlu\Documents\Cours\M1_Mod_Archi_Patrons_Concep\app\src\test\java\org\example\cours4\ICardTest.java. Using fallback presentation compiler.
oct. 07, 2025 9:47:58 A.M. org.eclipse.lsp4j.jsonrpc.RemoteEndpoint handleCancellation
WARNING: Unmatched cancel notification for request id 626
2025.10.07 09:47:58 INFO  no build target found for C:\Users\panlu\Documents\Cours\M1_Mod_Archi_Patrons_Concep\app\src\test\java\org\example\cours4\ICardTest.java. Using fallback presentation compiler.
2025.10.07 09:47:58 INFO  no build target found for C:\Users\panlu\Documents\Cours\M1_Mod_Archi_Patrons_Concep\app\src\test\java\org\example\cours4\ICardTest.java. Using fallback presentation compiler.
oct. 07, 2025 9:47:58 A.M. org.eclipse.lsp4j.jsonrpc.RemoteEndpoint handleCancellation
WARNING: Unmatched cancel notification for request id 628
2025.10.07 09:47:58 INFO  no build target found for C:\Users\panlu\Documents\Cours\M1_Mod_Archi_Patrons_Concep\app\src\test\java\org\example\cours4\ICardTest.java. Using fallback presentation compiler.
oct. 07, 2025 9:47:58 A.M. org.eclipse.lsp4j.jsonrpc.RemoteEndpoint handleCancellation
WARNING: Unmatched cancel notification for request id 629
2025.10.07 09:47:58 INFO  no build target found for C:\Users\panlu\Documents\Cours\M1_Mod_Archi_Patrons_Concep\app\src\test\java\org\example\cours4\ICardTest.java. Using fallback presentation compiler.
oct. 07, 2025 9:47:58 A.M. org.eclipse.lsp4j.jsonrpc.RemoteEndpoint handleCancellation
WARNING: Unmatched cancel notification for request id 630
2025.10.07 09:47:58 INFO  no build target found for C:\Users\panlu\Documents\Cours\M1_Mod_Archi_Patrons_Concep\app\src\test\java\org\example\cours4\ICardTest.java. Using fallback presentation compiler.
2025.10.07 09:47:58 INFO  no build target found for C:\Users\panlu\Documents\Cours\M1_Mod_Archi_Patrons_Concep\app\src\test\java\org\example\cours4\ICardTest.java. Using fallback presentation compiler.
oct. 07, 2025 9:47:58 A.M. org.eclipse.lsp4j.jsonrpc.RemoteEndpoint handleCancellation
WARNING: Unmatched cancel notification for request id 631
2025.10.07 09:47:58 INFO  no build target found for C:\Users\panlu\Documents\Cours\M1_Mod_Archi_Patrons_Concep\app\src\test\java\org\example\cours4\ICardTest.java. Using fallback presentation compiler.
2025.10.07 09:47:58 INFO  no build target found for C:\Users\panlu\Documents\Cours\M1_Mod_Archi_Patrons_Concep\app\src\test\java\org\example\cours4\ICardTest.java. Using fallback presentation compiler.
2025.10.07 09:47:58 INFO  no build target found for C:\Users\panlu\Documents\Cours\M1_Mod_Archi_Patrons_Concep\app\src\test\java\org\example\cours4\ICardTest.java. Using fallback presentation compiler.
oct. 07, 2025 9:47:58 A.M. org.eclipse.lsp4j.jsonrpc.RemoteEndpoint handleCancellation
WARNING: Unmatched cancel notification for request id 635
2025.10.07 09:47:58 INFO  no build target found for C:\Users\panlu\Documents\Cours\M1_Mod_Archi_Patrons_Concep\app\src\test\java\org\example\cours4\ICardTest.java. Using fallback presentation compiler.
2025.10.07 09:47:58 INFO  no build target found for C:\Users\panlu\Documents\Cours\M1_Mod_Archi_Patrons_Concep\app\src\test\java\org\example\cours4\ICardTest.java. Using fallback presentation compiler.
2025.10.07 09:47:58 INFO  no build target found for C:\Users\panlu\Documents\Cours\M1_Mod_Archi_Patrons_Concep\app\src\test\java\org\example\cours4\ICardTest.java. Using fallback presentation compiler.
oct. 07, 2025 9:47:58 A.M. org.eclipse.lsp4j.jsonrpc.RemoteEndpoint handleCancellation
WARNING: Unmatched cancel notification for request id 638
2025.10.07 09:47:58 INFO  no build target found for C:\Users\panlu\Documents\Cours\M1_Mod_Archi_Patrons_Concep\app\src\test\java\org\example\cours4\ICardTest.java. Using fallback presentation compiler.
2025.10.07 09:47:58 INFO  no build target found for C:\Users\panlu\Documents\Cours\M1_Mod_Archi_Patrons_Concep\app\src\test\java\org\example\cours4\ICardTest.java. Using fallback presentation compiler.
oct. 07, 2025 9:47:59 A.M. org.eclipse.lsp4j.jsonrpc.RemoteEndpoint handleCancellation
WARNING: Unmatched cancel notification for request id 641
2025.10.07 09:47:58 INFO  no build target found for C:\Users\panlu\Documents\Cours\M1_Mod_Archi_Patrons_Concep\app\src\test\java\org\example\cours4\ICardTest.java. Using fallback presentation compiler.
2025.10.07 09:47:59 INFO  no build target found for C:\Users\panlu\Documents\Cours\M1_Mod_Archi_Patrons_Concep\app\src\test\java\org\example\cours4\ICardTest.java. Using fallback presentation compiler.
2025.10.07 09:47:58 INFO  no build target found for C:\Users\panlu\Documents\Cours\M1_Mod_Archi_Patrons_Concep\app\src\test\java\org\example\cours4\ICardTest.java. Using fallback presentation compiler.
2025.10.07 09:47:58 INFO  no build target found for C:\Users\panlu\Documents\Cours\M1_Mod_Archi_Patrons_Concep\app\src\test\java\org\example\cours4\ICardTest.java. Using fallback presentation compiler.
2025.10.07 09:47:58 INFO  no build target found for C:\Users\panlu\Documents\Cours\M1_Mod_Archi_Patrons_Concep\app\src\test\java\org\example\cours4\ICardTest.java. Using fallback presentation compiler.
2025.10.07 09:47:58 INFO  no build target found for C:\Users\panlu\Documents\Cours\M1_Mod_Archi_Patrons_Concep\app\src\test\java\org\example\cours4\ICardTest.java. Using fallback presentation compiler.
2025.10.07 09:47:58 INFO  no build target found for C:\Users\panlu\Documents\Cours\M1_Mod_Archi_Patrons_Concep\app\src\test\java\org\example\cours4\ICardTest.java. Using fallback presentation compiler.
2025.10.07 09:47:58 INFO  no build target found for C:\Users\panlu\Documents\Cours\M1_Mod_Archi_Patrons_Concep\app\src\test\java\org\example\cours4\ICardTest.java. Using fallback presentation compiler.
2025.10.07 09:47:58 INFO  no build target found for C:\Users\panlu\Documents\Cours\M1_Mod_Archi_Patrons_Concep\app\src\test\java\org\example\cours4\ICardTest.java. Using fallback presentation compiler.
2025.10.07 09:47:58 INFO  no build target found for C:\Users\panlu\Documents\Cours\M1_Mod_Archi_Patrons_Concep\app\src\test\java\org\example\cours4\ICardTest.java. Using fallback presentation compiler.
2025.10.07 09:47:59 INFO  no build target found for C:\Users\panlu\Documents\Cours\M1_Mod_Archi_Patrons_Concep\app\src\test\java\org\example\cours4\ICardTest.java. Using fallback presentation compiler.
2025.10.07 09:48:00 WARN  no build target for: C:\Users\panlu\Documents\Cours\M1_Mod_Archi_Patrons_Concep\app\src\test\java\org\example\cours4\ICardTest.java
2025.10.07 09:47:59 INFO  QDox parse error in file:///C:/Users/panlu/Documents/Cours/M1_Mod_Archi_Patrons_Concep/app/src/test/java/org/example/cours4/ICardTest.java (full report at: "C:\Users\panlu\Documents\Cours\M1_Mod_Archi_Patrons_Concep\.metals\.reports\metals-full\2025-10-07\r_qdox-error_09-14-59-218.md")
2025.10.07 09:48:00 INFO  no build target found for C:\Users\panlu\Documents\Cours\M1_Mod_Archi_Patrons_Concep\app\src\test\java\org\example\cours4\ICardTest.java. Using fallback presentation compiler.
2025.10.07 09:48:00 WARN  Running javac-semanticdb failed for file:///C:/Users/panlu/Documents/Cours/M1_Mod_Archi_Patrons_Concep/app/src/test/java/org/example/cours4/ICardTest.java. Output:

2025.10.07 09:48:10 INFO  no build target found for C:\Users\panlu\Documents\Cours\M1_Mod_Archi_Patrons_Concep\app\src\test\java\org\example\cours4\ICardTest.java. Using fallback presentation compiler.
2025.10.07 09:48:10 INFO  no build target found for C:\Users\panlu\Documents\Cours\M1_Mod_Archi_Patrons_Concep\app\src\test\java\org\example\cours4\ICardTest.java. Using fallback presentation compiler.
2025.10.07 09:48:10 INFO  no build target found for C:\Users\panlu\Documents\Cours\M1_Mod_Archi_Patrons_Concep\app\src\test\java\org\example\cours4\ICardTest.java. Using fallback presentation compiler.
2025.10.07 09:48:11 WARN  no build target for: C:\Users\panlu\Documents\Cours\M1_Mod_Archi_Patrons_Concep\app\src\test\java\org\example\cours4\ICardTest.java
2025.10.07 09:48:11 INFO  no build target found for C:\Users\panlu\Documents\Cours\M1_Mod_Archi_Patrons_Concep\app\src\test\java\org\example\cours4\ICardTest.java. Using fallback presentation compiler.
2025.10.07 09:48:12 INFO  no build target found for C:\Users\panlu\Documents\Cours\M1_Mod_Archi_Patrons_Concep\app\src\test\java\org\example\cours4\ICardTest.java. Using fallback presentation compiler.
2025.10.07 09:48:14 INFO  no build target found for C:\Users\panlu\Documents\Cours\M1_Mod_Archi_Patrons_Concep\app\src\test\java\org\example\cours4\ICardTest.java. Using fallback presentation compiler.
2025.10.07 09:48:14 INFO  no build target found for C:\Users\panlu\Documents\Cours\M1_Mod_Archi_Patrons_Concep\app\src\test\java\org\example\cours4\ICardTest.java. Using fallback presentation compiler.
2025.10.07 09:48:18 INFO  no build target found for C:\Users\panlu\Documents\Cours\M1_Mod_Archi_Patrons_Concep\app\src\test\java\org\example\cours4\ICardTest.java. Using fallback presentation compiler.
2025.10.07 09:48:18 INFO  no build target found for C:\Users\panlu\Documents\Cours\M1_Mod_Archi_Patrons_Concep\app\src\test\java\org\example\cours4\ICardTest.java. Using fallback presentation compiler.
2025.10.07 09:48:19 INFO  no build target found for C:\Users\panlu\Documents\Cours\M1_Mod_Archi_Patrons_Concep\app\src\test\java\org\example\cours4\ICardTest.java. Using fallback presentation compiler.
2025.10.07 09:48:42 WARN  no build target for: C:\Users\panlu\Documents\Cours\M1_Mod_Archi_Patrons_Concep\app\src\main\java\org\example\tds\td3\analyse_de_code\Version.java
2025.10.07 09:48:42 INFO  no build target found for C:\Users\panlu\Documents\Cours\M1_Mod_Archi_Patrons_Concep\app\src\main\java\org\example\tds\td3\analyse_de_code\Version.java. Using fallback presentation compiler.
2025.10.07 09:48:42 INFO  no build target found for C:\Users\panlu\Documents\Cours\M1_Mod_Archi_Patrons_Concep\app\src\main\java\org\example\tds\td3\analyse_de_code\Version.java. Using fallback presentation compiler.
2025.10.07 09:48:42 INFO  no build target found for C:\Users\panlu\Documents\Cours\M1_Mod_Archi_Patrons_Concep\app\src\main\java\org\example\tds\td3\analyse_de_code\Version.java. Using fallback presentation compiler.
2025.10.07 09:48:42 INFO  no build target found for C:\Users\panlu\Documents\Cours\M1_Mod_Archi_Patrons_Concep\app\src\main\java\org\example\tds\td3\analyse_de_code\Version.java. Using fallback presentation compiler.
2025.10.07 09:48:43 INFO  no build target found for C:\Users\panlu\Documents\Cours\M1_Mod_Archi_Patrons_Concep\app\src\main\java\org\example\tds\td3\analyse_de_code\Version.java. Using fallback presentation compiler.
2025.10.07 09:48:49 INFO  no build target found for C:\Users\panlu\Documents\Cours\M1_Mod_Archi_Patrons_Concep\app\src\main\java\org\example\tds\td3\analyse_de_code\Version.java. Using fallback presentation compiler.
2025.10.07 09:48:49 INFO  no build target found for C:\Users\panlu\Documents\Cours\M1_Mod_Archi_Patrons_Concep\app\src\main\java\org\example\tds\td3\analyse_de_code\Version.java. Using fallback presentation compiler.
2025.10.07 09:49:00 INFO  no build target found for C:\Users\panlu\Documents\Cours\M1_Mod_Archi_Patrons_Concep\app\src\main\java\org\example\tds\td3\analyse_de_code\Version.java. Using fallback presentation compiler.
2025.10.07 09:49:24 INFO  no build target found for C:\Users\panlu\Documents\Cours\M1_Mod_Archi_Patrons_Concep\app\src\main\java\org\example\tds\td3\analyse_de_code\CardStack.java. Using fallback presentation compiler.
2025.10.07 09:49:24 INFO  no build target found for C:\Users\panlu\Documents\Cours\M1_Mod_Archi_Patrons_Concep\app\src\main\java\org\example\tds\td3\analyse_de_code\CardStack.java. Using fallback presentation compiler.
2025.10.07 09:49:24 INFO  no build target found for C:\Users\panlu\Documents\Cours\M1_Mod_Archi_Patrons_Concep\app\src\main\java\org\example\tds\td3\analyse_de_code\CardStack.java. Using fallback presentation compiler.
2025.10.07 09:49:26 INFO  no build target found for C:\Users\panlu\Documents\Cours\M1_Mod_Archi_Patrons_Concep\app\src\main\java\org\example\tds\td3\analyse_de_code\CardStack.java. Using fallback presentation compiler.
2025.10.07 09:49:28 INFO  no build target found for C:\Users\panlu\Documents\Cours\M1_Mod_Archi_Patrons_Concep\app\src\main\java\org\example\tds\td3\analyse_de_code\CardStack.java. Using fallback presentation compiler.
2025.10.07 09:49:28 INFO  no build target found for C:\Users\panlu\Documents\Cours\M1_Mod_Archi_Patrons_Concep\app\src\main\java\org\example\tds\td3\analyse_de_code\CardStack.java. Using fallback presentation compiler.
2025.10.07 09:49:28 INFO  no build target found for C:\Users\panlu\Documents\Cours\M1_Mod_Archi_Patrons_Concep\app\src\main\java\org\example\tds\td3\analyse_de_code\CardStack.java. Using fallback presentation compiler.
2025.10.07 09:49:30 INFO  no build target found for C:\Users\panlu\Documents\Cours\M1_Mod_Archi_Patrons_Concep\app\src\main\java\org\example\tds\td3\analyse_de_code\CardStack.java. Using fallback presentation compiler.
2025.10.07 09:49:35 INFO  no build target found for C:\Users\panlu\Documents\Cours\M1_Mod_Archi_Patrons_Concep\app\src\main\java\org\example\tds\td3\analyse_de_code\CardStack.java. Using fallback presentation compiler.
2025.10.07 09:54:01 INFO  no build target found for C:\Users\panlu\Documents\Cours\M1_Mod_Archi_Patrons_Concep\app\src\main\java\org\example\cards\cours4\metier\api\ICard.java. Using fallback presentation compiler.
2025.10.07 09:54:01 INFO  no build target found for C:\Users\panlu\Documents\Cours\M1_Mod_Archi_Patrons_Concep\app\src\main\java\org\example\cards\cours4\metier\api\ICard.java. Using fallback presentation compiler.
2025.10.07 09:54:04 INFO  no build target found for C:\Users\panlu\Documents\Cours\M1_Mod_Archi_Patrons_Concep\app\src\main\java\org\example\cards\cours4\metier\api\ICard.java. Using fallback presentation compiler.
2025.10.07 09:54:04 INFO  no build target found for C:\Users\panlu\Documents\Cours\M1_Mod_Archi_Patrons_Concep\app\src\main\java\org\example\cards\cours4\metier\api\ICard.java. Using fallback presentation compiler.
2025.10.07 09:54:05 INFO  no build target found for C:\Users\panlu\Documents\Cours\M1_Mod_Archi_Patrons_Concep\app\src\main\java\org\example\cards\cours4\metier\api\ICard.java. Using fallback presentation compiler.
2025.10.07 09:54:05 INFO  no build target found for C:\Users\panlu\Documents\Cours\M1_Mod_Archi_Patrons_Concep\app\src\main\java\org\example\cards\cours4\metier\api\ICard.java. Using fallback presentation compiler.
2025.10.07 09:54:05 INFO  no build target found for C:\Users\panlu\Documents\Cours\M1_Mod_Archi_Patrons_Concep\app\src\main\java\org\example\cards\cours4\metier\api\ICard.java. Using fallback presentation compiler.
2025.10.07 09:54:07 INFO  no build target found for C:\Users\panlu\Documents\Cours\M1_Mod_Archi_Patrons_Concep\app\src\main\java\org\example\cards\cours4\metier\api\ICard.java. Using fallback presentation compiler.
2025.10.07 09:54:07 INFO  no build target found for C:\Users\panlu\Documents\Cours\M1_Mod_Archi_Patrons_Concep\app\src\main\java\org\example\cards\cours4\metier\api\ICard.java. Using fallback presentation compiler.
2025.10.07 09:54:14 INFO  no build target found for C:\Users\panlu\Documents\Cours\M1_Mod_Archi_Patrons_Concep\app\src\main\java\org\example\cards\cours4\metier\api\ICard.java. Using fallback presentation compiler.
2025.10.07 09:54:14 INFO  no build target found for C:\Users\panlu\Documents\Cours\M1_Mod_Archi_Patrons_Concep\app\src\main\java\org\example\cards\cours4\metier\api\ShufflableCardSourceCreator.java. Using fallback presentation compiler.
2025.10.07 09:54:14 INFO  no build target found for C:\Users\panlu\Documents\Cours\M1_Mod_Archi_Patrons_Concep\app\src\main\java\org\example\cards\cours4\metier\api\ShufflableCardSourceCreator.java. Using fallback presentation compiler.
2025.10.07 09:54:16 INFO  no build target found for C:\Users\panlu\Documents\Cours\M1_Mod_Archi_Patrons_Concep\app\src\main\java\org\example\cards\cours4\metier\api\ShufflableCardSourceCreator.java. Using fallback presentation compiler.
2025.10.07 09:54:16 INFO  no build target found for C:\Users\panlu\Documents\Cours\M1_Mod_Archi_Patrons_Concep\app\src\main\java\org\example\cards\cours4\metier\impl\Croupier.java. Using fallback presentation compiler.
2025.10.07 09:54:17 INFO  no build target found for C:\Users\panlu\Documents\Cours\M1_Mod_Archi_Patrons_Concep\app\src\main\java\org\example\cards\cours4\metier\impl\Croupier.java. Using fallback presentation compiler.
2025.10.07 09:54:16 INFO  no build target found for C:\Users\panlu\Documents\Cours\M1_Mod_Archi_Patrons_Concep\app\src\main\java\org\example\cards\cours4\metier\impl\Croupier.java. Using fallback presentation compiler.
oct. 07, 2025 9:54:17 A.M. org.eclipse.lsp4j.jsonrpc.RemoteEndpoint handleCancellation
WARNING: Unmatched cancel notification for request id 879
2025.10.07 09:54:18 INFO  no build target found for C:\Users\panlu\Documents\Cours\M1_Mod_Archi_Patrons_Concep\app\src\main\java\org\example\cards\cours4\metier\impl\Croupier.java. Using fallback presentation compiler.
2025.10.07 09:54:18 INFO  no build target found for C:\Users\panlu\Documents\Cours\M1_Mod_Archi_Patrons_Concep\app\src\main\java\org\example\cards\cours4\metier\impl\Croupier.java. Using fallback presentation compiler.
2025.10.07 09:54:19 INFO  no build target found for C:\Users\panlu\Documents\Cours\M1_Mod_Archi_Patrons_Concep\app\src\main\java\org\example\cards\cours4\metier\impl\Croupier.java. Using fallback presentation compiler.
2025.10.07 09:54:20 INFO  no build target found for C:\Users\panlu\Documents\Cours\M1_Mod_Archi_Patrons_Concep\app\src\main\java\org\example\cards\cours4\metier\impl\Croupier.java. Using fallback presentation compiler.
2025.10.07 09:54:20 INFO  no build target found for C:\Users\panlu\Documents\Cours\M1_Mod_Archi_Patrons_Concep\app\src\main\java\org\example\cards\cours4\metier\impl\Croupier.java. Using fallback presentation compiler.
2025.10.07 09:54:22 INFO  no build target found for C:\Users\panlu\Documents\Cours\M1_Mod_Archi_Patrons_Concep\app\src\main\java\org\example\cards\cours4\metier\impl\Croupier.java. Using fallback presentation compiler.
2025.10.07 09:54:22 INFO  no build target found for C:\Users\panlu\Documents\Cours\M1_Mod_Archi_Patrons_Concep\app\src\main\java\org\example\cards\cours4\metier\impl\Croupier.java. Using fallback presentation compiler.
2025.10.07 09:54:22 INFO  no build target found for C:\Users\panlu\Documents\Cours\M1_Mod_Archi_Patrons_Concep\app\src\main\java\org\example\cards\cours4\metier\impl\Croupier.java. Using fallback presentation compiler.
2025.10.07 09:54:29 INFO  no build target found for C:\Users\panlu\Documents\Cours\M1_Mod_Archi_Patrons_Concep\app\src\main\java\org\example\cards\cours4\metier\api\ShufflableCardSource.java. Using fallback presentation compiler.
2025.10.07 09:54:29 INFO  no build target found for C:\Users\panlu\Documents\Cours\M1_Mod_Archi_Patrons_Concep\app\src\main\java\org\example\cards\cours4\metier\api\ShufflableCardSource.java. Using fallback presentation compiler.
2025.10.07 09:54:29 INFO  no build target found for C:\Users\panlu\Documents\Cours\M1_Mod_Archi_Patrons_Concep\app\src\main\java\org\example\cards\cours4\metier\api\ShufflableCardSource.java. Using fallback presentation compiler.
2025.10.07 09:54:30 INFO  no build target found for C:\Users\panlu\Documents\Cours\M1_Mod_Archi_Patrons_Concep\app\src\main\java\org\example\cards\cours4\metier\api\ShufflableCardSource.java. Using fallback presentation compiler.
2025.10.07 09:54:31 INFO  no build target found for C:\Users\panlu\Documents\Cours\M1_Mod_Archi_Patrons_Concep\app\src\main\java\org\example\cards\cours4\metier\api\ShufflableCardSourceCreator.java. Using fallback presentation compiler.
2025.10.07 09:54:31 INFO  no build target found for C:\Users\panlu\Documents\Cours\M1_Mod_Archi_Patrons_Concep\app\src\main\java\org\example\cards\cours4\metier\api\ShufflableCardSourceCreator.java. Using fallback presentation compiler.
2025.10.07 09:54:31 INFO  no build target found for C:\Users\panlu\Documents\Cours\M1_Mod_Archi_Patrons_Concep\app\src\main\java\org\example\cards\cours4\metier\api\ShufflableCardSourceCreator.java. Using fallback presentation compiler.
2025.10.07 09:54:31 INFO  no build target found for C:\Users\panlu\Documents\Cours\M1_Mod_Archi_Patrons_Concep\app\src\main\java\org\example\cards\cours4\metier\api\ShufflableCardSourceCreator.java. Using fallback presentation compiler.
2025.10.07 09:54:31 INFO  no build target found for C:\Users\panlu\Documents\Cours\M1_Mod_Archi_Patrons_Concep\app\src\main\java\org\example\cards\cours4\metier\api\ShufflableCardSourceCreator.java. Using fallback presentation compiler.
2025.10.07 09:54:31 INFO  no build target found for C:\Users\panlu\Documents\Cours\M1_Mod_Archi_Patrons_Concep\app\src\main\java\org\example\cards\cours4\metier\impl\Croupier.java. Using fallback presentation compiler.
2025.10.07 09:54:32 WARN  no build target for: C:\Users\panlu\Documents\Cours\M1_Mod_Archi_Patrons_Concep\app\src\main\java\org\example\cards\cours4\metier\impl\Croupier.java
2025.10.07 09:54:31 INFO  no build target found for C:\Users\panlu\Documents\Cours\M1_Mod_Archi_Patrons_Concep\app\src\main\java\org\example\cards\cours4\metier\impl\Croupier.java. Using fallback presentation compiler.
2025.10.07 09:54:32 INFO  no build target found for C:\Users\panlu\Documents\Cours\M1_Mod_Archi_Patrons_Concep\app\src\main\java\org\example\cards\cours4\metier\impl\Croupier.java. Using fallback presentation compiler.
2025.10.07 09:54:31 INFO  no build target found for C:\Users\panlu\Documents\Cours\M1_Mod_Archi_Patrons_Concep\app\src\main\java\org\example\cards\cours4\metier\impl\Croupier.java. Using fallback presentation compiler.
2025.10.07 09:54:31 INFO  no build target found for C:\Users\panlu\Documents\Cours\M1_Mod_Archi_Patrons_Concep\app\src\main\java\org\example\cards\cours4\metier\impl\Croupier.java. Using fallback presentation compiler.
2025.10.07 09:54:31 INFO  no build target found for C:\Users\panlu\Documents\Cours\M1_Mod_Archi_Patrons_Concep\app\src\main\java\org\example\cards\cours4\metier\impl\Croupier.java. Using fallback presentation compiler.
2025.10.07 09:54:31 INFO  no build target found for C:\Users\panlu\Documents\Cours\M1_Mod_Archi_Patrons_Concep\app\src\main\java\org\example\cards\cours4\metier\impl\Croupier.java. Using fallback presentation compiler.
2025.10.07 09:56:41 WARN  no build target for: C:\Users\panlu\Documents\Cours\M1_Mod_Archi_Patrons_Concep\app\src\main\java\org\example\tds\td3\analyse_de_code\CardStack.java
2025.10.07 09:56:41 INFO  no build target found for C:\Users\panlu\Documents\Cours\M1_Mod_Archi_Patrons_Concep\app\src\main\java\org\example\tds\td3\analyse_de_code\CardStack.java. Using fallback presentation compiler.
2025.10.07 09:56:41 INFO  no build target found for C:\Users\panlu\Documents\Cours\M1_Mod_Archi_Patrons_Concep\app\src\main\java\org\example\tds\td3\analyse_de_code\CardStack.java. Using fallback presentation compiler.
2025.10.07 09:56:41 INFO  no build target found for C:\Users\panlu\Documents\Cours\M1_Mod_Archi_Patrons_Concep\app\src\main\java\org\example\cards\cours4\metier\impl\Croupier.java. Using fallback presentation compiler.
2025.10.07 09:56:41 INFO  no build target found for C:\Users\panlu\Documents\Cours\M1_Mod_Archi_Patrons_Concep\app\src\main\java\org\example\tds\td3\analyse_de_code\CardStack.java. Using fallback presentation compiler.
2025.10.07 09:56:41 INFO  no build target found for C:\Users\panlu\Documents\Cours\M1_Mod_Archi_Patrons_Concep\app\src\main\java\org\example\tds\td3\analyse_de_code\CardStack.java. Using fallback presentation compiler.
2025.10.07 09:56:43 INFO  no build target found for C:\Users\panlu\Documents\Cours\M1_Mod_Archi_Patrons_Concep\app\src\main\java\org\example\tds\td3\analyse_de_code\CardStack.java. Using fallback presentation compiler.
2025.10.07 09:56:43 WARN  no build target for: C:\Users\panlu\Documents\Cours\M1_Mod_Archi_Patrons_Concep\app\src\main\java\org\example\tds\td3\analyse_de_code\Version.java
2025.10.07 09:56:43 INFO  no build target found for C:\Users\panlu\Documents\Cours\M1_Mod_Archi_Patrons_Concep\app\src\main\java\org\example\tds\td3\analyse_de_code\Version.java. Using fallback presentation compiler.
2025.10.07 09:56:43 INFO  no build target found for C:\Users\panlu\Documents\Cours\M1_Mod_Archi_Patrons_Concep\app\src\main\java\org\example\tds\td3\analyse_de_code\Version.java. Using fallback presentation compiler.
2025.10.07 09:56:43 INFO  no build target found for C:\Users\panlu\Documents\Cours\M1_Mod_Archi_Patrons_Concep\app\src\main\java\org\example\cards\cours4\metier\impl\Croupier.java. Using fallback presentation compiler.
2025.10.07 09:56:43 INFO  no build target found for C:\Users\panlu\Documents\Cours\M1_Mod_Archi_Patrons_Concep\app\src\main\java\org\example\tds\td3\analyse_de_code\Version.java. Using fallback presentation compiler.
2025.10.07 09:56:43 INFO  no build target found for C:\Users\panlu\Documents\Cours\M1_Mod_Archi_Patrons_Concep\app\src\main\java\org\example\tds\td3\analyse_de_code\Version.java. Using fallback presentation compiler.
2025.10.07 09:56:43 INFO  no build target found for C:\Users\panlu\Documents\Cours\M1_Mod_Archi_Patrons_Concep\app\src\test\java\org\example\cours4\ICardTest.java. Using fallback presentation compiler.
2025.10.07 09:56:45 INFO  no build target found for C:\Users\panlu\Documents\Cours\M1_Mod_Archi_Patrons_Concep\app\src\main\java\org\example\tds\td3\analyse_de_code\Version.java. Using fallback presentation compiler.
2025.10.07 09:56:45 WARN  no build target for: C:\Users\panlu\Documents\Cours\M1_Mod_Archi_Patrons_Concep\app\src\test\java\org\example\cours4\CardTest.java
2025.10.07 09:56:45 INFO  no build target found for C:\Users\panlu\Documents\Cours\M1_Mod_Archi_Patrons_Concep\app\src\test\java\org\example\cours4\CardTest.java. Using fallback presentation compiler.
2025.10.07 09:56:45 INFO  no build target found for C:\Users\panlu\Documents\Cours\M1_Mod_Archi_Patrons_Concep\app\src\test\java\org\example\cours4\CardTest.java. Using fallback presentation compiler.
2025.10.07 09:56:45 INFO  no build target found for C:\Users\panlu\Documents\Cours\M1_Mod_Archi_Patrons_Concep\app\src\main\java\org\example\cards\cours4\metier\impl\Croupier.java. Using fallback presentation compiler.
2025.10.07 09:56:45 INFO  no build target found for C:\Users\panlu\Documents\Cours\M1_Mod_Archi_Patrons_Concep\app\src\test\java\org\example\cours4\CardTest.java. Using fallback presentation compiler.
2025.10.07 09:56:46 WARN  no build target for: C:\Users\panlu\Documents\Cours\M1_Mod_Archi_Patrons_Concep\app\src\main\java\org\example\cards\cours4\metier\impl\Croupier.java
2025.10.07 09:56:45 INFO  no build target found for C:\Users\panlu\Documents\Cours\M1_Mod_Archi_Patrons_Concep\app\src\test\java\org\example\cours4\CardTest.java. Using fallback presentation compiler.
2025.10.07 09:56:46 INFO  no build target found for C:\Users\panlu\Documents\Cours\M1_Mod_Archi_Patrons_Concep\app\src\main\java\org\example\cards\cours4\metier\impl\Croupier.java. Using fallback presentation compiler.
2025.10.07 09:58:15 INFO  no build target found for C:\Users\panlu\Documents\Cours\M1_Mod_Archi_Patrons_Concep\app\src\main\java\org\example\cards\cours4\metier\impl\Croupier.java. Using fallback presentation compiler.
2025.10.07 09:58:53 INFO  no build target found for C:\Users\panlu\Documents\Cours\M1_Mod_Archi_Patrons_Concep\app\src\main\java\org\example\cards\cours4\metier\impl\Croupier.java. Using fallback presentation compiler.
2025.10.07 09:58:58 INFO  no build target found for C:\Users\panlu\Documents\Cours\M1_Mod_Archi_Patrons_Concep\app\src\main\java\org\example\cards\cours4\metier\impl\Croupier.java. Using fallback presentation compiler.
2025.10.07 09:58:58 INFO  no build target found for C:\Users\panlu\Documents\Cours\M1_Mod_Archi_Patrons_Concep\app\src\main\java\org\example\cards\cours4\metier\api\ShufflableCardSourceCreator.java. Using fallback presentation compiler.
2025.10.07 09:58:58 INFO  no build target found for C:\Users\panlu\Documents\Cours\M1_Mod_Archi_Patrons_Concep\app\src\main\java\org\example\cards\cours4\metier\api\ShufflableCardSourceCreator.java. Using fallback presentation compiler.
2025.10.07 09:58:59 INFO  no build target found for C:\Users\panlu\Documents\Cours\M1_Mod_Archi_Patrons_Concep\app\src\main\java\org\example\cards\cours4\metier\api\ShufflableCardSourceCreator.java. Using fallback presentation compiler.
2025.10.07 09:59:00 INFO  no build target found for C:\Users\panlu\Documents\Cours\M1_Mod_Archi_Patrons_Concep\app\src\main\java\org\example\cards\cours4\metier\api\ShufflableCardSource.java. Using fallback presentation compiler.
2025.10.07 09:59:02 INFO  no build target found for C:\Users\panlu\Documents\Cours\M1_Mod_Archi_Patrons_Concep\app\src\main\java\org\example\cards\cours4\metier\api\ShufflableCardSourceCreator.java. Using fallback presentation compiler.
2025.10.07 09:59:41 INFO  no build target found for C:\Users\panlu\Documents\Cours\M1_Mod_Archi_Patrons_Concep\app\src\main\java\org\example\tds\td3\conception\Hand.java. Using fallback presentation compiler.
2025.10.07 09:59:41 INFO  no build target found for C:\Users\panlu\Documents\Cours\M1_Mod_Archi_Patrons_Concep\app\src\main\java\org\example\tds\td3\conception\Hand.java. Using fallback presentation compiler.
2025.10.07 09:59:41 INFO  no build target found for C:\Users\panlu\Documents\Cours\M1_Mod_Archi_Patrons_Concep\app\src\main\java\org\example\tds\td3\conception\Hand.java. Using fallback presentation compiler.
2025.10.07 09:59:41 INFO  no build target found for C:\Users\panlu\Documents\Cours\M1_Mod_Archi_Patrons_Concep\app\src\main\java\org\example\tds\td3\conception\Hand.java. Using fallback presentation compiler.
2025.10.07 09:59:41 INFO  no build target found for C:\Users\panlu\Documents\Cours\M1_Mod_Archi_Patrons_Concep\app\src\main\java\org\example\tds\td3\conception\Hand.java. Using fallback presentation compiler.
2025.10.07 09:59:42 WARN  no build target for: C:\Users\panlu\Documents\Cours\M1_Mod_Archi_Patrons_Concep\app\src\main\java\org\example\tds\td3\conception\Hand.java
2025.10.07 09:59:42 INFO  no build target found for C:\Users\panlu\Documents\Cours\M1_Mod_Archi_Patrons_Concep\app\src\main\java\org\example\tds\td3\conception\Hand.java. Using fallback presentation compiler.
2025.10.07 09:59:43 INFO  no build target found for C:\Users\panlu\Documents\Cours\M1_Mod_Archi_Patrons_Concep\app\src\main\java\org\example\tds\td3\conception\Hand.java. Using fallback presentation compiler.
2025.10.07 09:59:43 INFO  no build target found for C:\Users\panlu\Documents\Cours\M1_Mod_Archi_Patrons_Concep\app\src\main\java\org\example\tds\td3\conception\Hand.java. Using fallback presentation compiler.
2025.10.07 09:59:43 INFO  no build target found for C:\Users\panlu\Documents\Cours\M1_Mod_Archi_Patrons_Concep\app\src\main\java\org\example\tds\td3\conception\Hand.java. Using fallback presentation compiler.
2025.10.07 10:00:01 WARN  no build target for: C:\Users\panlu\Documents\Cours\M1_Mod_Archi_Patrons_Concep\app\src\main\java\org\example\tds\td3\conception\Hand.java
2025.10.07 10:00:01 INFO  no build target found for C:\Users\panlu\Documents\Cours\M1_Mod_Archi_Patrons_Concep\app\src\main\java\org\example\tds\td3\conception\Hand.java. Using fallback presentation compiler.
2025.10.07 10:00:02 INFO  no build target found for C:\Users\panlu\Documents\Cours\M1_Mod_Archi_Patrons_Concep\app\src\main\java\org\example\tds\td3\conception\Hand.java. Using fallback presentation compiler.
2025.10.07 10:00:02 INFO  no build target found for C:\Users\panlu\Documents\Cours\M1_Mod_Archi_Patrons_Concep\app\src\main\java\org\example\tds\td3\conception\Hand.java. Using fallback presentation compiler.
2025.10.07 10:00:04 INFO  no build target found for C:\Users\panlu\Documents\Cours\M1_Mod_Archi_Patrons_Concep\app\src\main\java\org\example\tds\td3\conception\Hand.java. Using fallback presentation compiler.
2025.10.07 10:00:04 INFO  no build target found for C:\Users\panlu\Documents\Cours\M1_Mod_Archi_Patrons_Concep\app\src\main\java\org\example\tds\td3\conception\Hand.java. Using fallback presentation compiler.
2025.10.07 10:00:04 INFO  no build target found for C:\Users\panlu\Documents\Cours\M1_Mod_Archi_Patrons_Concep\app\src\main\java\org\example\tds\td3\conception\Hand.java. Using fallback presentation compiler.
2025.10.07 10:00:05 INFO  no build target found for C:\Users\panlu\Documents\Cours\M1_Mod_Archi_Patrons_Concep\app\src\main\java\org\example\tds\td3\conception\Hand.java. Using fallback presentation compiler.
oct. 07, 2025 10:00:05 A.M. org.eclipse.lsp4j.jsonrpc.RemoteEndpoint handleCancellation
WARNING: Unmatched cancel notification for request id 1030
2025.10.07 10:00:05 INFO  no build target found for C:\Users\panlu\Documents\Cours\M1_Mod_Archi_Patrons_Concep\app\src\main\java\org\example\tds\td3\conception\Hand.java. Using fallback presentation compiler.
2025.10.07 10:00:05 INFO  no build target found for C:\Users\panlu\Documents\Cours\M1_Mod_Archi_Patrons_Concep\app\src\main\java\org\example\tds\td3\conception\Hand.java. Using fallback presentation compiler.
2025.10.07 10:00:05 INFO  no build target found for C:\Users\panlu\Documents\Cours\M1_Mod_Archi_Patrons_Concep\app\src\main\java\org\example\tds\td3\conception\Hand.java. Using fallback presentation compiler.
2025.10.07 10:00:05 INFO  no build target found for C:\Users\panlu\Documents\Cours\M1_Mod_Archi_Patrons_Concep\app\src\main\java\org\example\tds\td3\conception\Hand.java. Using fallback presentation compiler.
2025.10.07 10:00:05 INFO  no build target found for C:\Users\panlu\Documents\Cours\M1_Mod_Archi_Patrons_Concep\app\src\main\java\org\example\tds\td3\conception\Hand.java. Using fallback presentation compiler.
2025.10.07 10:00:05 INFO  no build target found for C:\Users\panlu\Documents\Cours\M1_Mod_Archi_Patrons_Concep\app\src\main\java\org\example\tds\td3\conception\Hand.java. Using fallback presentation compiler.
2025.10.07 10:00:05 INFO  no build target found for C:\Users\panlu\Documents\Cours\M1_Mod_Archi_Patrons_Concep\app\src\main\java\org\example\tds\td3\conception\Hand.java. Using fallback presentation compiler.
2025.10.07 10:00:05 INFO  no build target found for C:\Users\panlu\Documents\Cours\M1_Mod_Archi_Patrons_Concep\app\src\main\java\org\example\tds\td3\conception\Hand.java. Using fallback presentation compiler.
2025.10.07 10:00:05 INFO  no build target found for C:\Users\panlu\Documents\Cours\M1_Mod_Archi_Patrons_Concep\app\src\main\java\org\example\tds\td3\conception\Hand.java. Using fallback presentation compiler.
2025.10.07 10:00:05 INFO  no build target found for C:\Users\panlu\Documents\Cours\M1_Mod_Archi_Patrons_Concep\app\src\main\java\org\example\tds\td3\conception\Hand.java. Using fallback presentation compiler.
2025.10.07 10:00:06 INFO  no build target found for C:\Users\panlu\Documents\Cours\M1_Mod_Archi_Patrons_Concep\app\src\main\java\org\example\tds\td3\conception\Hand.java. Using fallback presentation compiler.
2025.10.07 10:00:06 INFO  no build target found for C:\Users\panlu\Documents\Cours\M1_Mod_Archi_Patrons_Concep\app\src\main\java\org\example\tds\td3\conception\Hand.java. Using fallback presentation compiler.
2025.10.07 10:00:06 WARN  no build target for: C:\Users\panlu\Documents\Cours\M1_Mod_Archi_Patrons_Concep\app\src\main\java\org\example\tds\td3\conception\Hand.java
2025.10.07 10:00:07 INFO  Created report: Optional[file:///C:/Users/panlu/Documents/Cours/M1_Mod_Archi_Patrons_Concep/app/src/main/java/org/example/tds/td3/conception/Hand.java]
2025.10.07 10:00:07 INFO  QDox parse error in file:///C:/Users/panlu/Documents/Cours/M1_Mod_Archi_Patrons_Concep/app/src/main/java/org/example/tds/td3/conception/Hand.java (full report at: "C:\Users\panlu\Documents\Cours\M1_Mod_Archi_Patrons_Concep\.metals\.reports\metals-full\2025-10-07\r_qdox-error_10-00-07-593.md")
2025.10.07 10:00:07 INFO  no build target found for C:\Users\panlu\Documents\Cours\M1_Mod_Archi_Patrons_Concep\app\src\main\java\org\example\tds\td3\conception\Hand.java. Using fallback presentation compiler.
2025.10.07 10:00:07 WARN  Running javac-semanticdb failed for file:///C:/Users/panlu/Documents/Cours/M1_Mod_Archi_Patrons_Concep/app/src/main/java/org/example/tds/td3/conception/Hand.java. Output:

2025.10.07 10:00:10 INFO  no build target found for C:\Users\panlu\Documents\Cours\M1_Mod_Archi_Patrons_Concep\app\src\main\java\org\example\tds\td3\conception\Hand.java. Using fallback presentation compiler.
2025.10.07 10:00:10 INFO  no build target found for C:\Users\panlu\Documents\Cours\M1_Mod_Archi_Patrons_Concep\app\src\main\java\org\example\tds\td3\conception\Hand.java. Using fallback presentation compiler.
2025.10.07 10:00:10 INFO  no build target found for C:\Users\panlu\Documents\Cours\M1_Mod_Archi_Patrons_Concep\app\src\main\java\org\example\tds\td3\conception\Hand.java. Using fallback presentation compiler.
2025.10.07 10:00:10 INFO  no build target found for C:\Users\panlu\Documents\Cours\M1_Mod_Archi_Patrons_Concep\app\src\main\java\org\example\tds\td3\conception\Hand.java. Using fallback presentation compiler.
2025.10.07 10:00:10 INFO  no build target found for C:\Users\panlu\Documents\Cours\M1_Mod_Archi_Patrons_Concep\app\src\main\java\org\example\tds\td3\conception\Hand.java. Using fallback presentation compiler.
2025.10.07 10:00:10 INFO  no build target found for C:\Users\panlu\Documents\Cours\M1_Mod_Archi_Patrons_Concep\app\src\main\java\org\example\tds\td3\conception\Hand.java. Using fallback presentation compiler.
2025.10.07 10:00:11 WARN  no build target for: C:\Users\panlu\Documents\Cours\M1_Mod_Archi_Patrons_Concep\app\src\main\java\org\example\tds\td3\conception\Hand.java
2025.10.07 10:00:11 INFO  no build target found for C:\Users\panlu\Documents\Cours\M1_Mod_Archi_Patrons_Concep\app\src\main\java\org\example\tds\td3\conception\Hand.java. Using fallback presentation compiler.
2025.10.07 10:00:11 INFO  QDox parse error in file:///C:/Users/panlu/Documents/Cours/M1_Mod_Archi_Patrons_Concep/app/src/main/java/org/example/tds/td3/conception/Hand.java (full report at: "C:\Users\panlu\Documents\Cours\M1_Mod_Archi_Patrons_Concep\.metals\.reports\metals-full\2025-10-07\r_qdox-error_10-00-07-593.md")
2025.10.07 10:00:11 WARN  Running javac-semanticdb failed for file:///C:/Users/panlu/Documents/Cours/M1_Mod_Archi_Patrons_Concep/app/src/main/java/org/example/tds/td3/conception/Hand.java. Output:

2025.10.07 10:00:11 INFO  no build target found for C:\Users\panlu\Documents\Cours\M1_Mod_Archi_Patrons_Concep\app\src\main\java\org\example\tds\td3\conception\Hand.java. Using fallback presentation compiler.
2025.10.07 10:00:11 INFO  no build target found for C:\Users\panlu\Documents\Cours\M1_Mod_Archi_Patrons_Concep\app\src\main\java\org\example\tds\td3\conception\Hand.java. Using fallback presentation compiler.
2025.10.07 10:00:11 INFO  no build target found for C:\Users\panlu\Documents\Cours\M1_Mod_Archi_Patrons_Concep\app\src\main\java\org\example\tds\td3\conception\Hand.java. Using fallback presentation compiler.
2025.10.07 10:00:12 INFO  no build target found for C:\Users\panlu\Documents\Cours\M1_Mod_Archi_Patrons_Concep\app\src\main\java\org\example\tds\td3\conception\Hand.java. Using fallback presentation compiler.
2025.10.07 10:00:11 INFO  no build target found for C:\Users\panlu\Documents\Cours\M1_Mod_Archi_Patrons_Concep\app\src\main\java\org\example\tds\td3\conception\Hand.java. Using fallback presentation compiler.
2025.10.07 10:00:11 INFO  no build target found for C:\Users\panlu\Documents\Cours\M1_Mod_Archi_Patrons_Concep\app\src\main\java\org\example\tds\td3\conception\Hand.java. Using fallback presentation compiler.
2025.10.07 10:00:12 INFO  no build target found for C:\Users\panlu\Documents\Cours\M1_Mod_Archi_Patrons_Concep\app\src\main\java\org\example\tds\td3\conception\Hand.java. Using fallback presentation compiler.
2025.10.07 10:00:13 INFO  no build target found for C:\Users\panlu\Documents\Cours\M1_Mod_Archi_Patrons_Concep\app\src\main\java\org\example\tds\td3\conception\Hand.java. Using fallback presentation compiler.
2025.10.07 10:00:12 INFO  no build target found for C:\Users\panlu\Documents\Cours\M1_Mod_Archi_Patrons_Concep\app\src\main\java\org\example\tds\td3\conception\Hand.java. Using fallback presentation compiler.
2025.10.07 10:00:13 WARN  no build target for: C:\Users\panlu\Documents\Cours\M1_Mod_Archi_Patrons_Concep\app\src\main\java\org\example\tds\td3\conception\Hand.java
2025.10.07 10:00:13 INFO  no build target found for C:\Users\panlu\Documents\Cours\M1_Mod_Archi_Patrons_Concep\app\src\main\java\org\example\tds\td3\conception\Hand.java. Using fallback presentation compiler.
2025.10.07 10:00:13 INFO  QDox parse error in file:///C:/Users/panlu/Documents/Cours/M1_Mod_Archi_Patrons_Concep/app/src/main/java/org/example/tds/td3/conception/Hand.java (full report at: "C:\Users\panlu\Documents\Cours\M1_Mod_Archi_Patrons_Concep\.metals\.reports\metals-full\2025-10-07\r_qdox-error_10-00-07-593.md")
2025.10.07 10:00:13 WARN  Running javac-semanticdb failed for file:///C:/Users/panlu/Documents/Cours/M1_Mod_Archi_Patrons_Concep/app/src/main/java/org/example/tds/td3/conception/Hand.java. Output:

2025.10.07 10:00:14 INFO  no build target found for C:\Users\panlu\Documents\Cours\M1_Mod_Archi_Patrons_Concep\app\src\main\java\org\example\tds\td3\conception\Hand.java. Using fallback presentation compiler.
2025.10.07 10:00:14 INFO  no build target found for C:\Users\panlu\Documents\Cours\M1_Mod_Archi_Patrons_Concep\app\src\main\java\org\example\tds\td3\conception\Hand.java. Using fallback presentation compiler.
2025.10.07 10:00:14 INFO  no build target found for C:\Users\panlu\Documents\Cours\M1_Mod_Archi_Patrons_Concep\app\src\main\java\org\example\tds\td3\conception\Hand.java. Using fallback presentation compiler.
2025.10.07 10:00:14 INFO  no build target found for C:\Users\panlu\Documents\Cours\M1_Mod_Archi_Patrons_Concep\app\src\main\java\org\example\tds\td3\conception\Hand.java. Using fallback presentation compiler.
2025.10.07 10:00:15 WARN  no build target for: C:\Users\panlu\Documents\Cours\M1_Mod_Archi_Patrons_Concep\app\src\main\java\org\example\tds\td3\conception\Hand.java
2025.10.07 10:00:15 INFO  no build target found for C:\Users\panlu\Documents\Cours\M1_Mod_Archi_Patrons_Concep\app\src\main\java\org\example\tds\td3\conception\Hand.java. Using fallback presentation compiler.
2025.10.07 10:00:15 INFO  no build target found for C:\Users\panlu\Documents\Cours\M1_Mod_Archi_Patrons_Concep\app\src\main\java\org\example\tds\td3\conception\Hand.java. Using fallback presentation compiler.
2025.10.07 10:00:15 INFO  no build target found for C:\Users\panlu\Documents\Cours\M1_Mod_Archi_Patrons_Concep\app\src\main\java\org\example\tds\td3\conception\Hand.java. Using fallback presentation compiler.
2025.10.07 10:00:15 INFO  no build target found for C:\Users\panlu\Documents\Cours\M1_Mod_Archi_Patrons_Concep\app\src\main\java\org\example\tds\td3\conception\Hand.java. Using fallback presentation compiler.
2025.10.07 10:00:15 INFO  no build target found for C:\Users\panlu\Documents\Cours\M1_Mod_Archi_Patrons_Concep\app\src\main\java\org\example\tds\td3\conception\Hand.java. Using fallback presentation compiler.
2025.10.07 10:00:15 INFO  no build target found for C:\Users\panlu\Documents\Cours\M1_Mod_Archi_Patrons_Concep\app\src\main\java\org\example\tds\td3\conception\Hand.java. Using fallback presentation compiler.
2025.10.07 10:00:16 INFO  no build target found for C:\Users\panlu\Documents\Cours\M1_Mod_Archi_Patrons_Concep\app\src\main\java\org\example\tds\td3\conception\Hand.java. Using fallback presentation compiler.
2025.10.07 10:00:16 INFO  no build target found for C:\Users\panlu\Documents\Cours\M1_Mod_Archi_Patrons_Concep\app\src\main\java\org\example\tds\td3\conception\Hand.java. Using fallback presentation compiler.
2025.10.07 10:00:16 INFO  no build target found for C:\Users\panlu\Documents\Cours\M1_Mod_Archi_Patrons_Concep\app\src\main\java\org\example\tds\td3\conception\Hand.java. Using fallback presentation compiler.
2025.10.07 10:00:16 INFO  no build target found for C:\Users\panlu\Documents\Cours\M1_Mod_Archi_Patrons_Concep\app\src\main\java\org\example\tds\td3\conception\Hand.java. Using fallback presentation compiler.
2025.10.07 10:00:18 INFO  no build target found for C:\Users\panlu\Documents\Cours\M1_Mod_Archi_Patrons_Concep\app\src\main\java\org\example\tds\td3\conception\Hand.java. Using fallback presentation compiler.
2025.10.07 10:00:19 INFO  no build target found for C:\Users\panlu\Documents\Cours\M1_Mod_Archi_Patrons_Concep\app\src\main\java\org\example\tds\td3\conception\Hand.java. Using fallback presentation compiler.
2025.10.07 10:00:19 INFO  no build target found for C:\Users\panlu\Documents\Cours\M1_Mod_Archi_Patrons_Concep\app\src\main\java\org\example\tds\td3\conception\Hand.java. Using fallback presentation compiler.
2025.10.07 10:00:21 INFO  no build target found for C:\Users\panlu\Documents\Cours\M1_Mod_Archi_Patrons_Concep\app\src\main\java\org\example\tds\td3\conception\Hand.java. Using fallback presentation compiler.
2025.10.07 10:00:21 INFO  no build target found for C:\Users\panlu\Documents\Cours\M1_Mod_Archi_Patrons_Concep\app\src\main\java\org\example\tds\td3\conception\Hand.java. Using fallback presentation compiler.
2025.10.07 10:00:21 INFO  no build target found for C:\Users\panlu\Documents\Cours\M1_Mod_Archi_Patrons_Concep\app\src\main\java\org\example\tds\td3\conception\Hand.java. Using fallback presentation compiler.
2025.10.07 10:00:22 INFO  no build target found for C:\Users\panlu\Documents\Cours\M1_Mod_Archi_Patrons_Concep\app\src\main\java\org\example\tds\td3\conception\Hand.java. Using fallback presentation compiler.
2025.10.07 10:00:22 INFO  no build target found for C:\Users\panlu\Documents\Cours\M1_Mod_Archi_Patrons_Concep\app\src\main\java\org\example\tds\td3\conception\Hand.java. Using fallback presentation compiler.
2025.10.07 10:00:22 WARN  no build target for: C:\Users\panlu\Documents\Cours\M1_Mod_Archi_Patrons_Concep\app\src\main\java\org\example\tds\td3\conception\Hand.java
2025.10.07 10:00:22 INFO  no build target found for C:\Users\panlu\Documents\Cours\M1_Mod_Archi_Patrons_Concep\app\src\main\java\org\example\tds\td3\conception\Hand.java. Using fallback presentation compiler.
2025.10.07 10:00:22 INFO  QDox parse error in file:///C:/Users/panlu/Documents/Cours/M1_Mod_Archi_Patrons_Concep/app/src/main/java/org/example/tds/td3/conception/Hand.java (full report at: "C:\Users\panlu\Documents\Cours\M1_Mod_Archi_Patrons_Concep\.metals\.reports\metals-full\2025-10-07\r_qdox-error_10-00-07-593.md")
2025.10.07 10:00:22 WARN  Running javac-semanticdb failed for file:///C:/Users/panlu/Documents/Cours/M1_Mod_Archi_Patrons_Concep/app/src/main/java/org/example/tds/td3/conception/Hand.java. Output:

2025.10.07 10:00:22 INFO  no build target found for C:\Users\panlu\Documents\Cours\M1_Mod_Archi_Patrons_Concep\app\src\main\java\org\example\tds\td3\conception\Hand.java. Using fallback presentation compiler.
2025.10.07 10:00:22 INFO  no build target found for C:\Users\panlu\Documents\Cours\M1_Mod_Archi_Patrons_Concep\app\src\main\java\org\example\tds\td3\conception\Hand.java. Using fallback presentation compiler.
2025.10.07 10:00:22 INFO  no build target found for C:\Users\panlu\Documents\Cours\M1_Mod_Archi_Patrons_Concep\app\src\main\java\org\example\tds\td3\conception\Hand.java. Using fallback presentation compiler.
2025.10.07 10:00:22 INFO  no build target found for C:\Users\panlu\Documents\Cours\M1_Mod_Archi_Patrons_Concep\app\src\main\java\org\example\tds\td3\conception\Hand.java. Using fallback presentation compiler.
2025.10.07 10:00:23 INFO  no build target found for C:\Users\panlu\Documents\Cours\M1_Mod_Archi_Patrons_Concep\app\src\main\java\org\example\tds\td3\conception\Hand.java. Using fallback presentation compiler.
2025.10.07 10:00:22 INFO  no build target found for C:\Users\panlu\Documents\Cours\M1_Mod_Archi_Patrons_Concep\app\src\main\java\org\example\tds\td3\conception\Hand.java. Using fallback presentation compiler.
2025.10.07 10:00:23 INFO  no build target found for C:\Users\panlu\Documents\Cours\M1_Mod_Archi_Patrons_Concep\app\src\main\java\org\example\tds\td3\conception\Hand.java. Using fallback presentation compiler.
2025.10.07 10:00:23 INFO  no build target found for C:\Users\panlu\Documents\Cours\M1_Mod_Archi_Patrons_Concep\app\src\main\java\org\example\tds\td3\conception\Hand.java. Using fallback presentation compiler.
2025.10.07 10:00:23 INFO  no build target found for C:\Users\panlu\Documents\Cours\M1_Mod_Archi_Patrons_Concep\app\src\main\java\org\example\tds\td3\conception\Hand.java. Using fallback presentation compiler.
2025.10.07 10:00:23 INFO  no build target found for C:\Users\panlu\Documents\Cours\M1_Mod_Archi_Patrons_Concep\app\src\main\java\org\example\tds\td3\conception\Hand.java. Using fallback presentation compiler.
2025.10.07 10:00:24 WARN  no build target for: C:\Users\panlu\Documents\Cours\M1_Mod_Archi_Patrons_Concep\app\src\main\java\org\example\tds\td3\conception\Hand.java
2025.10.07 10:00:24 INFO  no build target found for C:\Users\panlu\Documents\Cours\M1_Mod_Archi_Patrons_Concep\app\src\main\java\org\example\tds\td3\conception\Hand.java. Using fallback presentation compiler.
2025.10.07 10:00:25 INFO  no build target found for C:\Users\panlu\Documents\Cours\M1_Mod_Archi_Patrons_Concep\app\src\main\java\org\example\tds\td3\conception\Hand.java. Using fallback presentation compiler.
2025.10.07 10:00:26 INFO  no build target found for C:\Users\panlu\Documents\Cours\M1_Mod_Archi_Patrons_Concep\app\src\main\java\org\example\tds\td3\conception\Hand.java. Using fallback presentation compiler.
2025.10.07 10:00:26 INFO  no build target found for C:\Users\panlu\Documents\Cours\M1_Mod_Archi_Patrons_Concep\app\src\main\java\org\example\tds\td3\conception\Hand.java. Using fallback presentation compiler.
2025.10.07 10:00:26 INFO  no build target found for C:\Users\panlu\Documents\Cours\M1_Mod_Archi_Patrons_Concep\app\src\main\java\org\example\tds\td3\conception\Hand.java. Using fallback presentation compiler.
2025.10.07 10:00:26 INFO  no build target found for C:\Users\panlu\Documents\Cours\M1_Mod_Archi_Patrons_Concep\app\src\main\java\org\example\tds\td3\conception\Hand.java. Using fallback presentation compiler.
2025.10.07 10:00:26 INFO  no build target found for C:\Users\panlu\Documents\Cours\M1_Mod_Archi_Patrons_Concep\app\src\main\java\org\example\tds\td3\conception\Hand.java. Using fallback presentation compiler.
2025.10.07 10:00:27 WARN  no build target for: C:\Users\panlu\Documents\Cours\M1_Mod_Archi_Patrons_Concep\app\src\main\java\org\example\tds\td3\conception\Hand.java
2025.10.07 10:00:27 INFO  no build target found for C:\Users\panlu\Documents\Cours\M1_Mod_Archi_Patrons_Concep\app\src\main\java\org\example\tds\td3\conception\Hand.java. Using fallback presentation compiler.
2025.10.07 10:00:28 INFO  no build target found for C:\Users\panlu\Documents\Cours\M1_Mod_Archi_Patrons_Concep\app\src\main\java\org\example\tds\td3\conception\Hand.java. Using fallback presentation compiler.
2025.10.07 10:00:28 INFO  no build target found for C:\Users\panlu\Documents\Cours\M1_Mod_Archi_Patrons_Concep\app\src\main\java\org\example\tds\td3\conception\Hand.java. Using fallback presentation compiler.
2025.10.07 10:00:28 INFO  no build target found for C:\Users\panlu\Documents\Cours\M1_Mod_Archi_Patrons_Concep\app\src\main\java\org\example\tds\td3\conception\Hand.java. Using fallback presentation compiler.
2025.10.07 10:00:28 INFO  no build target found for C:\Users\panlu\Documents\Cours\M1_Mod_Archi_Patrons_Concep\app\src\main\java\org\example\tds\td3\conception\Hand.java. Using fallback presentation compiler.
2025.10.07 10:00:29 INFO  no build target found for C:\Users\panlu\Documents\Cours\M1_Mod_Archi_Patrons_Concep\app\src\main\java\org\example\tds\td3\conception\Hand.java. Using fallback presentation compiler.
2025.10.07 10:00:29 INFO  no build target found for C:\Users\panlu\Documents\Cours\M1_Mod_Archi_Patrons_Concep\app\src\main\java\org\example\tds\td3\conception\Hand.java. Using fallback presentation compiler.
2025.10.07 10:00:29 WARN  no build target for: C:\Users\panlu\Documents\Cours\M1_Mod_Archi_Patrons_Concep\app\src\main\java\org\example\tds\td3\conception\Hand.java
2025.10.07 10:00:30 INFO  no build target found for C:\Users\panlu\Documents\Cours\M1_Mod_Archi_Patrons_Concep\app\src\main\java\org\example\tds\td3\conception\Hand.java. Using fallback presentation compiler.
2025.10.07 10:00:30 INFO  no build target found for C:\Users\panlu\Documents\Cours\M1_Mod_Archi_Patrons_Concep\app\src\main\java\org\example\tds\td3\conception\Hand.java. Using fallback presentation compiler.
2025.10.07 10:00:30 INFO  no build target found for C:\Users\panlu\Documents\Cours\M1_Mod_Archi_Patrons_Concep\app\src\main\java\org\example\tds\td3\conception\Hand.java. Using fallback presentation compiler.
2025.10.07 10:00:31 INFO  no build target found for C:\Users\panlu\Documents\Cours\M1_Mod_Archi_Patrons_Concep\app\src\main\java\org\example\tds\td3\conception\Hand.java. Using fallback presentation compiler.
2025.10.07 10:00:31 INFO  no build target found for C:\Users\panlu\Documents\Cours\M1_Mod_Archi_Patrons_Concep\app\src\main\java\org\example\tds\td3\conception\Hand.java. Using fallback presentation compiler.
2025.10.07 10:00:31 INFO  no build target found for C:\Users\panlu\Documents\Cours\M1_Mod_Archi_Patrons_Concep\app\src\main\java\org\example\tds\td3\conception\Hand.java. Using fallback presentation compiler.
2025.10.07 10:00:31 INFO  no build target found for C:\Users\panlu\Documents\Cours\M1_Mod_Archi_Patrons_Concep\app\src\main\java\org\example\tds\td3\conception\Hand.java. Using fallback presentation compiler.
2025.10.07 10:00:31 INFO  no build target found for C:\Users\panlu\Documents\Cours\M1_Mod_Archi_Patrons_Concep\app\src\main\java\org\example\tds\td3\conception\Hand.java. Using fallback presentation compiler.
2025.10.07 10:00:31 INFO  no build target found for C:\Users\panlu\Documents\Cours\M1_Mod_Archi_Patrons_Concep\app\src\main\java\org\example\tds\td3\conception\Hand.java. Using fallback presentation compiler.
2025.10.07 10:00:33 INFO  no build target found for C:\Users\panlu\Documents\Cours\M1_Mod_Archi_Patrons_Concep\app\src\main\java\org\example\tds\td3\conception\Hand.java. Using fallback presentation compiler.
2025.10.07 10:00:33 INFO  no build target found for C:\Users\panlu\Documents\Cours\M1_Mod_Archi_Patrons_Concep\app\src\main\java\org\example\tds\td3\conception\Hand.java. Using fallback presentation compiler.
2025.10.07 10:00:33 INFO  no build target found for C:\Users\panlu\Documents\Cours\M1_Mod_Archi_Patrons_Concep\app\src\main\java\org\example\tds\td3\conception\Hand.java. Using fallback presentation compiler.
2025.10.07 10:00:33 WARN  no build target for: C:\Users\panlu\Documents\Cours\M1_Mod_Archi_Patrons_Concep\app\src\main\java\org\example\tds\td3\conception\Hand.java
2025.10.07 10:00:33 INFO  no build target found for C:\Users\panlu\Documents\Cours\M1_Mod_Archi_Patrons_Concep\app\src\main\java\org\example\tds\td3\conception\Hand.java. Using fallback presentation compiler.
2025.10.07 10:00:33 INFO  QDox parse error in file:///C:/Users/panlu/Documents/Cours/M1_Mod_Archi_Patrons_Concep/app/src/main/java/org/example/tds/td3/conception/Hand.java (full report at: "C:\Users\panlu\Documents\Cours\M1_Mod_Archi_Patrons_Concep\.metals\.reports\metals-full\2025-10-07\r_qdox-error_10-00-07-593.md")
2025.10.07 10:00:33 WARN  Running javac-semanticdb failed for file:///C:/Users/panlu/Documents/Cours/M1_Mod_Archi_Patrons_Concep/app/src/main/java/org/example/tds/td3/conception/Hand.java. Output:

2025.10.07 10:00:33 INFO  no build target found for C:\Users\panlu\Documents\Cours\M1_Mod_Archi_Patrons_Concep\app\src\main\java\org\example\tds\td3\conception\Hand.java. Using fallback presentation compiler.
2025.10.07 10:00:34 INFO  no build target found for C:\Users\panlu\Documents\Cours\M1_Mod_Archi_Patrons_Concep\app\src\main\java\org\example\tds\td3\conception\Hand.java. Using fallback presentation compiler.
2025.10.07 10:00:33 INFO  no build target found for C:\Users\panlu\Documents\Cours\M1_Mod_Archi_Patrons_Concep\app\src\main\java\org\example\tds\td3\conception\Hand.java. Using fallback presentation compiler.
2025.10.07 10:00:34 INFO  no build target found for C:\Users\panlu\Documents\Cours\M1_Mod_Archi_Patrons_Concep\app\src\main\java\org\example\tds\td3\conception\Hand.java. Using fallback presentation compiler.
2025.10.07 10:00:34 INFO  QDox parse error in file:///C:/Users/panlu/Documents/Cours/M1_Mod_Archi_Patrons_Concep/app/src/main/java/org/example/tds/td3/conception/Hand.java (full report at: "C:\Users\panlu\Documents\Cours\M1_Mod_Archi_Patrons_Concep\.metals\.reports\metals-full\2025-10-07\r_qdox-error_10-00-07-593.md")
2025.10.07 10:00:34 WARN  no build target for: C:\Users\panlu\Documents\Cours\M1_Mod_Archi_Patrons_Concep\app\src\main\java\org\example\tds\td3\conception\Hand.java
2025.10.07 10:00:34 INFO  no build target found for C:\Users\panlu\Documents\Cours\M1_Mod_Archi_Patrons_Concep\app\src\main\java\org\example\tds\td3\conception\Hand.java. Using fallback presentation compiler.
2025.10.07 10:00:34 WARN  Running javac-semanticdb failed for file:///C:/Users/panlu/Documents/Cours/M1_Mod_Archi_Patrons_Concep/app/src/main/java/org/example/tds/td3/conception/Hand.java. Output:

2025.10.07 10:00:35 INFO  no build target found for C:\Users\panlu\Documents\Cours\M1_Mod_Archi_Patrons_Concep\app\src\main\java\org\example\tds\td3\conception\Hand.java. Using fallback presentation compiler.
2025.10.07 10:00:38 INFO  no build target found for C:\Users\panlu\Documents\Cours\M1_Mod_Archi_Patrons_Concep\app\src\main\java\org\example\tds\td3\conception\Hand.java. Using fallback presentation compiler.
2025.10.07 10:00:38 INFO  no build target found for C:\Users\panlu\Documents\Cours\M1_Mod_Archi_Patrons_Concep\app\src\main\java\org\example\tds\td3\conception\Hand.java. Using fallback presentation compiler.
2025.10.07 10:00:38 INFO  no build target found for C:\Users\panlu\Documents\Cours\M1_Mod_Archi_Patrons_Concep\app\src\main\java\org\example\tds\td3\conception\Hand.java. Using fallback presentation compiler.
2025.10.07 10:00:38 INFO  no build target found for C:\Users\panlu\Documents\Cours\M1_Mod_Archi_Patrons_Concep\app\src\main\java\org\example\tds\td3\conception\Hand.java. Using fallback presentation compiler.
2025.10.07 10:00:38 INFO  no build target found for C:\Users\panlu\Documents\Cours\M1_Mod_Archi_Patrons_Concep\app\src\main\java\org\example\tds\td3\conception\Hand.java. Using fallback presentation compiler.
2025.10.07 10:00:39 WARN  no build target for: C:\Users\panlu\Documents\Cours\M1_Mod_Archi_Patrons_Concep\app\src\main\java\org\example\tds\td3\conception\Hand.java
2025.10.07 10:00:39 INFO  no build target found for C:\Users\panlu\Documents\Cours\M1_Mod_Archi_Patrons_Concep\app\src\main\java\org\example\tds\td3\conception\Hand.java. Using fallback presentation compiler.
2025.10.07 10:00:39 INFO  QDox parse error in file:///C:/Users/panlu/Documents/Cours/M1_Mod_Archi_Patrons_Concep/app/src/main/java/org/example/tds/td3/conception/Hand.java (full report at: "C:\Users\panlu\Documents\Cours\M1_Mod_Archi_Patrons_Concep\.metals\.reports\metals-full\2025-10-07\r_qdox-error_10-00-07-593.md")
2025.10.07 10:00:39 WARN  Running javac-semanticdb failed for file:///C:/Users/panlu/Documents/Cours/M1_Mod_Archi_Patrons_Concep/app/src/main/java/org/example/tds/td3/conception/Hand.java. Output:

2025.10.07 10:00:40 INFO  no build target found for C:\Users\panlu\Documents\Cours\M1_Mod_Archi_Patrons_Concep\app\src\main\java\org\example\tds\td3\conception\Hand.java. Using fallback presentation compiler.
2025.10.07 10:00:53 INFO  no build target found for C:\Users\panlu\Documents\Cours\M1_Mod_Archi_Patrons_Concep\app\src\main\java\org\example\tds\td3\conception\Hand.java. Using fallback presentation compiler.
2025.10.07 10:00:53 INFO  no build target found for C:\Users\panlu\Documents\Cours\M1_Mod_Archi_Patrons_Concep\app\src\main\java\org\example\tds\td3\conception\Hand.java. Using fallback presentation compiler.
2025.10.07 10:00:53 INFO  no build target found for C:\Users\panlu\Documents\Cours\M1_Mod_Archi_Patrons_Concep\app\src\main\java\org\example\tds\td3\conception\Hand.java. Using fallback presentation compiler.
2025.10.07 10:00:53 INFO  no build target found for C:\Users\panlu\Documents\Cours\M1_Mod_Archi_Patrons_Concep\app\src\main\java\org\example\tds\td3\conception\Hand.java. Using fallback presentation compiler.
2025.10.07 10:00:54 WARN  no build target for: C:\Users\panlu\Documents\Cours\M1_Mod_Archi_Patrons_Concep\app\src\main\java\org\example\tds\td3\conception\Hand.java
2025.10.07 10:00:54 INFO  QDox parse error in file:///C:/Users/panlu/Documents/Cours/M1_Mod_Archi_Patrons_Concep/app/src/main/java/org/example/tds/td3/conception/Hand.java (full report at: "C:\Users\panlu\Documents\Cours\M1_Mod_Archi_Patrons_Concep\.metals\.reports\metals-full\2025-10-07\r_qdox-error_10-00-07-593.md")
2025.10.07 10:00:54 INFO  no build target found for C:\Users\panlu\Documents\Cours\M1_Mod_Archi_Patrons_Concep\app\src\main\java\org\example\tds\td3\conception\Hand.java. Using fallback presentation compiler.
2025.10.07 10:00:54 WARN  Running javac-semanticdb failed for file:///C:/Users/panlu/Documents/Cours/M1_Mod_Archi_Patrons_Concep/app/src/main/java/org/example/tds/td3/conception/Hand.java. Output:

2025.10.07 10:00:54 INFO  no build target found for C:\Users\panlu\Documents\Cours\M1_Mod_Archi_Patrons_Concep\app\src\main\java\org\example\tds\td3\conception\Hand.java. Using fallback presentation compiler.
2025.10.07 10:00:54 INFO  no build target found for C:\Users\panlu\Documents\Cours\M1_Mod_Archi_Patrons_Concep\app\src\main\java\org\example\tds\td3\conception\Hand.java. Using fallback presentation compiler.
2025.10.07 10:00:54 INFO  no build target found for C:\Users\panlu\Documents\Cours\M1_Mod_Archi_Patrons_Concep\app\src\main\java\org\example\tds\td3\conception\Hand.java. Using fallback presentation compiler.
2025.10.07 10:00:54 INFO  no build target found for C:\Users\panlu\Documents\Cours\M1_Mod_Archi_Patrons_Concep\app\src\main\java\org\example\tds\td3\conception\Hand.java. Using fallback presentation compiler.
2025.10.07 10:00:54 INFO  no build target found for C:\Users\panlu\Documents\Cours\M1_Mod_Archi_Patrons_Concep\app\src\main\java\org\example\tds\td3\conception\Hand.java. Using fallback presentation compiler.
2025.10.07 10:00:54 INFO  no build target found for C:\Users\panlu\Documents\Cours\M1_Mod_Archi_Patrons_Concep\app\src\main\java\org\example\tds\td3\conception\Hand.java. Using fallback presentation compiler.
2025.10.07 10:00:55 INFO  no build target found for C:\Users\panlu\Documents\Cours\M1_Mod_Archi_Patrons_Concep\app\src\main\java\org\example\tds\td3\conception\Hand.java. Using fallback presentation compiler.
2025.10.07 10:00:56 INFO  no build target found for C:\Users\panlu\Documents\Cours\M1_Mod_Archi_Patrons_Concep\app\src\main\java\org\example\tds\td3\conception\Hand.java. Using fallback presentation compiler.
2025.10.07 10:00:56 INFO  no build target found for C:\Users\panlu\Documents\Cours\M1_Mod_Archi_Patrons_Concep\app\src\main\java\org\example\tds\td3\conception\Hand.java. Using fallback presentation compiler.
2025.10.07 10:00:56 INFO  no build target found for C:\Users\panlu\Documents\Cours\M1_Mod_Archi_Patrons_Concep\app\src\main\java\org\example\tds\td3\conception\Hand.java. Using fallback presentation compiler.
2025.10.07 10:00:56 INFO  no build target found for C:\Users\panlu\Documents\Cours\M1_Mod_Archi_Patrons_Concep\app\src\main\java\org\example\tds\td3\conception\Hand.java. Using fallback presentation compiler.
2025.10.07 10:00:56 INFO  no build target found for C:\Users\panlu\Documents\Cours\M1_Mod_Archi_Patrons_Concep\app\src\main\java\org\example\tds\td3\conception\Hand.java. Using fallback presentation compiler.
2025.10.07 10:00:56 INFO  no build target found for C:\Users\panlu\Documents\Cours\M1_Mod_Archi_Patrons_Concep\app\src\main\java\org\example\tds\td3\conception\Hand.java. Using fallback presentation compiler.
2025.10.07 10:00:56 INFO  no build target found for C:\Users\panlu\Documents\Cours\M1_Mod_Archi_Patrons_Concep\app\src\main\java\org\example\tds\td3\conception\Hand.java. Using fallback presentation compiler.
2025.10.07 10:00:57 INFO  no build target found for C:\Users\panlu\Documents\Cours\M1_Mod_Archi_Patrons_Concep\app\src\main\java\org\example\tds\td3\conception\Hand.java. Using fallback presentation compiler.
2025.10.07 10:00:57 INFO  no build target found for C:\Users\panlu\Documents\Cours\M1_Mod_Archi_Patrons_Concep\app\src\main\java\org\example\tds\td3\conception\Hand.java. Using fallback presentation compiler.
2025.10.07 10:00:57 WARN  no build target for: C:\Users\panlu\Documents\Cours\M1_Mod_Archi_Patrons_Concep\app\src\main\java\org\example\tds\td3\conception\Hand.java
2025.10.07 10:00:57 INFO  QDox parse error in file:///C:/Users/panlu/Documents/Cours/M1_Mod_Archi_Patrons_Concep/app/src/main/java/org/example/tds/td3/conception/Hand.java (full report at: "C:\Users\panlu\Documents\Cours\M1_Mod_Archi_Patrons_Concep\.metals\.reports\metals-full\2025-10-07\r_qdox-error_10-00-07-593.md")
2025.10.07 10:00:57 INFO  no build target found for C:\Users\panlu\Documents\Cours\M1_Mod_Archi_Patrons_Concep\app\src\main\java\org\example\tds\td3\conception\Hand.java. Using fallback presentation compiler.
2025.10.07 10:00:58 INFO  no build target found for C:\Users\panlu\Documents\Cours\M1_Mod_Archi_Patrons_Concep\app\src\main\java\org\example\tds\td3\conception\Hand.java. Using fallback presentation compiler.
2025.10.07 10:01:01 INFO  no build target found for C:\Users\panlu\Documents\Cours\M1_Mod_Archi_Patrons_Concep\app\src\main\java\org\example\tds\td3\conception\Hand.java. Using fallback presentation compiler.
2025.10.07 10:01:01 INFO  no build target found for C:\Users\panlu\Documents\Cours\M1_Mod_Archi_Patrons_Concep\app\src\main\java\org\example\tds\td3\conception\Hand.java. Using fallback presentation compiler.
2025.10.07 10:01:01 INFO  no build target found for C:\Users\panlu\Documents\Cours\M1_Mod_Archi_Patrons_Concep\app\src\main\java\org\example\tds\td3\conception\Hand.java. Using fallback presentation compiler.
2025.10.07 10:01:01 INFO  no build target found for C:\Users\panlu\Documents\Cours\M1_Mod_Archi_Patrons_Concep\app\src\main\java\org\example\tds\td3\conception\Hand.java. Using fallback presentation compiler.
2025.10.07 10:01:01 INFO  no build target found for C:\Users\panlu\Documents\Cours\M1_Mod_Archi_Patrons_Concep\app\src\main\java\org\example\tds\td3\conception\Hand.java. Using fallback presentation compiler.
2025.10.07 10:01:01 INFO  no build target found for C:\Users\panlu\Documents\Cours\M1_Mod_Archi_Patrons_Concep\app\src\main\java\org\example\tds\td3\conception\Hand.java. Using fallback presentation compiler.
2025.10.07 10:01:01 INFO  no build target found for C:\Users\panlu\Documents\Cours\M1_Mod_Archi_Patrons_Concep\app\src\main\java\org\example\tds\td3\conception\Hand.java. Using fallback presentation compiler.
2025.10.07 10:01:02 INFO  no build target found for C:\Users\panlu\Documents\Cours\M1_Mod_Archi_Patrons_Concep\app\src\main\java\org\example\tds\td3\conception\Hand.java. Using fallback presentation compiler.
2025.10.07 10:01:02 INFO  no build target found for C:\Users\panlu\Documents\Cours\M1_Mod_Archi_Patrons_Concep\app\src\main\java\org\example\tds\td3\conception\Hand.java. Using fallback presentation compiler.
2025.10.07 10:01:02 INFO  no build target found for C:\Users\panlu\Documents\Cours\M1_Mod_Archi_Patrons_Concep\app\src\main\java\org\example\tds\td3\conception\Hand.java. Using fallback presentation compiler.
2025.10.07 10:01:02 INFO  no build target found for C:\Users\panlu\Documents\Cours\M1_Mod_Archi_Patrons_Concep\app\src\main\java\org\example\tds\td3\conception\Hand.java. Using fallback presentation compiler.
2025.10.07 10:01:02 INFO  no build target found for C:\Users\panlu\Documents\Cours\M1_Mod_Archi_Patrons_Concep\app\src\main\java\org\example\tds\td3\conception\Hand.java. Using fallback presentation compiler.
2025.10.07 10:01:03 WARN  no build target for: C:\Users\panlu\Documents\Cours\M1_Mod_Archi_Patrons_Concep\app\src\main\java\org\example\tds\td3\conception\Hand.java
2025.10.07 10:01:03 INFO  no build target found for C:\Users\panlu\Documents\Cours\M1_Mod_Archi_Patrons_Concep\app\src\main\java\org\example\tds\td3\conception\Hand.java. Using fallback presentation compiler.
2025.10.07 10:01:03 INFO  QDox parse error in file:///C:/Users/panlu/Documents/Cours/M1_Mod_Archi_Patrons_Concep/app/src/main/java/org/example/tds/td3/conception/Hand.java (full report at: "C:\Users\panlu\Documents\Cours\M1_Mod_Archi_Patrons_Concep\.metals\.reports\metals-full\2025-10-07\r_qdox-error_10-00-07-593.md")
2025.10.07 10:01:03 WARN  Running javac-semanticdb failed for file:///C:/Users/panlu/Documents/Cours/M1_Mod_Archi_Patrons_Concep/app/src/main/java/org/example/tds/td3/conception/Hand.java. Output:

2025.10.07 10:01:03 INFO  no build target found for C:\Users\panlu\Documents\Cours\M1_Mod_Archi_Patrons_Concep\app\src\main\java\org\example\tds\td3\conception\Hand.java. Using fallback presentation compiler.
2025.10.07 10:01:03 INFO  no build target found for C:\Users\panlu\Documents\Cours\M1_Mod_Archi_Patrons_Concep\app\src\main\java\org\example\tds\td3\conception\Hand.java. Using fallback presentation compiler.
2025.10.07 10:01:03 INFO  no build target found for C:\Users\panlu\Documents\Cours\M1_Mod_Archi_Patrons_Concep\app\src\main\java\org\example\tds\td3\conception\Hand.java. Using fallback presentation compiler.
2025.10.07 10:01:03 INFO  no build target found for C:\Users\panlu\Documents\Cours\M1_Mod_Archi_Patrons_Concep\app\src\main\java\org\example\tds\td3\conception\Hand.java. Using fallback presentation compiler.
2025.10.07 10:01:03 INFO  no build target found for C:\Users\panlu\Documents\Cours\M1_Mod_Archi_Patrons_Concep\app\src\main\java\org\example\tds\td3\conception\Hand.java. Using fallback presentation compiler.
2025.10.07 10:01:04 WARN  no build target for: C:\Users\panlu\Documents\Cours\M1_Mod_Archi_Patrons_Concep\app\src\main\java\org\example\tds\td3\conception\Hand.java
2025.10.07 10:01:04 INFO  QDox parse error in file:///C:/Users/panlu/Documents/Cours/M1_Mod_Archi_Patrons_Concep/app/src/main/java/org/example/tds/td3/conception/Hand.java (full report at: "C:\Users\panlu\Documents\Cours\M1_Mod_Archi_Patrons_Concep\.metals\.reports\metals-full\2025-10-07\r_qdox-error_10-00-07-593.md")
2025.10.07 10:01:04 INFO  no build target found for C:\Users\panlu\Documents\Cours\M1_Mod_Archi_Patrons_Concep\app\src\main\java\org\example\tds\td3\conception\Hand.java. Using fallback presentation compiler.
2025.10.07 10:01:04 WARN  Running javac-semanticdb failed for file:///C:/Users/panlu/Documents/Cours/M1_Mod_Archi_Patrons_Concep/app/src/main/java/org/example/tds/td3/conception/Hand.java. Output:

2025.10.07 10:01:05 INFO  no build target found for C:\Users\panlu\Documents\Cours\M1_Mod_Archi_Patrons_Concep\app\src\main\java\org\example\tds\td3\conception\Hand.java. Using fallback presentation compiler.
2025.10.07 10:01:05 INFO  no build target found for C:\Users\panlu\Documents\Cours\M1_Mod_Archi_Patrons_Concep\app\src\main\java\org\example\tds\td3\conception\Hand.java. Using fallback presentation compiler.
2025.10.07 10:01:05 INFO  no build target found for C:\Users\panlu\Documents\Cours\M1_Mod_Archi_Patrons_Concep\app\src\main\java\org\example\tds\td3\conception\Hand.java. Using fallback presentation compiler.
2025.10.07 10:01:05 INFO  no build target found for C:\Users\panlu\Documents\Cours\M1_Mod_Archi_Patrons_Concep\app\src\main\java\org\example\tds\td3\conception\Hand.java. Using fallback presentation compiler.
2025.10.07 10:01:06 INFO  no build target found for C:\Users\panlu\Documents\Cours\M1_Mod_Archi_Patrons_Concep\app\src\main\java\org\example\tds\td3\conception\Hand.java. Using fallback presentation compiler.
2025.10.07 10:01:05 INFO  no build target found for C:\Users\panlu\Documents\Cours\M1_Mod_Archi_Patrons_Concep\app\src\main\java\org\example\tds\td3\conception\Hand.java. Using fallback presentation compiler.
2025.10.07 10:01:06 INFO  no build target found for C:\Users\panlu\Documents\Cours\M1_Mod_Archi_Patrons_Concep\app\src\main\java\org\example\tds\td3\conception\Hand.java. Using fallback presentation compiler.
2025.10.07 10:01:06 INFO  no build target found for C:\Users\panlu\Documents\Cours\M1_Mod_Archi_Patrons_Concep\app\src\main\java\org\example\tds\td3\conception\Hand.java. Using fallback presentation compiler.
2025.10.07 10:01:06 INFO  no build target found for C:\Users\panlu\Documents\Cours\M1_Mod_Archi_Patrons_Concep\app\src\main\java\org\example\tds\td3\conception\Hand.java. Using fallback presentation compiler.
2025.10.07 10:01:06 INFO  no build target found for C:\Users\panlu\Documents\Cours\M1_Mod_Archi_Patrons_Concep\app\src\main\java\org\example\tds\td3\conception\Hand.java. Using fallback presentation compiler.
2025.10.07 10:01:06 INFO  no build target found for C:\Users\panlu\Documents\Cours\M1_Mod_Archi_Patrons_Concep\app\src\main\java\org\example\tds\td3\conception\Hand.java. Using fallback presentation compiler.
2025.10.07 10:01:07 INFO  no build target found for C:\Users\panlu\Documents\Cours\M1_Mod_Archi_Patrons_Concep\app\src\main\java\org\example\tds\td3\conception\Hand.java. Using fallback presentation compiler.
2025.10.07 10:01:06 INFO  no build target found for C:\Users\panlu\Documents\Cours\M1_Mod_Archi_Patrons_Concep\app\src\main\java\org\example\tds\td3\conception\Hand.java. Using fallback presentation compiler.
2025.10.07 10:01:07 INFO  no build target found for C:\Users\panlu\Documents\Cours\M1_Mod_Archi_Patrons_Concep\app\src\main\java\org\example\tds\td3\conception\Hand.java. Using fallback presentation compiler.
2025.10.07 10:01:07 INFO  no build target found for C:\Users\panlu\Documents\Cours\M1_Mod_Archi_Patrons_Concep\app\src\main\java\org\example\tds\td3\conception\Hand.java. Using fallback presentation compiler.
2025.10.07 10:01:08 INFO  no build target found for C:\Users\panlu\Documents\Cours\M1_Mod_Archi_Patrons_Concep\app\src\main\java\org\example\tds\td3\conception\Hand.java. Using fallback presentation compiler.
2025.10.07 10:01:07 INFO  no build target found for C:\Users\panlu\Documents\Cours\M1_Mod_Archi_Patrons_Concep\app\src\main\java\org\example\tds\td3\conception\Hand.java. Using fallback presentation compiler.
2025.10.07 10:01:08 INFO  QDox parse error in file:///C:/Users/panlu/Documents/Cours/M1_Mod_Archi_Patrons_Concep/app/src/main/java/org/example/tds/td3/conception/Hand.java (full report at: "C:\Users\panlu\Documents\Cours\M1_Mod_Archi_Patrons_Concep\.metals\.reports\metals-full\2025-10-07\r_qdox-error_10-00-07-593.md")
2025.10.07 10:01:08 WARN  no build target for: C:\Users\panlu\Documents\Cours\M1_Mod_Archi_Patrons_Concep\app\src\main\java\org\example\tds\td3\conception\Hand.java
2025.10.07 10:01:08 INFO  no build target found for C:\Users\panlu\Documents\Cours\M1_Mod_Archi_Patrons_Concep\app\src\main\java\org\example\tds\td3\conception\Hand.java. Using fallback presentation compiler.
2025.10.07 10:01:08 WARN  Running javac-semanticdb failed for file:///C:/Users/panlu/Documents/Cours/M1_Mod_Archi_Patrons_Concep/app/src/main/java/org/example/tds/td3/conception/Hand.java. Output:

2025.10.07 10:01:09 INFO  no build target found for C:\Users\panlu\Documents\Cours\M1_Mod_Archi_Patrons_Concep\app\src\main\java\org\example\tds\td3\conception\Hand.java. Using fallback presentation compiler.
2025.10.07 10:01:09 INFO  no build target found for C:\Users\panlu\Documents\Cours\M1_Mod_Archi_Patrons_Concep\app\src\main\java\org\example\tds\td3\conception\Hand.java. Using fallback presentation compiler.
2025.10.07 10:01:09 INFO  no build target found for C:\Users\panlu\Documents\Cours\M1_Mod_Archi_Patrons_Concep\app\src\main\java\org\example\tds\td3\conception\Hand.java. Using fallback presentation compiler.
2025.10.07 10:01:09 INFO  no build target found for C:\Users\panlu\Documents\Cours\M1_Mod_Archi_Patrons_Concep\app\src\main\java\org\example\tds\td3\conception\Hand.java. Using fallback presentation compiler.
2025.10.07 10:01:08 INFO  no build target found for C:\Users\panlu\Documents\Cours\M1_Mod_Archi_Patrons_Concep\app\src\main\java\org\example\tds\td3\conception\Hand.java. Using fallback presentation compiler.
2025.10.07 10:01:09 INFO  no build target found for C:\Users\panlu\Documents\Cours\M1_Mod_Archi_Patrons_Concep\app\src\main\java\org\example\tds\td3\conception\Hand.java. Using fallback presentation compiler.
2025.10.07 10:01:09 INFO  no build target found for C:\Users\panlu\Documents\Cours\M1_Mod_Archi_Patrons_Concep\app\src\main\java\org\example\tds\td3\conception\Hand.java. Using fallback presentation compiler.
2025.10.07 10:01:10 INFO  no build target found for C:\Users\panlu\Documents\Cours\M1_Mod_Archi_Patrons_Concep\app\src\main\java\org\example\tds\td3\conception\Hand.java. Using fallback presentation compiler.
2025.10.07 10:01:10 INFO  no build target found for C:\Users\panlu\Documents\Cours\M1_Mod_Archi_Patrons_Concep\app\src\main\java\org\example\tds\td3\conception\Hand.java. Using fallback presentation compiler.
2025.10.07 10:01:10 INFO  no build target found for C:\Users\panlu\Documents\Cours\M1_Mod_Archi_Patrons_Concep\app\src\main\java\org\example\tds\td3\conception\Hand.java. Using fallback presentation compiler.
2025.10.07 10:01:10 INFO  no build target found for C:\Users\panlu\Documents\Cours\M1_Mod_Archi_Patrons_Concep\app\src\main\java\org\example\tds\td3\conception\Hand.java. Using fallback presentation compiler.
2025.10.07 10:01:11 WARN  no build target for: C:\Users\panlu\Documents\Cours\M1_Mod_Archi_Patrons_Concep\app\src\main\java\org\example\tds\td3\conception\Hand.java
2025.10.07 10:01:11 INFO  no build target found for C:\Users\panlu\Documents\Cours\M1_Mod_Archi_Patrons_Concep\app\src\main\java\org\example\tds\td3\conception\Hand.java. Using fallback presentation compiler.
2025.10.07 10:01:12 INFO  no build target found for C:\Users\panlu\Documents\Cours\M1_Mod_Archi_Patrons_Concep\app\src\main\java\org\example\tds\td3\conception\Hand.java. Using fallback presentation compiler.
2025.10.07 10:01:19 INFO  no build target found for C:\Users\panlu\Documents\Cours\M1_Mod_Archi_Patrons_Concep\app\src\main\java\org\example\tds\td3\conception\Hand.java. Using fallback presentation compiler.
2025.10.07 10:02:37 INFO  no build target found for C:\Users\panlu\Documents\Cours\M1_Mod_Archi_Patrons_Concep\app\src\main\java\org\example\tds\td3\conception\IHand.java. Using fallback presentation compiler.
2025.10.07 10:02:38 INFO  no build target found for C:\Users\panlu\Documents\Cours\M1_Mod_Archi_Patrons_Concep\app\src\main\java\org\example\tds\td3\conception\IHand.java. Using fallback presentation compiler.
2025.10.07 10:02:38 INFO  no build target found for C:\Users\panlu\Documents\Cours\M1_Mod_Archi_Patrons_Concep\app\src\main\java\org\example\tds\td3\conception\IHand.java. Using fallback presentation compiler.
2025.10.07 10:02:38 INFO  no build target found for C:\Users\panlu\Documents\Cours\M1_Mod_Archi_Patrons_Concep\app\src\main\java\org\example\tds\td3\conception\IHand.java. Using fallback presentation compiler.
2025.10.07 10:02:38 INFO  no build target found for C:\Users\panlu\Documents\Cours\M1_Mod_Archi_Patrons_Concep\app\src\main\java\org\example\tds\td3\conception\IHand.java. Using fallback presentation compiler.
2025.10.07 10:02:38 WARN  no build target for: C:\Users\panlu\Documents\Cours\M1_Mod_Archi_Patrons_Concep\app\src\main\java\org\example\tds\td3\conception\IHand.java
2025.10.07 10:02:38 INFO  no build target found for C:\Users\panlu\Documents\Cours\M1_Mod_Archi_Patrons_Concep\app\src\main\java\org\example\tds\td3\conception\IHand.java. Using fallback presentation compiler.
2025.10.07 10:02:43 INFO  no build target found for C:\Users\panlu\Documents\Cours\M1_Mod_Archi_Patrons_Concep\app\src\main\java\org\example\tds\td3\conception\IHand.java. Using fallback presentation compiler.
2025.10.07 10:02:43 INFO  no build target found for C:\Users\panlu\Documents\Cours\M1_Mod_Archi_Patrons_Concep\app\src\main\java\org\example\tds\td3\conception\IHand.java. Using fallback presentation compiler.
2025.10.07 10:02:44 WARN  no build target for: C:\Users\panlu\Documents\Cours\M1_Mod_Archi_Patrons_Concep\app\src\main\java\org\example\tds\td3\conception\IHand.java
2025.10.07 10:02:44 INFO  no build target found for C:\Users\panlu\Documents\Cours\M1_Mod_Archi_Patrons_Concep\app\src\main\java\org\example\tds\td3\conception\IHand.java. Using fallback presentation compiler.
2025.10.07 10:02:45 INFO  no build target found for C:\Users\panlu\Documents\Cours\M1_Mod_Archi_Patrons_Concep\app\src\main\java\org\example\tds\td3\conception\IHand.java. Using fallback presentation compiler.
2025.10.07 10:02:45 INFO  no build target found for C:\Users\panlu\Documents\Cours\M1_Mod_Archi_Patrons_Concep\app\src\main\java\org\example\tds\td3\conception\IHand.java. Using fallback presentation compiler.
2025.10.07 10:02:45 INFO  no build target found for C:\Users\panlu\Documents\Cours\M1_Mod_Archi_Patrons_Concep\app\src\main\java\org\example\tds\td3\conception\IHand.java. Using fallback presentation compiler.
2025.10.07 10:02:45 INFO  no build target found for C:\Users\panlu\Documents\Cours\M1_Mod_Archi_Patrons_Concep\app\src\main\java\org\example\tds\td3\conception\IHand.java. Using fallback presentation compiler.
2025.10.07 10:02:45 INFO  no build target found for C:\Users\panlu\Documents\Cours\M1_Mod_Archi_Patrons_Concep\app\src\main\java\org\example\tds\td3\conception\IHand.java. Using fallback presentation compiler.
2025.10.07 10:02:46 INFO  no build target found for C:\Users\panlu\Documents\Cours\M1_Mod_Archi_Patrons_Concep\app\src\main\java\org\example\tds\td3\conception\IHand.java. Using fallback presentation compiler.
2025.10.07 10:02:45 INFO  no build target found for C:\Users\panlu\Documents\Cours\M1_Mod_Archi_Patrons_Concep\app\src\main\java\org\example\tds\td3\conception\IHand.java. Using fallback presentation compiler.
2025.10.07 10:02:46 INFO  no build target found for C:\Users\panlu\Documents\Cours\M1_Mod_Archi_Patrons_Concep\app\src\main\java\org\example\tds\td3\conception\IHand.java. Using fallback presentation compiler.
2025.10.07 10:02:46 INFO  no build target found for C:\Users\panlu\Documents\Cours\M1_Mod_Archi_Patrons_Concep\app\src\main\java\org\example\tds\td3\conception\IHand.java. Using fallback presentation compiler.
2025.10.07 10:02:46 INFO  no build target found for C:\Users\panlu\Documents\Cours\M1_Mod_Archi_Patrons_Concep\app\src\main\java\org\example\tds\td3\conception\IHand.java. Using fallback presentation compiler.
2025.10.07 10:02:46 INFO  no build target found for C:\Users\panlu\Documents\Cours\M1_Mod_Archi_Patrons_Concep\app\src\main\java\org\example\tds\td3\conception\IHand.java. Using fallback presentation compiler.
2025.10.07 10:02:47 INFO  no build target found for C:\Users\panlu\Documents\Cours\M1_Mod_Archi_Patrons_Concep\app\src\main\java\org\example\tds\td3\conception\IHand.java. Using fallback presentation compiler.
2025.10.07 10:02:47 INFO  no build target found for C:\Users\panlu\Documents\Cours\M1_Mod_Archi_Patrons_Concep\app\src\main\java\org\example\tds\td3\conception\IHand.java. Using fallback presentation compiler.
2025.10.07 10:02:47 INFO  no build target found for C:\Users\panlu\Documents\Cours\M1_Mod_Archi_Patrons_Concep\app\src\main\java\org\example\tds\td3\conception\IHand.java. Using fallback presentation compiler.
2025.10.07 10:02:47 INFO  no build target found for C:\Users\panlu\Documents\Cours\M1_Mod_Archi_Patrons_Concep\app\src\main\java\org\example\tds\td3\conception\IHand.java. Using fallback presentation compiler.
2025.10.07 10:02:47 INFO  no build target found for C:\Users\panlu\Documents\Cours\M1_Mod_Archi_Patrons_Concep\app\src\main\java\org\example\tds\td3\conception\IHand.java. Using fallback presentation compiler.
2025.10.07 10:02:47 INFO  no build target found for C:\Users\panlu\Documents\Cours\M1_Mod_Archi_Patrons_Concep\app\src\main\java\org\example\tds\td3\conception\IHand.java. Using fallback presentation compiler.
2025.10.07 10:02:47 INFO  no build target found for C:\Users\panlu\Documents\Cours\M1_Mod_Archi_Patrons_Concep\app\src\main\java\org\example\tds\td3\conception\IHand.java. Using fallback presentation compiler.
2025.10.07 10:02:47 INFO  no build target found for C:\Users\panlu\Documents\Cours\M1_Mod_Archi_Patrons_Concep\app\src\main\java\org\example\tds\td3\conception\IHand.java. Using fallback presentation compiler.
2025.10.07 10:02:48 INFO  no build target found for C:\Users\panlu\Documents\Cours\M1_Mod_Archi_Patrons_Concep\app\src\main\java\org\example\tds\td3\conception\IHand.java. Using fallback presentation compiler.
2025.10.07 10:02:47 INFO  no build target found for C:\Users\panlu\Documents\Cours\M1_Mod_Archi_Patrons_Concep\app\src\main\java\org\example\tds\td3\conception\IHand.java. Using fallback presentation compiler.
2025.10.07 10:02:48 INFO  no build target found for C:\Users\panlu\Documents\Cours\M1_Mod_Archi_Patrons_Concep\app\src\main\java\org\example\tds\td3\conception\IHand.java. Using fallback presentation compiler.
2025.10.07 10:02:48 INFO  no build target found for C:\Users\panlu\Documents\Cours\M1_Mod_Archi_Patrons_Concep\app\src\main\java\org\example\tds\td3\conception\IHand.java. Using fallback presentation compiler.
2025.10.07 10:02:48 INFO  no build target found for C:\Users\panlu\Documents\Cours\M1_Mod_Archi_Patrons_Concep\app\src\main\java\org\example\tds\td3\conception\IHand.java. Using fallback presentation compiler.
2025.10.07 10:02:49 WARN  no build target for: C:\Users\panlu\Documents\Cours\M1_Mod_Archi_Patrons_Concep\app\src\main\java\org\example\tds\td3\conception\IHand.java
2025.10.07 10:02:49 INFO  no build target found for C:\Users\panlu\Documents\Cours\M1_Mod_Archi_Patrons_Concep\app\src\main\java\org\example\tds\td3\conception\IHand.java. Using fallback presentation compiler.
2025.10.07 10:02:50 INFO  no build target found for C:\Users\panlu\Documents\Cours\M1_Mod_Archi_Patrons_Concep\app\src\main\java\org\example\tds\td3\conception\IHand.java. Using fallback presentation compiler.
2025.10.07 10:02:50 INFO  no build target found for C:\Users\panlu\Documents\Cours\M1_Mod_Archi_Patrons_Concep\app\src\main\java\org\example\tds\td3\conception\IHand.java. Using fallback presentation compiler.
2025.10.07 10:02:51 INFO  no build target found for C:\Users\panlu\Documents\Cours\M1_Mod_Archi_Patrons_Concep\app\src\main\java\org\example\tds\td3\conception\IHand.java. Using fallback presentation compiler.
2025.10.07 10:02:51 WARN  no build target for: C:\Users\panlu\Documents\Cours\M1_Mod_Archi_Patrons_Concep\app\src\main\java\org\example\tds\td3\conception\IHand.java
2025.10.07 10:02:51 INFO  no build target found for C:\Users\panlu\Documents\Cours\M1_Mod_Archi_Patrons_Concep\app\src\main\java\org\example\tds\td3\conception\IHand.java. Using fallback presentation compiler.
2025.10.07 10:02:53 INFO  no build target found for C:\Users\panlu\Documents\Cours\M1_Mod_Archi_Patrons_Concep\app\src\main\java\org\example\tds\td3\conception\IHand.java. Using fallback presentation compiler.
2025.10.07 10:02:54 INFO  no build target found for C:\Users\panlu\Documents\Cours\M1_Mod_Archi_Patrons_Concep\app\src\main\java\org\example\tds\td3\conception\IHand.java. Using fallback presentation compiler.
2025.10.07 10:02:54 INFO  no build target found for C:\Users\panlu\Documents\Cours\M1_Mod_Archi_Patrons_Concep\app\src\main\java\org\example\tds\td3\conception\IHand.java. Using fallback presentation compiler.
2025.10.07 10:02:55 INFO  no build target found for C:\Users\panlu\Documents\Cours\M1_Mod_Archi_Patrons_Concep\app\src\main\java\org\example\tds\td3\conception\IHand.java. Using fallback presentation compiler.
2025.10.07 10:02:54 INFO  no build target found for C:\Users\panlu\Documents\Cours\M1_Mod_Archi_Patrons_Concep\app\src\main\java\org\example\tds\td3\conception\IHand.java. Using fallback presentation compiler.
2025.10.07 10:02:55 WARN  no build target for: C:\Users\panlu\Documents\Cours\M1_Mod_Archi_Patrons_Concep\app\src\main\java\org\example\tds\td3\conception\IHand.java
2025.10.07 10:02:55 INFO  no build target found for C:\Users\panlu\Documents\Cours\M1_Mod_Archi_Patrons_Concep\app\src\main\java\org\example\tds\td3\conception\IHand.java. Using fallback presentation compiler.
2025.10.07 10:02:56 INFO  no build target found for C:\Users\panlu\Documents\Cours\M1_Mod_Archi_Patrons_Concep\app\src\main\java\org\example\tds\td3\conception\IHand.java. Using fallback presentation compiler.
2025.10.07 10:02:56 INFO  no build target found for C:\Users\panlu\Documents\Cours\M1_Mod_Archi_Patrons_Concep\app\src\main\java\org\example\tds\td3\conception\IHand.java. Using fallback presentation compiler.
2025.10.07 10:03:25 INFO  no build target found for C:\Users\panlu\Documents\Cours\M1_Mod_Archi_Patrons_Concep\app\src\main\java\org\example\tds\td3\conception\IHand.java. Using fallback presentation compiler.
2025.10.07 10:03:27 INFO  no build target found for C:\Users\panlu\Documents\Cours\M1_Mod_Archi_Patrons_Concep\app\src\main\java\org\example\tds\td3\conception\IHand.java. Using fallback presentation compiler.
2025.10.07 10:03:27 INFO  no build target found for C:\Users\panlu\Documents\Cours\M1_Mod_Archi_Patrons_Concep\app\src\main\java\org\example\tds\td3\conception\IHand.java. Using fallback presentation compiler.
2025.10.07 10:03:27 INFO  no build target found for C:\Users\panlu\Documents\Cours\M1_Mod_Archi_Patrons_Concep\app\src\main\java\org\example\tds\td3\conception\IHand.java. Using fallback presentation compiler.
2025.10.07 10:03:28 WARN  no build target for: C:\Users\panlu\Documents\Cours\M1_Mod_Archi_Patrons_Concep\app\src\main\java\org\example\tds\td3\conception\IHand.java
2025.10.07 10:03:28 INFO  no build target found for C:\Users\panlu\Documents\Cours\M1_Mod_Archi_Patrons_Concep\app\src\main\java\org\example\tds\td3\conception\IHand.java. Using fallback presentation compiler.
2025.10.07 10:06:28 INFO  no build target found for C:\Users\panlu\Documents\Cours\M1_Mod_Archi_Patrons_Concep\app\src\main\java\org\example\tds\td3\conception\IHand.java. Using fallback presentation compiler.
2025.10.07 10:06:34 INFO  no build target found for C:\Users\panlu\Documents\Cours\M1_Mod_Archi_Patrons_Concep\app\src\main\java\org\example\tds\td3\conception\IHand.java. Using fallback presentation compiler.
2025.10.07 10:06:36 INFO  no build target found for C:\Users\panlu\Documents\Cours\M1_Mod_Archi_Patrons_Concep\app\src\main\java\org\example\tds\td3\conception\IHand.java. Using fallback presentation compiler.
2025.10.07 10:06:36 INFO  no build target found for C:\Users\panlu\Documents\Cours\M1_Mod_Archi_Patrons_Concep\app\src\main\java\org\example\tds\td3\conception\IHand.java. Using fallback presentation compiler.
2025.10.07 10:06:36 INFO  no build target found for C:\Users\panlu\Documents\Cours\M1_Mod_Archi_Patrons_Concep\app\src\main\java\org\example\tds\td3\conception\IHand.java. Using fallback presentation compiler.
2025.10.07 10:06:39 INFO  no build target found for C:\Users\panlu\Documents\Cours\M1_Mod_Archi_Patrons_Concep\app\src\main\java\org\example\tds\td3\conception\IHand.java. Using fallback presentation compiler.
2025.10.07 10:06:39 INFO  no build target found for C:\Users\panlu\Documents\Cours\M1_Mod_Archi_Patrons_Concep\app\src\main\java\org\example\tds\td3\conception\IHand.java. Using fallback presentation compiler.
2025.10.07 10:06:41 INFO  no build target found for C:\Users\panlu\Documents\Cours\M1_Mod_Archi_Patrons_Concep\app\src\main\java\org\example\tds\td3\conception\IHand.java. Using fallback presentation compiler.
2025.10.07 10:06:41 INFO  no build target found for C:\Users\panlu\Documents\Cours\M1_Mod_Archi_Patrons_Concep\app\src\main\java\org\example\tds\td3\conception\IHand.java. Using fallback presentation compiler.
2025.10.07 10:06:45 INFO  no build target found for C:\Users\panlu\Documents\Cours\M1_Mod_Archi_Patrons_Concep\app\src\main\java\org\example\tds\td3\conception\IHand.java. Using fallback presentation compiler.
2025.10.07 10:06:45 INFO  no build target found for C:\Users\panlu\Documents\Cours\M1_Mod_Archi_Patrons_Concep\app\src\main\java\org\example\tds\td3\conception\IHand.java. Using fallback presentation compiler.
2025.10.07 10:06:47 INFO  no build target found for C:\Users\panlu\Documents\Cours\M1_Mod_Archi_Patrons_Concep\app\src\main\java\org\example\tds\td3\conception\Hand.java. Using fallback presentation compiler.
2025.10.07 10:06:47 WARN  no build target for: C:\Users\panlu\Documents\Cours\M1_Mod_Archi_Patrons_Concep\app\src\main\java\org\example\tds\td3\conception\Hand.java
2025.10.07 10:06:47 INFO  no build target found for C:\Users\panlu\Documents\Cours\M1_Mod_Archi_Patrons_Concep\app\src\main\java\org\example\tds\td3\conception\Hand.java. Using fallback presentation compiler.
2025.10.07 10:06:48 INFO  no build target found for C:\Users\panlu\Documents\Cours\M1_Mod_Archi_Patrons_Concep\app\src\main\java\org\example\tds\td3\conception\Hand.java. Using fallback presentation compiler.
2025.10.07 10:06:48 INFO  no build target found for C:\Users\panlu\Documents\Cours\M1_Mod_Archi_Patrons_Concep\app\src\main\java\org\example\tds\td3\conception\Hand.java. Using fallback presentation compiler.
2025.10.07 10:07:13 INFO  no build target found for C:\Users\panlu\Documents\Cours\M1_Mod_Archi_Patrons_Concep\app\src\main\java\org\example\tds\td3\conception\Hand.java. Using fallback presentation compiler.
oct. 07, 2025 10:07:13 A.M. org.eclipse.lsp4j.jsonrpc.RemoteEndpoint handleCancellation
WARNING: Unmatched cancel notification for request id 1472
2025.10.07 10:07:13 WARN  no build target for: C:\Users\panlu\Documents\Cours\M1_Mod_Archi_Patrons_Concep\app\src\main\java\org\example\tds\td3\conception\IHand.java
2025.10.07 10:07:13 INFO  no build target found for C:\Users\panlu\Documents\Cours\M1_Mod_Archi_Patrons_Concep\app\src\main\java\org\example\tds\td3\conception\IHand.java. Using fallback presentation compiler.
2025.10.07 10:07:13 INFO  no build target found for C:\Users\panlu\Documents\Cours\M1_Mod_Archi_Patrons_Concep\app\src\main\java\org\example\tds\td3\conception\IHand.java. Using fallback presentation compiler.
2025.10.07 10:07:14 INFO  no build target found for C:\Users\panlu\Documents\Cours\M1_Mod_Archi_Patrons_Concep\app\src\main\java\org\example\tds\td3\conception\IHand.java. Using fallback presentation compiler.
2025.10.07 10:07:14 INFO  no build target found for C:\Users\panlu\Documents\Cours\M1_Mod_Archi_Patrons_Concep\app\src\main\java\org\example\tds\td3\conception\IHand.java. Using fallback presentation compiler.
2025.10.07 10:07:15 INFO  no build target found for C:\Users\panlu\Documents\Cours\M1_Mod_Archi_Patrons_Concep\app\src\main\java\org\example\tds\td3\conception\IHand.java. Using fallback presentation compiler.
oct. 07, 2025 10:07:15 A.M. org.eclipse.lsp4j.jsonrpc.RemoteEndpoint handleCancellation
WARNING: Unmatched cancel notification for request id 1481
2025.10.07 10:07:15 INFO  no build target found for C:\Users\panlu\Documents\Cours\M1_Mod_Archi_Patrons_Concep\app\src\main\java\org\example\tds\td3\conception\IHand.java. Using fallback presentation compiler.
2025.10.07 10:07:16 INFO  no build target found for C:\Users\panlu\Documents\Cours\M1_Mod_Archi_Patrons_Concep\app\src\main\java\org\example\tds\td3\conception\IHand.java. Using fallback presentation compiler.
2025.10.07 10:07:16 INFO  no build target found for C:\Users\panlu\Documents\Cours\M1_Mod_Archi_Patrons_Concep\app\src\main\java\org\example\tds\td3\conception\IHand.java. Using fallback presentation compiler.
2025.10.07 10:07:18 INFO  no build target found for C:\Users\panlu\Documents\Cours\M1_Mod_Archi_Patrons_Concep\app\src\main\java\org\example\tds\td3\conception\IHand.java. Using fallback presentation compiler.
2025.10.07 10:07:18 INFO  no build target found for C:\Users\panlu\Documents\Cours\M1_Mod_Archi_Patrons_Concep\app\src\main\java\org\example\tds\td3\conception\IHand.java. Using fallback presentation compiler.
2025.10.07 10:07:18 INFO  no build target found for C:\Users\panlu\Documents\Cours\M1_Mod_Archi_Patrons_Concep\app\src\main\java\org\example\tds\td3\conception\IHand.java. Using fallback presentation compiler.
2025.10.07 10:07:18 INFO  no build target found for C:\Users\panlu\Documents\Cours\M1_Mod_Archi_Patrons_Concep\app\src\main\java\org\example\tds\td3\conception\IHand.java. Using fallback presentation compiler.
2025.10.07 10:07:18 INFO  no build target found for C:\Users\panlu\Documents\Cours\M1_Mod_Archi_Patrons_Concep\app\src\main\java\org\example\tds\td3\conception\IHand.java. Using fallback presentation compiler.
2025.10.07 10:07:19 INFO  no build target found for C:\Users\panlu\Documents\Cours\M1_Mod_Archi_Patrons_Concep\app\src\main\java\org\example\tds\td3\conception\IHand.java. Using fallback presentation compiler.
2025.10.07 10:07:19 INFO  no build target found for C:\Users\panlu\Documents\Cours\M1_Mod_Archi_Patrons_Concep\app\src\main\java\org\example\tds\td3\conception\IHand.java. Using fallback presentation compiler.
2025.10.07 10:07:19 INFO  no build target found for C:\Users\panlu\Documents\Cours\M1_Mod_Archi_Patrons_Concep\app\src\main\java\org\example\tds\td3\conception\IHand.java. Using fallback presentation compiler.
2025.10.07 10:07:19 INFO  no build target found for C:\Users\panlu\Documents\Cours\M1_Mod_Archi_Patrons_Concep\app\src\main\java\org\example\tds\td3\conception\IHand.java. Using fallback presentation compiler.
2025.10.07 10:07:19 INFO  no build target found for C:\Users\panlu\Documents\Cours\M1_Mod_Archi_Patrons_Concep\app\src\main\java\org\example\tds\td3\conception\IHand.java. Using fallback presentation compiler.
2025.10.07 10:07:19 INFO  no build target found for C:\Users\panlu\Documents\Cours\M1_Mod_Archi_Patrons_Concep\app\src\main\java\org\example\tds\td3\conception\IHand.java. Using fallback presentation compiler.
2025.10.07 10:07:19 INFO  no build target found for C:\Users\panlu\Documents\Cours\M1_Mod_Archi_Patrons_Concep\app\src\main\java\org\example\tds\td3\conception\IHand.java. Using fallback presentation compiler.
2025.10.07 10:07:20 INFO  no build target found for C:\Users\panlu\Documents\Cours\M1_Mod_Archi_Patrons_Concep\app\src\main\java\org\example\tds\td3\conception\IHand.java. Using fallback presentation compiler.
2025.10.07 10:07:20 INFO  no build target found for C:\Users\panlu\Documents\Cours\M1_Mod_Archi_Patrons_Concep\app\src\main\java\org\example\tds\td3\conception\IHand.java. Using fallback presentation compiler.
2025.10.07 10:07:20 INFO  no build target found for C:\Users\panlu\Documents\Cours\M1_Mod_Archi_Patrons_Concep\app\src\main\java\org\example\tds\td3\conception\IHand.java. Using fallback presentation compiler.
2025.10.07 10:07:21 INFO  no build target found for C:\Users\panlu\Documents\Cours\M1_Mod_Archi_Patrons_Concep\app\src\main\java\org\example\tds\td3\conception\IHand.java. Using fallback presentation compiler.
2025.10.07 10:07:20 INFO  no build target found for C:\Users\panlu\Documents\Cours\M1_Mod_Archi_Patrons_Concep\app\src\main\java\org\example\tds\td3\conception\IHand.java. Using fallback presentation compiler.
2025.10.07 10:07:21 WARN  no build target for: C:\Users\panlu\Documents\Cours\M1_Mod_Archi_Patrons_Concep\app\src\main\java\org\example\tds\td3\conception\IHand.java
2025.10.07 10:07:21 INFO  no build target found for C:\Users\panlu\Documents\Cours\M1_Mod_Archi_Patrons_Concep\app\src\main\java\org\example\tds\td3\conception\IHand.java. Using fallback presentation compiler.
2025.10.07 10:07:22 INFO  no build target found for C:\Users\panlu\Documents\Cours\M1_Mod_Archi_Patrons_Concep\app\src\main\java\org\example\tds\td3\conception\IHand.java. Using fallback presentation compiler.
2025.10.07 10:07:22 INFO  no build target found for C:\Users\panlu\Documents\Cours\M1_Mod_Archi_Patrons_Concep\app\src\main\java\org\example\tds\td3\conception\IHand.java. Using fallback presentation compiler.
2025.10.07 10:07:22 INFO  no build target found for C:\Users\panlu\Documents\Cours\M1_Mod_Archi_Patrons_Concep\app\src\main\java\org\example\tds\td3\conception\IHand.java. Using fallback presentation compiler.
2025.10.07 10:07:22 INFO  no build target found for C:\Users\panlu\Documents\Cours\M1_Mod_Archi_Patrons_Concep\app\src\main\java\org\example\tds\td3\conception\IHand.java. Using fallback presentation compiler.
2025.10.07 10:07:23 WARN  no build target for: C:\Users\panlu\Documents\Cours\M1_Mod_Archi_Patrons_Concep\app\src\main\java\org\example\tds\td3\conception\IHand.java
2025.10.07 10:07:23 INFO  no build target found for C:\Users\panlu\Documents\Cours\M1_Mod_Archi_Patrons_Concep\app\src\main\java\org\example\tds\td3\conception\IHand.java. Using fallback presentation compiler.
2025.10.07 10:07:24 INFO  no build target found for C:\Users\panlu\Documents\Cours\M1_Mod_Archi_Patrons_Concep\app\src\main\java\org\example\tds\td3\conception\IHand.java. Using fallback presentation compiler.
2025.10.07 10:08:09 INFO  no build target found for C:\Users\panlu\Documents\Cours\M1_Mod_Archi_Patrons_Concep\app\src\main\java\org\example\tds\td3\conception\IHand.java. Using fallback presentation compiler.
2025.10.07 10:08:09 INFO  no build target found for C:\Users\panlu\Documents\Cours\M1_Mod_Archi_Patrons_Concep\app\src\main\java\org\example\tds\td3\conception\IHand.java. Using fallback presentation compiler.
2025.10.07 10:08:11 INFO  no build target found for C:\Users\panlu\Documents\Cours\M1_Mod_Archi_Patrons_Concep\app\src\main\java\org\example\tds\td3\conception\IHand.java. Using fallback presentation compiler.
2025.10.07 10:08:11 INFO  no build target found for C:\Users\panlu\Documents\Cours\M1_Mod_Archi_Patrons_Concep\app\src\main\java\org\example\tds\td3\conception\IHand.java. Using fallback presentation compiler.
2025.10.07 10:08:11 INFO  no build target found for C:\Users\panlu\Documents\Cours\M1_Mod_Archi_Patrons_Concep\app\src\main\java\org\example\tds\td3\conception\IHand.java. Using fallback presentation compiler.
2025.10.07 10:08:11 INFO  no build target found for C:\Users\panlu\Documents\Cours\M1_Mod_Archi_Patrons_Concep\app\src\main\java\org\example\tds\td3\conception\IHand.java. Using fallback presentation compiler.
2025.10.07 10:08:12 INFO  no build target found for C:\Users\panlu\Documents\Cours\M1_Mod_Archi_Patrons_Concep\app\src\main\java\org\example\tds\td3\conception\IHand.java. Using fallback presentation compiler.
2025.10.07 10:08:12 INFO  no build target found for C:\Users\panlu\Documents\Cours\M1_Mod_Archi_Patrons_Concep\app\src\main\java\org\example\tds\td3\conception\IHand.java. Using fallback presentation compiler.
2025.10.07 10:08:12 INFO  no build target found for C:\Users\panlu\Documents\Cours\M1_Mod_Archi_Patrons_Concep\app\src\main\java\org\example\tds\td3\conception\IHand.java. Using fallback presentation compiler.
2025.10.07 10:08:13 INFO  no build target found for C:\Users\panlu\Documents\Cours\M1_Mod_Archi_Patrons_Concep\app\src\main\java\org\example\tds\td3\conception\IHand.java. Using fallback presentation compiler.
2025.10.07 10:08:13 INFO  no build target found for C:\Users\panlu\Documents\Cours\M1_Mod_Archi_Patrons_Concep\app\src\main\java\org\example\tds\td3\conception\IHand.java. Using fallback presentation compiler.
2025.10.07 10:08:13 INFO  no build target found for C:\Users\panlu\Documents\Cours\M1_Mod_Archi_Patrons_Concep\app\src\main\java\org\example\tds\td3\conception\IHand.java. Using fallback presentation compiler.
2025.10.07 10:08:14 INFO  no build target found for C:\Users\panlu\Documents\Cours\M1_Mod_Archi_Patrons_Concep\app\src\main\java\org\example\tds\td3\conception\IHand.java. Using fallback presentation compiler.
2025.10.07 10:08:13 INFO  no build target found for C:\Users\panlu\Documents\Cours\M1_Mod_Archi_Patrons_Concep\app\src\main\java\org\example\tds\td3\conception\IHand.java. Using fallback presentation compiler.
2025.10.07 10:08:13 INFO  no build target found for C:\Users\panlu\Documents\Cours\M1_Mod_Archi_Patrons_Concep\app\src\main\java\org\example\tds\td3\conception\IHand.java. Using fallback presentation compiler.
2025.10.07 10:08:13 INFO  no build target found for C:\Users\panlu\Documents\Cours\M1_Mod_Archi_Patrons_Concep\app\src\main\java\org\example\tds\td3\conception\IHand.java. Using fallback presentation compiler.
2025.10.07 10:08:13 INFO  no build target found for C:\Users\panlu\Documents\Cours\M1_Mod_Archi_Patrons_Concep\app\src\main\java\org\example\tds\td3\conception\IHand.java. Using fallback presentation compiler.
2025.10.07 10:08:14 INFO  no build target found for C:\Users\panlu\Documents\Cours\M1_Mod_Archi_Patrons_Concep\app\src\main\java\org\example\tds\td3\conception\IHand.java. Using fallback presentation compiler.
2025.10.07 10:08:13 INFO  no build target found for C:\Users\panlu\Documents\Cours\M1_Mod_Archi_Patrons_Concep\app\src\main\java\org\example\tds\td3\conception\IHand.java. Using fallback presentation compiler.
2025.10.07 10:08:15 INFO  no build target found for C:\Users\panlu\Documents\Cours\M1_Mod_Archi_Patrons_Concep\app\src\main\java\org\example\tds\td3\conception\IHand.java. Using fallback presentation compiler.
2025.10.07 10:08:15 INFO  no build target found for C:\Users\panlu\Documents\Cours\M1_Mod_Archi_Patrons_Concep\app\src\main\java\org\example\tds\td3\conception\IHand.java. Using fallback presentation compiler.
2025.10.07 10:08:15 INFO  no build target found for C:\Users\panlu\Documents\Cours\M1_Mod_Archi_Patrons_Concep\app\src\main\java\org\example\tds\td3\conception\IHand.java. Using fallback presentation compiler.
2025.10.07 10:08:15 INFO  no build target found for C:\Users\panlu\Documents\Cours\M1_Mod_Archi_Patrons_Concep\app\src\main\java\org\example\tds\td3\conception\IHand.java. Using fallback presentation compiler.
2025.10.07 10:08:15 INFO  no build target found for C:\Users\panlu\Documents\Cours\M1_Mod_Archi_Patrons_Concep\app\src\main\java\org\example\tds\td3\conception\IHand.java. Using fallback presentation compiler.
2025.10.07 10:08:15 INFO  no build target found for C:\Users\panlu\Documents\Cours\M1_Mod_Archi_Patrons_Concep\app\src\main\java\org\example\tds\td3\conception\IHand.java. Using fallback presentation compiler.
2025.10.07 10:08:16 INFO  no build target found for C:\Users\panlu\Documents\Cours\M1_Mod_Archi_Patrons_Concep\app\src\main\java\org\example\tds\td3\conception\IHand.java. Using fallback presentation compiler.
2025.10.07 10:08:16 INFO  no build target found for C:\Users\panlu\Documents\Cours\M1_Mod_Archi_Patrons_Concep\app\src\main\java\org\example\tds\td3\conception\IHand.java. Using fallback presentation compiler.
2025.10.07 10:08:16 WARN  no build target for: C:\Users\panlu\Documents\Cours\M1_Mod_Archi_Patrons_Concep\app\src\main\java\org\example\tds\td3\conception\IHand.java
2025.10.07 10:08:16 INFO  no build target found for C:\Users\panlu\Documents\Cours\M1_Mod_Archi_Patrons_Concep\app\src\main\java\org\example\tds\td3\conception\IHand.java. Using fallback presentation compiler.
2025.10.07 10:08:17 INFO  no build target found for C:\Users\panlu\Documents\Cours\M1_Mod_Archi_Patrons_Concep\app\src\main\java\org\example\tds\td3\conception\IHand.java. Using fallback presentation compiler.
2025.10.07 10:08:18 INFO  no build target found for C:\Users\panlu\Documents\Cours\M1_Mod_Archi_Patrons_Concep\app\src\main\java\org\example\tds\td3\conception\IHand.java. Using fallback presentation compiler.
2025.10.07 10:08:19 WARN  no build target for: C:\Users\panlu\Documents\Cours\M1_Mod_Archi_Patrons_Concep\app\src\main\java\org\example\tds\td3\conception\Hand.java
2025.10.07 10:08:19 INFO  no build target found for C:\Users\panlu\Documents\Cours\M1_Mod_Archi_Patrons_Concep\app\src\main\java\org\example\tds\td3\conception\Hand.java. Using fallback presentation compiler.
2025.10.07 10:08:19 INFO  no build target found for C:\Users\panlu\Documents\Cours\M1_Mod_Archi_Patrons_Concep\app\src\main\java\org\example\tds\td3\conception\Hand.java. Using fallback presentation compiler.
2025.10.07 10:08:19 INFO  no build target found for C:\Users\panlu\Documents\Cours\M1_Mod_Archi_Patrons_Concep\app\src\main\java\org\example\tds\td3\conception\Hand.java. Using fallback presentation compiler.
2025.10.07 10:08:19 INFO  no build target found for C:\Users\panlu\Documents\Cours\M1_Mod_Archi_Patrons_Concep\app\src\main\java\org\example\tds\td3\conception\Hand.java. Using fallback presentation compiler.
2025.10.07 10:08:21 INFO  no build target found for C:\Users\panlu\Documents\Cours\M1_Mod_Archi_Patrons_Concep\app\src\main\java\org\example\tds\td3\conception\Hand.java. Using fallback presentation compiler.
2025.10.07 10:08:21 INFO  no build target found for C:\Users\panlu\Documents\Cours\M1_Mod_Archi_Patrons_Concep\app\src\main\java\org\example\tds\td3\conception\Hand.java. Using fallback presentation compiler.
2025.10.07 10:08:21 INFO  no build target found for C:\Users\panlu\Documents\Cours\M1_Mod_Archi_Patrons_Concep\app\src\main\java\org\example\tds\td3\conception\Hand.java. Using fallback presentation compiler.
2025.10.07 10:08:21 INFO  no build target found for C:\Users\panlu\Documents\Cours\M1_Mod_Archi_Patrons_Concep\app\src\main\java\org\example\tds\td3\conception\Hand.java. Using fallback presentation compiler.
2025.10.07 10:08:21 INFO  no build target found for C:\Users\panlu\Documents\Cours\M1_Mod_Archi_Patrons_Concep\app\src\main\java\org\example\tds\td3\conception\Hand.java. Using fallback presentation compiler.
2025.10.07 10:08:21 INFO  no build target found for C:\Users\panlu\Documents\Cours\M1_Mod_Archi_Patrons_Concep\app\src\main\java\org\example\tds\td3\conception\Hand.java. Using fallback presentation compiler.
2025.10.07 10:08:21 INFO  no build target found for C:\Users\panlu\Documents\Cours\M1_Mod_Archi_Patrons_Concep\app\src\main\java\org\example\tds\td3\conception\Hand.java. Using fallback presentation compiler.
2025.10.07 10:08:22 INFO  no build target found for C:\Users\panlu\Documents\Cours\M1_Mod_Archi_Patrons_Concep\app\src\main\java\org\example\tds\td3\conception\Hand.java. Using fallback presentation compiler.
2025.10.07 10:08:22 WARN  no build target for: C:\Users\panlu\Documents\Cours\M1_Mod_Archi_Patrons_Concep\app\src\main\java\org\example\tds\td3\conception\Hand.java
2025.10.07 10:08:22 INFO  no build target found for C:\Users\panlu\Documents\Cours\M1_Mod_Archi_Patrons_Concep\app\src\main\java\org\example\tds\td3\conception\Hand.java. Using fallback presentation compiler.
2025.10.07 10:08:23 WARN  no build target for: C:\Users\panlu\Documents\Cours\M1_Mod_Archi_Patrons_Concep\app\src\main\java\org\example\tds\td3\conception\IHand.java
2025.10.07 10:08:23 INFO  no build target found for C:\Users\panlu\Documents\Cours\M1_Mod_Archi_Patrons_Concep\app\src\main\java\org\example\tds\td3\conception\IHand.java. Using fallback presentation compiler.
2025.10.07 10:08:23 INFO  no build target found for C:\Users\panlu\Documents\Cours\M1_Mod_Archi_Patrons_Concep\app\src\main\java\org\example\tds\td3\conception\IHand.java. Using fallback presentation compiler.
2025.10.07 10:08:23 INFO  no build target found for C:\Users\panlu\Documents\Cours\M1_Mod_Archi_Patrons_Concep\app\src\main\java\org\example\tds\td3\conception\IHand.java. Using fallback presentation compiler.
2025.10.07 10:08:26 INFO  no build target found for C:\Users\panlu\Documents\Cours\M1_Mod_Archi_Patrons_Concep\app\src\main\java\org\example\tds\td3\conception\IHand.java. Using fallback presentation compiler.
2025.10.07 10:08:32 INFO  no build target found for C:\Users\panlu\Documents\Cours\M1_Mod_Archi_Patrons_Concep\app\src\main\java\org\example\tds\td3\conception\IHand.java. Using fallback presentation compiler.
2025.10.07 10:08:52 INFO  no build target found for C:\Users\panlu\Documents\Cours\M1_Mod_Archi_Patrons_Concep\app\src\main\java\org\example\tds\td3\conception\IHand.java. Using fallback presentation compiler.
2025.10.07 10:08:52 INFO  no build target found for C:\Users\panlu\Documents\Cours\M1_Mod_Archi_Patrons_Concep\app\src\main\java\org\example\tds\td3\conception\IHand.java. Using fallback presentation compiler.
2025.10.07 10:08:55 INFO  no build target found for C:\Users\panlu\Documents\Cours\M1_Mod_Archi_Patrons_Concep\app\src\main\java\org\example\tds\td3\conception\IHand.java. Using fallback presentation compiler.
2025.10.07 10:08:58 INFO  no build target found for C:\Users\panlu\Documents\Cours\M1_Mod_Archi_Patrons_Concep\app\src\main\java\org\example\tds\td3\conception\IHand.java. Using fallback presentation compiler.
2025.10.07 10:09:04 INFO  no build target found for C:\Users\panlu\Documents\Cours\M1_Mod_Archi_Patrons_Concep\app\src\main\java\org\example\tds\td3\conception\IHand.java. Using fallback presentation compiler.
2025.10.07 10:09:04 INFO  no build target found for C:\Users\panlu\Documents\Cours\M1_Mod_Archi_Patrons_Concep\app\src\main\java\org\example\tds\td3\conception\IHand.java. Using fallback presentation compiler.
2025.10.07 10:09:04 INFO  no build target found for C:\Users\panlu\Documents\Cours\M1_Mod_Archi_Patrons_Concep\app\src\main\java\org\example\tds\td3\conception\IHand.java. Using fallback presentation compiler.
2025.10.07 10:09:05 INFO  no build target found for C:\Users\panlu\Documents\Cours\M1_Mod_Archi_Patrons_Concep\app\src\main\java\org\example\tds\td3\conception\IHand.java. Using fallback presentation compiler.
2025.10.07 10:09:05 INFO  no build target found for C:\Users\panlu\Documents\Cours\M1_Mod_Archi_Patrons_Concep\app\src\main\java\org\example\tds\td3\conception\IHand.java. Using fallback presentation compiler.
2025.10.07 10:09:05 INFO  no build target found for C:\Users\panlu\Documents\Cours\M1_Mod_Archi_Patrons_Concep\app\src\main\java\org\example\tds\td3\conception\IHand.java. Using fallback presentation compiler.
2025.10.07 10:09:05 INFO  no build target found for C:\Users\panlu\Documents\Cours\M1_Mod_Archi_Patrons_Concep\app\src\main\java\org\example\tds\td3\conception\IHand.java. Using fallback presentation compiler.
2025.10.07 10:09:06 INFO  no build target found for C:\Users\panlu\Documents\Cours\M1_Mod_Archi_Patrons_Concep\app\src\main\java\org\example\tds\td3\conception\IHand.java. Using fallback presentation compiler.
2025.10.07 10:09:06 INFO  no build target found for C:\Users\panlu\Documents\Cours\M1_Mod_Archi_Patrons_Concep\app\src\main\java\org\example\tds\td3\conception\IHand.java. Using fallback presentation compiler.
2025.10.07 10:09:06 INFO  no build target found for C:\Users\panlu\Documents\Cours\M1_Mod_Archi_Patrons_Concep\app\src\main\java\org\example\tds\td3\conception\IHand.java. Using fallback presentation compiler.
2025.10.07 10:09:07 WARN  no build target for: C:\Users\panlu\Documents\Cours\M1_Mod_Archi_Patrons_Concep\app\src\main\java\org\example\tds\td3\conception\IHand.java
2025.10.07 10:09:07 INFO  no build target found for C:\Users\panlu\Documents\Cours\M1_Mod_Archi_Patrons_Concep\app\src\main\java\org\example\tds\td3\conception\IHand.java. Using fallback presentation compiler.
2025.10.07 10:09:08 INFO  no build target found for C:\Users\panlu\Documents\Cours\M1_Mod_Archi_Patrons_Concep\app\src\main\java\org\example\tds\td3\conception\IHand.java. Using fallback presentation compiler.
2025.10.07 10:09:10 INFO  no build target found for C:\Users\panlu\Documents\Cours\M1_Mod_Archi_Patrons_Concep\app\src\main\java\org\example\tds\td3\conception\IHand.java. Using fallback presentation compiler.
2025.10.07 10:09:10 INFO  no build target found for C:\Users\panlu\Documents\Cours\M1_Mod_Archi_Patrons_Concep\app\src\main\java\org\example\tds\td3\conception\IHand.java. Using fallback presentation compiler.
2025.10.07 10:09:12 INFO  no build target found for C:\Users\panlu\Documents\Cours\M1_Mod_Archi_Patrons_Concep\app\src\main\java\org\example\tds\td3\conception\IHand.java. Using fallback presentation compiler.
2025.10.07 10:09:13 INFO  no build target found for C:\Users\panlu\Documents\Cours\M1_Mod_Archi_Patrons_Concep\app\src\main\java\org\example\tds\td3\conception\IHand.java. Using fallback presentation compiler.
2025.10.07 10:09:13 INFO  no build target found for C:\Users\panlu\Documents\Cours\M1_Mod_Archi_Patrons_Concep\app\src\main\java\org\example\tds\td3\conception\IHand.java. Using fallback presentation compiler.
2025.10.07 10:09:13 INFO  no build target found for C:\Users\panlu\Documents\Cours\M1_Mod_Archi_Patrons_Concep\app\src\main\java\org\example\tds\td3\conception\IHand.java. Using fallback presentation compiler.
2025.10.07 10:09:13 INFO  no build target found for C:\Users\panlu\Documents\Cours\M1_Mod_Archi_Patrons_Concep\app\src\main\java\org\example\tds\td3\conception\IHand.java. Using fallback presentation compiler.
2025.10.07 10:09:13 INFO  no build target found for C:\Users\panlu\Documents\Cours\M1_Mod_Archi_Patrons_Concep\app\src\main\java\org\example\tds\td3\conception\IHand.java. Using fallback presentation compiler.
2025.10.07 10:09:13 INFO  no build target found for C:\Users\panlu\Documents\Cours\M1_Mod_Archi_Patrons_Concep\app\src\main\java\org\example\tds\td3\conception\IHand.java. Using fallback presentation compiler.
2025.10.07 10:09:13 INFO  no build target found for C:\Users\panlu\Documents\Cours\M1_Mod_Archi_Patrons_Concep\app\src\main\java\org\example\tds\td3\conception\IHand.java. Using fallback presentation compiler.
2025.10.07 10:09:13 INFO  no build target found for C:\Users\panlu\Documents\Cours\M1_Mod_Archi_Patrons_Concep\app\src\main\java\org\example\tds\td3\conception\IHand.java. Using fallback presentation compiler.
2025.10.07 10:09:13 INFO  no build target found for C:\Users\panlu\Documents\Cours\M1_Mod_Archi_Patrons_Concep\app\src\main\java\org\example\tds\td3\conception\IHand.java. Using fallback presentation compiler.
2025.10.07 10:09:14 INFO  no build target found for C:\Users\panlu\Documents\Cours\M1_Mod_Archi_Patrons_Concep\app\src\main\java\org\example\tds\td3\conception\IHand.java. Using fallback presentation compiler.
2025.10.07 10:09:15 WARN  no build target for: C:\Users\panlu\Documents\Cours\M1_Mod_Archi_Patrons_Concep\app\src\main\java\org\example\tds\td3\conception\IHand.java
2025.10.07 10:09:15 INFO  no build target found for C:\Users\panlu\Documents\Cours\M1_Mod_Archi_Patrons_Concep\app\src\main\java\org\example\tds\td3\conception\IHand.java. Using fallback presentation compiler.
2025.10.07 10:09:15 INFO  Created report: Optional[file:///C:/Users/panlu/Documents/Cours/M1_Mod_Archi_Patrons_Concep/app/src/main/java/org/example/tds/td3/conception/IHand.java]
2025.10.07 10:09:15 WARN  Running javac-semanticdb failed for file:///C:/Users/panlu/Documents/Cours/M1_Mod_Archi_Patrons_Concep/app/src/main/java/org/example/tds/td3/conception/IHand.java. Output:

2025.10.07 10:09:15 INFO  QDox parse error in file:///C:/Users/panlu/Documents/Cours/M1_Mod_Archi_Patrons_Concep/app/src/main/java/org/example/tds/td3/conception/IHand.java (full report at: "C:\Users\panlu\Documents\Cours\M1_Mod_Archi_Patrons_Concep\.metals\.reports\metals-full\2025-10-07\r_qdox-error_10-09-15-441.md")
2025.10.07 10:09:15 INFO  no build target found for C:\Users\panlu\Documents\Cours\M1_Mod_Archi_Patrons_Concep\app\src\main\java\org\example\tds\td3\conception\IHand.java. Using fallback presentation compiler.
2025.10.07 10:09:15 INFO  no build target found for C:\Users\panlu\Documents\Cours\M1_Mod_Archi_Patrons_Concep\app\src\main\java\org\example\tds\td3\conception\IHand.java. Using fallback presentation compiler.
2025.10.07 10:09:15 INFO  no build target found for C:\Users\panlu\Documents\Cours\M1_Mod_Archi_Patrons_Concep\app\src\main\java\org\example\tds\td3\conception\IHand.java. Using fallback presentation compiler.
2025.10.07 10:09:15 INFO  no build target found for C:\Users\panlu\Documents\Cours\M1_Mod_Archi_Patrons_Concep\app\src\main\java\org\example\tds\td3\conception\IHand.java. Using fallback presentation compiler.
2025.10.07 10:09:16 INFO  no build target found for C:\Users\panlu\Documents\Cours\M1_Mod_Archi_Patrons_Concep\app\src\main\java\org\example\tds\td3\conception\IHand.java. Using fallback presentation compiler.
2025.10.07 10:09:17 WARN  no build target for: C:\Users\panlu\Documents\Cours\M1_Mod_Archi_Patrons_Concep\app\src\main\java\org\example\tds\td3\conception\IHand.java
2025.10.07 10:09:17 INFO  no build target found for C:\Users\panlu\Documents\Cours\M1_Mod_Archi_Patrons_Concep\app\src\main\java\org\example\tds\td3\conception\IHand.java. Using fallback presentation compiler.
2025.10.07 10:09:20 INFO  no build target found for C:\Users\panlu\Documents\Cours\M1_Mod_Archi_Patrons_Concep\app\src\main\java\org\example\tds\td3\conception\IHand.java. Using fallback presentation compiler.
2025.10.07 10:09:20 INFO  no build target found for C:\Users\panlu\Documents\Cours\M1_Mod_Archi_Patrons_Concep\app\src\main\java\org\example\tds\td3\conception\IHand.java. Using fallback presentation compiler.
2025.10.07 10:09:20 INFO  no build target found for C:\Users\panlu\Documents\Cours\M1_Mod_Archi_Patrons_Concep\app\src\main\java\org\example\tds\td3\conception\IHand.java. Using fallback presentation compiler.
2025.10.07 10:09:20 INFO  no build target found for C:\Users\panlu\Documents\Cours\M1_Mod_Archi_Patrons_Concep\app\src\main\java\org\example\tds\td3\conception\IHand.java. Using fallback presentation compiler.
2025.10.07 10:09:20 INFO  no build target found for C:\Users\panlu\Documents\Cours\M1_Mod_Archi_Patrons_Concep\app\src\main\java\org\example\tds\td3\conception\IHand.java. Using fallback presentation compiler.
2025.10.07 10:09:20 INFO  no build target found for C:\Users\panlu\Documents\Cours\M1_Mod_Archi_Patrons_Concep\app\src\main\java\org\example\tds\td3\conception\IHand.java. Using fallback presentation compiler.
2025.10.07 10:09:20 INFO  no build target found for C:\Users\panlu\Documents\Cours\M1_Mod_Archi_Patrons_Concep\app\src\main\java\org\example\tds\td3\conception\IHand.java. Using fallback presentation compiler.
2025.10.07 10:09:20 INFO  no build target found for C:\Users\panlu\Documents\Cours\M1_Mod_Archi_Patrons_Concep\app\src\main\java\org\example\tds\td3\conception\IHand.java. Using fallback presentation compiler.
2025.10.07 10:09:20 INFO  no build target found for C:\Users\panlu\Documents\Cours\M1_Mod_Archi_Patrons_Concep\app\src\main\java\org\example\tds\td3\conception\IHand.java. Using fallback presentation compiler.
2025.10.07 10:09:20 INFO  no build target found for C:\Users\panlu\Documents\Cours\M1_Mod_Archi_Patrons_Concep\app\src\main\java\org\example\tds\td3\conception\IHand.java. Using fallback presentation compiler.
2025.10.07 10:09:21 INFO  no build target found for C:\Users\panlu\Documents\Cours\M1_Mod_Archi_Patrons_Concep\app\src\main\java\org\example\tds\td3\conception\IHand.java. Using fallback presentation compiler.
2025.10.07 10:09:21 INFO  no build target found for C:\Users\panlu\Documents\Cours\M1_Mod_Archi_Patrons_Concep\app\src\main\java\org\example\tds\td3\conception\IHand.java. Using fallback presentation compiler.
2025.10.07 10:09:21 INFO  no build target found for C:\Users\panlu\Documents\Cours\M1_Mod_Archi_Patrons_Concep\app\src\main\java\org\example\tds\td3\conception\IHand.java. Using fallback presentation compiler.
2025.10.07 10:09:21 INFO  no build target found for C:\Users\panlu\Documents\Cours\M1_Mod_Archi_Patrons_Concep\app\src\main\java\org\example\tds\td3\conception\IHand.java. Using fallback presentation compiler.
2025.10.07 10:09:22 INFO  no build target found for C:\Users\panlu\Documents\Cours\M1_Mod_Archi_Patrons_Concep\app\src\main\java\org\example\tds\td3\conception\IHand.java. Using fallback presentation compiler.
2025.10.07 10:09:22 INFO  no build target found for C:\Users\panlu\Documents\Cours\M1_Mod_Archi_Patrons_Concep\app\src\main\java\org\example\tds\td3\conception\IHand.java. Using fallback presentation compiler.
2025.10.07 10:09:22 INFO  no build target found for C:\Users\panlu\Documents\Cours\M1_Mod_Archi_Patrons_Concep\app\src\main\java\org\example\tds\td3\conception\IHand.java. Using fallback presentation compiler.
2025.10.07 10:09:22 INFO  no build target found for C:\Users\panlu\Documents\Cours\M1_Mod_Archi_Patrons_Concep\app\src\main\java\org\example\tds\td3\conception\IHand.java. Using fallback presentation compiler.
2025.10.07 10:09:23 INFO  no build target found for C:\Users\panlu\Documents\Cours\M1_Mod_Archi_Patrons_Concep\app\src\main\java\org\example\tds\td3\conception\IHand.java. Using fallback presentation compiler.
2025.10.07 10:09:23 WARN  no build target for: C:\Users\panlu\Documents\Cours\M1_Mod_Archi_Patrons_Concep\app\src\main\java\org\example\tds\td3\conception\IHand.java
2025.10.07 10:09:24 INFO  no build target found for C:\Users\panlu\Documents\Cours\M1_Mod_Archi_Patrons_Concep\app\src\main\java\org\example\tds\td3\conception\IHand.java. Using fallback presentation compiler.
2025.10.07 10:09:24 INFO  no build target found for C:\Users\panlu\Documents\Cours\M1_Mod_Archi_Patrons_Concep\app\src\main\java\org\example\tds\td3\conception\IHand.java. Using fallback presentation compiler.
2025.10.07 10:09:24 INFO  no build target found for C:\Users\panlu\Documents\Cours\M1_Mod_Archi_Patrons_Concep\app\src\main\java\org\example\tds\td3\conception\IHand.java. Using fallback presentation compiler.
2025.10.07 10:09:24 INFO  no build target found for C:\Users\panlu\Documents\Cours\M1_Mod_Archi_Patrons_Concep\app\src\main\java\org\example\tds\td3\conception\IHand.java. Using fallback presentation compiler.
2025.10.07 10:09:23 INFO  no build target found for C:\Users\panlu\Documents\Cours\M1_Mod_Archi_Patrons_Concep\app\src\main\java\org\example\tds\td3\conception\IHand.java. Using fallback presentation compiler.
2025.10.07 10:09:24 INFO  no build target found for C:\Users\panlu\Documents\Cours\M1_Mod_Archi_Patrons_Concep\app\src\main\java\org\example\tds\td3\conception\IHand.java. Using fallback presentation compiler.
2025.10.07 10:09:24 INFO  no build target found for C:\Users\panlu\Documents\Cours\M1_Mod_Archi_Patrons_Concep\app\src\main\java\org\example\tds\td3\conception\IHand.java. Using fallback presentation compiler.
2025.10.07 10:09:25 INFO  no build target found for C:\Users\panlu\Documents\Cours\M1_Mod_Archi_Patrons_Concep\app\src\main\java\org\example\tds\td3\conception\IHand.java. Using fallback presentation compiler.
2025.10.07 10:09:24 INFO  no build target found for C:\Users\panlu\Documents\Cours\M1_Mod_Archi_Patrons_Concep\app\src\main\java\org\example\tds\td3\conception\IHand.java. Using fallback presentation compiler.
2025.10.07 10:09:25 INFO  no build target found for C:\Users\panlu\Documents\Cours\M1_Mod_Archi_Patrons_Concep\app\src\main\java\org\example\tds\td3\conception\IHand.java. Using fallback presentation compiler.
2025.10.07 10:09:25 INFO  no build target found for C:\Users\panlu\Documents\Cours\M1_Mod_Archi_Patrons_Concep\app\src\main\java\org\example\tds\td3\conception\IHand.java. Using fallback presentation compiler.
2025.10.07 10:09:25 INFO  no build target found for C:\Users\panlu\Documents\Cours\M1_Mod_Archi_Patrons_Concep\app\src\main\java\org\example\tds\td3\conception\IHand.java. Using fallback presentation compiler.
2025.10.07 10:09:25 INFO  no build target found for C:\Users\panlu\Documents\Cours\M1_Mod_Archi_Patrons_Concep\app\src\main\java\org\example\tds\td3\conception\IHand.java. Using fallback presentation compiler.
2025.10.07 10:09:25 INFO  no build target found for C:\Users\panlu\Documents\Cours\M1_Mod_Archi_Patrons_Concep\app\src\main\java\org\example\tds\td3\conception\IHand.java. Using fallback presentation compiler.
2025.10.07 10:09:25 INFO  no build target found for C:\Users\panlu\Documents\Cours\M1_Mod_Archi_Patrons_Concep\app\src\main\java\org\example\tds\td3\conception\IHand.java. Using fallback presentation compiler.
2025.10.07 10:09:25 INFO  no build target found for C:\Users\panlu\Documents\Cours\M1_Mod_Archi_Patrons_Concep\app\src\main\java\org\example\tds\td3\conception\IHand.java. Using fallback presentation compiler.
2025.10.07 10:09:25 INFO  no build target found for C:\Users\panlu\Documents\Cours\M1_Mod_Archi_Patrons_Concep\app\src\main\java\org\example\tds\td3\conception\IHand.java. Using fallback presentation compiler.
2025.10.07 10:09:26 INFO  no build target found for C:\Users\panlu\Documents\Cours\M1_Mod_Archi_Patrons_Concep\app\src\main\java\org\example\tds\td3\conception\IHand.java. Using fallback presentation compiler.
2025.10.07 10:09:26 INFO  no build target found for C:\Users\panlu\Documents\Cours\M1_Mod_Archi_Patrons_Concep\app\src\main\java\org\example\tds\td3\conception\IHand.java. Using fallback presentation compiler.
2025.10.07 10:09:27 WARN  no build target for: C:\Users\panlu\Documents\Cours\M1_Mod_Archi_Patrons_Concep\app\src\main\java\org\example\tds\td3\conception\IHand.java
2025.10.07 10:09:27 INFO  no build target found for C:\Users\panlu\Documents\Cours\M1_Mod_Archi_Patrons_Concep\app\src\main\java\org\example\tds\td3\conception\IHand.java. Using fallback presentation compiler.
2025.10.07 10:09:26 INFO  no build target found for C:\Users\panlu\Documents\Cours\M1_Mod_Archi_Patrons_Concep\app\src\main\java\org\example\tds\td3\conception\IHand.java. Using fallback presentation compiler.
2025.10.07 10:09:27 INFO  no build target found for C:\Users\panlu\Documents\Cours\M1_Mod_Archi_Patrons_Concep\app\src\main\java\org\example\tds\td3\conception\IHand.java. Using fallback presentation compiler.
2025.10.07 10:09:28 WARN  no build target for: C:\Users\panlu\Documents\Cours\M1_Mod_Archi_Patrons_Concep\app\src\main\java\org\example\tds\td3\conception\IHand.java
2025.10.07 10:09:28 INFO  no build target found for C:\Users\panlu\Documents\Cours\M1_Mod_Archi_Patrons_Concep\app\src\main\java\org\example\tds\td3\conception\IHand.java. Using fallback presentation compiler.
2025.10.07 10:09:28 INFO  no build target found for C:\Users\panlu\Documents\Cours\M1_Mod_Archi_Patrons_Concep\app\src\main\java\org\example\tds\td3\conception\IHand.java. Using fallback presentation compiler.
2025.10.07 10:09:28 INFO  no build target found for C:\Users\panlu\Documents\Cours\M1_Mod_Archi_Patrons_Concep\app\src\main\java\org\example\tds\td3\conception\IHand.java. Using fallback presentation compiler.
2025.10.07 10:09:28 INFO  no build target found for C:\Users\panlu\Documents\Cours\M1_Mod_Archi_Patrons_Concep\app\src\main\java\org\example\tds\td3\conception\IHand.java. Using fallback presentation compiler.
2025.10.07 10:09:28 INFO  no build target found for C:\Users\panlu\Documents\Cours\M1_Mod_Archi_Patrons_Concep\app\src\main\java\org\example\tds\td3\conception\IHand.java. Using fallback presentation compiler.
2025.10.07 10:09:28 INFO  no build target found for C:\Users\panlu\Documents\Cours\M1_Mod_Archi_Patrons_Concep\app\src\main\java\org\example\tds\td3\conception\IHand.java. Using fallback presentation compiler.
2025.10.07 10:09:30 WARN  no build target for: C:\Users\panlu\Documents\Cours\M1_Mod_Archi_Patrons_Concep\app\src\main\java\org\example\tds\td3\conception\IHand.java
2025.10.07 10:09:30 INFO  no build target found for C:\Users\panlu\Documents\Cours\M1_Mod_Archi_Patrons_Concep\app\src\main\java\org\example\tds\td3\conception\IHand.java. Using fallback presentation compiler.
2025.10.07 10:09:31 INFO  no build target found for C:\Users\panlu\Documents\Cours\M1_Mod_Archi_Patrons_Concep\app\src\main\java\org\example\tds\td3\conception\IHand.java. Using fallback presentation compiler.
2025.10.07 10:09:31 INFO  no build target found for C:\Users\panlu\Documents\Cours\M1_Mod_Archi_Patrons_Concep\app\src\main\java\org\example\tds\td3\conception\IHand.java. Using fallback presentation compiler.
2025.10.07 10:09:31 INFO  no build target found for C:\Users\panlu\Documents\Cours\M1_Mod_Archi_Patrons_Concep\app\src\main\java\org\example\tds\td3\conception\IHand.java. Using fallback presentation compiler.
2025.10.07 10:09:31 INFO  no build target found for C:\Users\panlu\Documents\Cours\M1_Mod_Archi_Patrons_Concep\app\src\main\java\org\example\tds\td3\conception\IHand.java. Using fallback presentation compiler.
2025.10.07 10:09:31 INFO  no build target found for C:\Users\panlu\Documents\Cours\M1_Mod_Archi_Patrons_Concep\app\src\main\java\org\example\tds\td3\conception\IHand.java. Using fallback presentation compiler.
2025.10.07 10:09:31 INFO  no build target found for C:\Users\panlu\Documents\Cours\M1_Mod_Archi_Patrons_Concep\app\src\main\java\org\example\tds\td3\conception\IHand.java. Using fallback presentation compiler.
2025.10.07 10:09:31 INFO  no build target found for C:\Users\panlu\Documents\Cours\M1_Mod_Archi_Patrons_Concep\app\src\main\java\org\example\tds\td3\conception\IHand.java. Using fallback presentation compiler.
2025.10.07 10:09:31 INFO  no build target found for C:\Users\panlu\Documents\Cours\M1_Mod_Archi_Patrons_Concep\app\src\main\java\org\example\tds\td3\conception\IHand.java. Using fallback presentation compiler.
2025.10.07 10:09:31 INFO  no build target found for C:\Users\panlu\Documents\Cours\M1_Mod_Archi_Patrons_Concep\app\src\main\java\org\example\tds\td3\conception\IHand.java. Using fallback presentation compiler.
2025.10.07 10:09:31 INFO  no build target found for C:\Users\panlu\Documents\Cours\M1_Mod_Archi_Patrons_Concep\app\src\main\java\org\example\tds\td3\conception\IHand.java. Using fallback presentation compiler.
2025.10.07 10:09:32 INFO  no build target found for C:\Users\panlu\Documents\Cours\M1_Mod_Archi_Patrons_Concep\app\src\main\java\org\example\tds\td3\conception\IHand.java. Using fallback presentation compiler.
2025.10.07 10:09:32 INFO  no build target found for C:\Users\panlu\Documents\Cours\M1_Mod_Archi_Patrons_Concep\app\src\main\java\org\example\tds\td3\conception\IHand.java. Using fallback presentation compiler.
2025.10.07 10:09:32 INFO  no build target found for C:\Users\panlu\Documents\Cours\M1_Mod_Archi_Patrons_Concep\app\src\main\java\org\example\tds\td3\conception\IHand.java. Using fallback presentation compiler.
2025.10.07 10:09:32 WARN  no build target for: C:\Users\panlu\Documents\Cours\M1_Mod_Archi_Patrons_Concep\app\src\main\java\org\example\tds\td3\conception\IHand.java
2025.10.07 10:09:33 INFO  no build target found for C:\Users\panlu\Documents\Cours\M1_Mod_Archi_Patrons_Concep\app\src\main\java\org\example\tds\td3\conception\IHand.java. Using fallback presentation compiler.
2025.10.07 10:09:33 INFO  QDox parse error in file:///C:/Users/panlu/Documents/Cours/M1_Mod_Archi_Patrons_Concep/app/src/main/java/org/example/tds/td3/conception/IHand.java (full report at: "C:\Users\panlu\Documents\Cours\M1_Mod_Archi_Patrons_Concep\.metals\.reports\metals-full\2025-10-07\r_qdox-error_10-09-15-441.md")
2025.10.07 10:09:33 WARN  Running javac-semanticdb failed for file:///C:/Users/panlu/Documents/Cours/M1_Mod_Archi_Patrons_Concep/app/src/main/java/org/example/tds/td3/conception/IHand.java. Output:

2025.10.07 10:09:32 INFO  no build target found for C:\Users\panlu\Documents\Cours\M1_Mod_Archi_Patrons_Concep\app\src\main\java\org\example\tds\td3\conception\IHand.java. Using fallback presentation compiler.
2025.10.07 10:09:33 INFO  no build target found for C:\Users\panlu\Documents\Cours\M1_Mod_Archi_Patrons_Concep\app\src\main\java\org\example\tds\td3\conception\IHand.java. Using fallback presentation compiler.
2025.10.07 10:09:33 INFO  no build target found for C:\Users\panlu\Documents\Cours\M1_Mod_Archi_Patrons_Concep\app\src\main\java\org\example\tds\td3\conception\IHand.java. Using fallback presentation compiler.
2025.10.07 10:09:33 INFO  no build target found for C:\Users\panlu\Documents\Cours\M1_Mod_Archi_Patrons_Concep\app\src\main\java\org\example\tds\td3\conception\IHand.java. Using fallback presentation compiler.
2025.10.07 10:09:34 WARN  Running javac-semanticdb failed for file:///C:/Users/panlu/Documents/Cours/M1_Mod_Archi_Patrons_Concep/app/src/main/java/org/example/tds/td3/conception/IHand.java. Output:

2025.10.07 10:09:34 INFO  QDox parse error in file:///C:/Users/panlu/Documents/Cours/M1_Mod_Archi_Patrons_Concep/app/src/main/java/org/example/tds/td3/conception/IHand.java (full report at: "C:\Users\panlu\Documents\Cours\M1_Mod_Archi_Patrons_Concep\.metals\.reports\metals-full\2025-10-07\r_qdox-error_10-09-15-441.md")
2025.10.07 10:09:33 WARN  no build target for: C:\Users\panlu\Documents\Cours\M1_Mod_Archi_Patrons_Concep\app\src\main\java\org\example\tds\td3\conception\IHand.java
2025.10.07 10:09:34 INFO  no build target found for C:\Users\panlu\Documents\Cours\M1_Mod_Archi_Patrons_Concep\app\src\main\java\org\example\tds\td3\conception\IHand.java. Using fallback presentation compiler.
2025.10.07 10:09:34 INFO  no build target found for C:\Users\panlu\Documents\Cours\M1_Mod_Archi_Patrons_Concep\app\src\main\java\org\example\tds\td3\conception\IHand.java. Using fallback presentation compiler.
2025.10.07 10:09:34 INFO  no build target found for C:\Users\panlu\Documents\Cours\M1_Mod_Archi_Patrons_Concep\app\src\main\java\org\example\tds\td3\conception\IHand.java. Using fallback presentation compiler.
2025.10.07 10:09:34 INFO  no build target found for C:\Users\panlu\Documents\Cours\M1_Mod_Archi_Patrons_Concep\app\src\main\java\org\example\tds\td3\conception\IHand.java. Using fallback presentation compiler.
2025.10.07 10:09:34 INFO  no build target found for C:\Users\panlu\Documents\Cours\M1_Mod_Archi_Patrons_Concep\app\src\main\java\org\example\tds\td3\conception\IHand.java. Using fallback presentation compiler.
2025.10.07 10:09:35 INFO  no build target found for C:\Users\panlu\Documents\Cours\M1_Mod_Archi_Patrons_Concep\app\src\main\java\org\example\tds\td3\conception\IHand.java. Using fallback presentation compiler.
2025.10.07 10:09:35 INFO  no build target found for C:\Users\panlu\Documents\Cours\M1_Mod_Archi_Patrons_Concep\app\src\main\java\org\example\tds\td3\conception\IHand.java. Using fallback presentation compiler.
2025.10.07 10:09:35 INFO  no build target found for C:\Users\panlu\Documents\Cours\M1_Mod_Archi_Patrons_Concep\app\src\main\java\org\example\tds\td3\conception\IHand.java. Using fallback presentation compiler.
2025.10.07 10:09:35 INFO  no build target found for C:\Users\panlu\Documents\Cours\M1_Mod_Archi_Patrons_Concep\app\src\main\java\org\example\tds\td3\conception\IHand.java. Using fallback presentation compiler.
2025.10.07 10:09:35 INFO  no build target found for C:\Users\panlu\Documents\Cours\M1_Mod_Archi_Patrons_Concep\app\src\main\java\org\example\tds\td3\conception\IHand.java. Using fallback presentation compiler.
2025.10.07 10:09:35 INFO  no build target found for C:\Users\panlu\Documents\Cours\M1_Mod_Archi_Patrons_Concep\app\src\main\java\org\example\tds\td3\conception\IHand.java. Using fallback presentation compiler.
2025.10.07 10:09:36 INFO  no build target found for C:\Users\panlu\Documents\Cours\M1_Mod_Archi_Patrons_Concep\app\src\main\java\org\example\tds\td3\conception\IHand.java. Using fallback presentation compiler.
2025.10.07 10:09:36 INFO  no build target found for C:\Users\panlu\Documents\Cours\M1_Mod_Archi_Patrons_Concep\app\src\main\java\org\example\tds\td3\conception\IHand.java. Using fallback presentation compiler.
2025.10.07 10:09:36 INFO  no build target found for C:\Users\panlu\Documents\Cours\M1_Mod_Archi_Patrons_Concep\app\src\main\java\org\example\tds\td3\conception\IHand.java. Using fallback presentation compiler.
2025.10.07 10:09:36 INFO  no build target found for C:\Users\panlu\Documents\Cours\M1_Mod_Archi_Patrons_Concep\app\src\main\java\org\example\tds\td3\conception\IHand.java. Using fallback presentation compiler.
2025.10.07 10:09:36 INFO  no build target found for C:\Users\panlu\Documents\Cours\M1_Mod_Archi_Patrons_Concep\app\src\main\java\org\example\tds\td3\conception\IHand.java. Using fallback presentation compiler.
2025.10.07 10:09:36 INFO  no build target found for C:\Users\panlu\Documents\Cours\M1_Mod_Archi_Patrons_Concep\app\src\main\java\org\example\tds\td3\conception\IHand.java. Using fallback presentation compiler.
2025.10.07 10:09:37 INFO  no build target found for C:\Users\panlu\Documents\Cours\M1_Mod_Archi_Patrons_Concep\app\src\main\java\org\example\tds\td3\conception\IHand.java. Using fallback presentation compiler.
2025.10.07 10:09:36 INFO  no build target found for C:\Users\panlu\Documents\Cours\M1_Mod_Archi_Patrons_Concep\app\src\main\java\org\example\tds\td3\conception\IHand.java. Using fallback presentation compiler.
2025.10.07 10:09:36 INFO  no build target found for C:\Users\panlu\Documents\Cours\M1_Mod_Archi_Patrons_Concep\app\src\main\java\org\example\tds\td3\conception\IHand.java. Using fallback presentation compiler.
2025.10.07 10:09:36 INFO  no build target found for C:\Users\panlu\Documents\Cours\M1_Mod_Archi_Patrons_Concep\app\src\main\java\org\example\tds\td3\conception\IHand.java. Using fallback presentation compiler.
2025.10.07 10:09:36 INFO  no build target found for C:\Users\panlu\Documents\Cours\M1_Mod_Archi_Patrons_Concep\app\src\main\java\org\example\tds\td3\conception\IHand.java. Using fallback presentation compiler.
2025.10.07 10:09:36 INFO  no build target found for C:\Users\panlu\Documents\Cours\M1_Mod_Archi_Patrons_Concep\app\src\main\java\org\example\tds\td3\conception\IHand.java. Using fallback presentation compiler.
2025.10.07 10:09:37 INFO  no build target found for C:\Users\panlu\Documents\Cours\M1_Mod_Archi_Patrons_Concep\app\src\main\java\org\example\tds\td3\conception\IHand.java. Using fallback presentation compiler.
2025.10.07 10:09:37 INFO  no build target found for C:\Users\panlu\Documents\Cours\M1_Mod_Archi_Patrons_Concep\app\src\main\java\org\example\tds\td3\conception\IHand.java. Using fallback presentation compiler.
2025.10.07 10:09:38 WARN  no build target for: C:\Users\panlu\Documents\Cours\M1_Mod_Archi_Patrons_Concep\app\src\main\java\org\example\tds\td3\conception\IHand.java
2025.10.07 10:09:38 INFO  no build target found for C:\Users\panlu\Documents\Cours\M1_Mod_Archi_Patrons_Concep\app\src\main\java\org\example\tds\td3\conception\IHand.java. Using fallback presentation compiler.
2025.10.07 10:09:37 INFO  no build target found for C:\Users\panlu\Documents\Cours\M1_Mod_Archi_Patrons_Concep\app\src\main\java\org\example\tds\td3\conception\IHand.java. Using fallback presentation compiler.
2025.10.07 10:09:39 INFO  no build target found for C:\Users\panlu\Documents\Cours\M1_Mod_Archi_Patrons_Concep\app\src\main\java\org\example\tds\td3\conception\IHand.java. Using fallback presentation compiler.
2025.10.07 10:09:41 INFO  no build target found for C:\Users\panlu\Documents\Cours\M1_Mod_Archi_Patrons_Concep\app\src\main\java\org\example\tds\td3\conception\IHand.java. Using fallback presentation compiler.
2025.10.07 10:09:41 INFO  no build target found for C:\Users\panlu\Documents\Cours\M1_Mod_Archi_Patrons_Concep\app\src\main\java\org\example\tds\td3\conception\IHand.java. Using fallback presentation compiler.
2025.10.07 10:09:41 INFO  no build target found for C:\Users\panlu\Documents\Cours\M1_Mod_Archi_Patrons_Concep\app\src\main\java\org\example\tds\td3\conception\IHand.java. Using fallback presentation compiler.
2025.10.07 10:09:41 INFO  no build target found for C:\Users\panlu\Documents\Cours\M1_Mod_Archi_Patrons_Concep\app\src\main\java\org\example\tds\td3\conception\IHand.java. Using fallback presentation compiler.
2025.10.07 10:09:42 INFO  no build target found for C:\Users\panlu\Documents\Cours\M1_Mod_Archi_Patrons_Concep\app\src\main\java\org\example\tds\td3\conception\IHand.java. Using fallback presentation compiler.
2025.10.07 10:09:43 INFO  no build target found for C:\Users\panlu\Documents\Cours\M1_Mod_Archi_Patrons_Concep\app\src\main\java\org\example\tds\td3\conception\IHand.java. Using fallback presentation compiler.
2025.10.07 10:09:43 WARN  no build target for: C:\Users\panlu\Documents\Cours\M1_Mod_Archi_Patrons_Concep\app\src\main\java\org\example\tds\td3\conception\IHand.java
2025.10.07 10:09:43 INFO  no build target found for C:\Users\panlu\Documents\Cours\M1_Mod_Archi_Patrons_Concep\app\src\main\java\org\example\tds\td3\conception\IHand.java. Using fallback presentation compiler.
2025.10.07 10:09:43 INFO  no build target found for C:\Users\panlu\Documents\Cours\M1_Mod_Archi_Patrons_Concep\app\src\main\java\org\example\tds\td3\conception\IHand.java. Using fallback presentation compiler.
2025.10.07 10:09:43 INFO  no build target found for C:\Users\panlu\Documents\Cours\M1_Mod_Archi_Patrons_Concep\app\src\main\java\org\example\tds\td3\conception\IHand.java. Using fallback presentation compiler.
2025.10.07 10:09:43 INFO  no build target found for C:\Users\panlu\Documents\Cours\M1_Mod_Archi_Patrons_Concep\app\src\main\java\org\example\tds\td3\conception\IHand.java. Using fallback presentation compiler.
2025.10.07 10:09:44 INFO  no build target found for C:\Users\panlu\Documents\Cours\M1_Mod_Archi_Patrons_Concep\app\src\main\java\org\example\tds\td3\conception\IHand.java. Using fallback presentation compiler.
2025.10.07 10:09:44 INFO  no build target found for C:\Users\panlu\Documents\Cours\M1_Mod_Archi_Patrons_Concep\app\src\main\java\org\example\tds\td3\conception\IHand.java. Using fallback presentation compiler.
2025.10.07 10:09:44 INFO  no build target found for C:\Users\panlu\Documents\Cours\M1_Mod_Archi_Patrons_Concep\app\src\main\java\org\example\tds\td3\conception\IHand.java. Using fallback presentation compiler.
2025.10.07 10:09:44 INFO  no build target found for C:\Users\panlu\Documents\Cours\M1_Mod_Archi_Patrons_Concep\app\src\main\java\org\example\tds\td3\conception\IHand.java. Using fallback presentation compiler.
2025.10.07 10:09:44 INFO  no build target found for C:\Users\panlu\Documents\Cours\M1_Mod_Archi_Patrons_Concep\app\src\main\java\org\example\tds\td3\conception\IHand.java. Using fallback presentation compiler.
2025.10.07 10:09:44 INFO  no build target found for C:\Users\panlu\Documents\Cours\M1_Mod_Archi_Patrons_Concep\app\src\main\java\org\example\tds\td3\conception\IHand.java. Using fallback presentation compiler.
2025.10.07 10:09:44 INFO  no build target found for C:\Users\panlu\Documents\Cours\M1_Mod_Archi_Patrons_Concep\app\src\main\java\org\example\tds\td3\conception\IHand.java. Using fallback presentation compiler.
2025.10.07 10:09:45 INFO  no build target found for C:\Users\panlu\Documents\Cours\M1_Mod_Archi_Patrons_Concep\app\src\main\java\org\example\tds\td3\conception\IHand.java. Using fallback presentation compiler.
2025.10.07 10:09:45 INFO  no build target found for C:\Users\panlu\Documents\Cours\M1_Mod_Archi_Patrons_Concep\app\src\main\java\org\example\tds\td3\conception\IHand.java. Using fallback presentation compiler.
2025.10.07 10:09:45 INFO  no build target found for C:\Users\panlu\Documents\Cours\M1_Mod_Archi_Patrons_Concep\app\src\main\java\org\example\tds\td3\conception\IHand.java. Using fallback presentation compiler.
2025.10.07 10:09:45 INFO  no build target found for C:\Users\panlu\Documents\Cours\M1_Mod_Archi_Patrons_Concep\app\src\main\java\org\example\tds\td3\conception\IHand.java. Using fallback presentation compiler.
2025.10.07 10:09:45 INFO  no build target found for C:\Users\panlu\Documents\Cours\M1_Mod_Archi_Patrons_Concep\app\src\main\java\org\example\tds\td3\conception\IHand.java. Using fallback presentation compiler.
2025.10.07 10:09:45 INFO  no build target found for C:\Users\panlu\Documents\Cours\M1_Mod_Archi_Patrons_Concep\app\src\main\java\org\example\tds\td3\conception\IHand.java. Using fallback presentation compiler.
2025.10.07 10:09:45 INFO  no build target found for C:\Users\panlu\Documents\Cours\M1_Mod_Archi_Patrons_Concep\app\src\main\java\org\example\tds\td3\conception\IHand.java. Using fallback presentation compiler.
2025.10.07 10:09:46 INFO  no build target found for C:\Users\panlu\Documents\Cours\M1_Mod_Archi_Patrons_Concep\app\src\main\java\org\example\tds\td3\conception\IHand.java. Using fallback presentation compiler.
2025.10.07 10:09:46 INFO  no build target found for C:\Users\panlu\Documents\Cours\M1_Mod_Archi_Patrons_Concep\app\src\main\java\org\example\tds\td3\conception\IHand.java. Using fallback presentation compiler.
2025.10.07 10:09:47 WARN  no build target for: C:\Users\panlu\Documents\Cours\M1_Mod_Archi_Patrons_Concep\app\src\main\java\org\example\tds\td3\conception\IHand.java
2025.10.07 10:09:47 INFO  no build target found for C:\Users\panlu\Documents\Cours\M1_Mod_Archi_Patrons_Concep\app\src\main\java\org\example\tds\td3\conception\IHand.java. Using fallback presentation compiler.
2025.10.07 10:09:47 INFO  no build target found for C:\Users\panlu\Documents\Cours\M1_Mod_Archi_Patrons_Concep\app\src\main\java\org\example\tds\td3\conception\IHand.java. Using fallback presentation compiler.
2025.10.07 10:09:47 INFO  no build target found for C:\Users\panlu\Documents\Cours\M1_Mod_Archi_Patrons_Concep\app\src\main\java\org\example\tds\td3\conception\IHand.java. Using fallback presentation compiler.
2025.10.07 10:09:47 INFO  no build target found for C:\Users\panlu\Documents\Cours\M1_Mod_Archi_Patrons_Concep\app\src\main\java\org\example\tds\td3\conception\IHand.java. Using fallback presentation compiler.
2025.10.07 10:09:47 INFO  no build target found for C:\Users\panlu\Documents\Cours\M1_Mod_Archi_Patrons_Concep\app\src\main\java\org\example\tds\td3\conception\IHand.java. Using fallback presentation compiler.
2025.10.07 10:09:47 INFO  no build target found for C:\Users\panlu\Documents\Cours\M1_Mod_Archi_Patrons_Concep\app\src\main\java\org\example\tds\td3\conception\IHand.java. Using fallback presentation compiler.
2025.10.07 10:09:48 INFO  no build target found for C:\Users\panlu\Documents\Cours\M1_Mod_Archi_Patrons_Concep\app\src\main\java\org\example\tds\td3\conception\IHand.java. Using fallback presentation compiler.
2025.10.07 10:09:48 INFO  no build target found for C:\Users\panlu\Documents\Cours\M1_Mod_Archi_Patrons_Concep\app\src\main\java\org\example\tds\td3\conception\IHand.java. Using fallback presentation compiler.
2025.10.07 10:09:49 INFO  no build target found for C:\Users\panlu\Documents\Cours\M1_Mod_Archi_Patrons_Concep\app\src\main\java\org\example\tds\td3\conception\IHand.java. Using fallback presentation compiler.
2025.10.07 10:09:48 INFO  no build target found for C:\Users\panlu\Documents\Cours\M1_Mod_Archi_Patrons_Concep\app\src\main\java\org\example\tds\td3\conception\IHand.java. Using fallback presentation compiler.
2025.10.07 10:09:48 INFO  no build target found for C:\Users\panlu\Documents\Cours\M1_Mod_Archi_Patrons_Concep\app\src\main\java\org\example\tds\td3\conception\IHand.java. Using fallback presentation compiler.
2025.10.07 10:09:49 INFO  no build target found for C:\Users\panlu\Documents\Cours\M1_Mod_Archi_Patrons_Concep\app\src\main\java\org\example\tds\td3\conception\IHand.java. Using fallback presentation compiler.
2025.10.07 10:09:49 INFO  no build target found for C:\Users\panlu\Documents\Cours\M1_Mod_Archi_Patrons_Concep\app\src\main\java\org\example\tds\td3\conception\IHand.java. Using fallback presentation compiler.
2025.10.07 10:09:49 INFO  no build target found for C:\Users\panlu\Documents\Cours\M1_Mod_Archi_Patrons_Concep\app\src\main\java\org\example\tds\td3\conception\IHand.java. Using fallback presentation compiler.
2025.10.07 10:09:49 INFO  no build target found for C:\Users\panlu\Documents\Cours\M1_Mod_Archi_Patrons_Concep\app\src\main\java\org\example\tds\td3\conception\IHand.java. Using fallback presentation compiler.
2025.10.07 10:09:50 INFO  no build target found for C:\Users\panlu\Documents\Cours\M1_Mod_Archi_Patrons_Concep\app\src\main\java\org\example\tds\td3\conception\IHand.java. Using fallback presentation compiler.
2025.10.07 10:09:49 INFO  no build target found for C:\Users\panlu\Documents\Cours\M1_Mod_Archi_Patrons_Concep\app\src\main\java\org\example\tds\td3\conception\IHand.java. Using fallback presentation compiler.
2025.10.07 10:09:50 WARN  no build target for: C:\Users\panlu\Documents\Cours\M1_Mod_Archi_Patrons_Concep\app\src\main\java\org\example\tds\td3\conception\IHand.java
2025.10.07 10:09:50 INFO  no build target found for C:\Users\panlu\Documents\Cours\M1_Mod_Archi_Patrons_Concep\app\src\main\java\org\example\tds\td3\conception\IHand.java. Using fallback presentation compiler.
2025.10.07 10:09:51 INFO  no build target found for C:\Users\panlu\Documents\Cours\M1_Mod_Archi_Patrons_Concep\app\src\main\java\org\example\tds\td3\conception\IHand.java. Using fallback presentation compiler.
2025.10.07 10:09:51 INFO  no build target found for C:\Users\panlu\Documents\Cours\M1_Mod_Archi_Patrons_Concep\app\src\main\java\org\example\tds\td3\conception\IHand.java. Using fallback presentation compiler.
2025.10.07 10:09:52 INFO  no build target found for C:\Users\panlu\Documents\Cours\M1_Mod_Archi_Patrons_Concep\app\src\main\java\org\example\tds\td3\conception\IHand.java. Using fallback presentation compiler.
oct. 07, 2025 10:09:52 A.M. org.eclipse.lsp4j.jsonrpc.RemoteEndpoint handleCancellation
WARNING: Unmatched cancel notification for request id 1972
2025.10.07 10:09:51 INFO  no build target found for C:\Users\panlu\Documents\Cours\M1_Mod_Archi_Patrons_Concep\app\src\main\java\org\example\tds\td3\conception\IHand.java. Using fallback presentation compiler.
2025.10.07 10:09:51 INFO  no build target found for C:\Users\panlu\Documents\Cours\M1_Mod_Archi_Patrons_Concep\app\src\main\java\org\example\tds\td3\conception\IHand.java. Using fallback presentation compiler.
2025.10.07 10:09:52 INFO  no build target found for C:\Users\panlu\Documents\Cours\M1_Mod_Archi_Patrons_Concep\app\src\main\java\org\example\tds\td3\conception\IHand.java. Using fallback presentation compiler.
2025.10.07 10:09:53 INFO  no build target found for C:\Users\panlu\Documents\Cours\M1_Mod_Archi_Patrons_Concep\app\src\main\java\org\example\tds\td3\conception\IHand.java. Using fallback presentation compiler.
2025.10.07 10:09:53 INFO  no build target found for C:\Users\panlu\Documents\Cours\M1_Mod_Archi_Patrons_Concep\app\src\main\java\org\example\tds\td3\conception\IHand.java. Using fallback presentation compiler.
2025.10.07 10:09:52 INFO  no build target found for C:\Users\panlu\Documents\Cours\M1_Mod_Archi_Patrons_Concep\app\src\main\java\org\example\tds\td3\conception\IHand.java. Using fallback presentation compiler.
2025.10.07 10:09:53 INFO  no build target found for C:\Users\panlu\Documents\Cours\M1_Mod_Archi_Patrons_Concep\app\src\main\java\org\example\tds\td3\conception\IHand.java. Using fallback presentation compiler.
2025.10.07 10:09:53 INFO  no build target found for C:\Users\panlu\Documents\Cours\M1_Mod_Archi_Patrons_Concep\app\src\main\java\org\example\tds\td3\conception\IHand.java. Using fallback presentation compiler.
2025.10.07 10:09:53 INFO  no build target found for C:\Users\panlu\Documents\Cours\M1_Mod_Archi_Patrons_Concep\app\src\main\java\org\example\tds\td3\conception\IHand.java. Using fallback presentation compiler.
2025.10.07 10:09:54 INFO  no build target found for C:\Users\panlu\Documents\Cours\M1_Mod_Archi_Patrons_Concep\app\src\main\java\org\example\tds\td3\conception\IHand.java. Using fallback presentation compiler.
2025.10.07 10:09:54 INFO  no build target found for C:\Users\panlu\Documents\Cours\M1_Mod_Archi_Patrons_Concep\app\src\main\java\org\example\tds\td3\conception\IHand.java. Using fallback presentation compiler.
2025.10.07 10:09:54 INFO  no build target found for C:\Users\panlu\Documents\Cours\M1_Mod_Archi_Patrons_Concep\app\src\main\java\org\example\tds\td3\conception\IHand.java. Using fallback presentation compiler.
2025.10.07 10:09:54 INFO  no build target found for C:\Users\panlu\Documents\Cours\M1_Mod_Archi_Patrons_Concep\app\src\main\java\org\example\tds\td3\conception\IHand.java. Using fallback presentation compiler.
2025.10.07 10:09:54 INFO  no build target found for C:\Users\panlu\Documents\Cours\M1_Mod_Archi_Patrons_Concep\app\src\main\java\org\example\tds\td3\conception\IHand.java. Using fallback presentation compiler.
2025.10.07 10:09:54 INFO  no build target found for C:\Users\panlu\Documents\Cours\M1_Mod_Archi_Patrons_Concep\app\src\main\java\org\example\tds\td3\conception\IHand.java. Using fallback presentation compiler.
2025.10.07 10:09:54 INFO  no build target found for C:\Users\panlu\Documents\Cours\M1_Mod_Archi_Patrons_Concep\app\src\main\java\org\example\tds\td3\conception\IHand.java. Using fallback presentation compiler.
2025.10.07 10:09:54 INFO  no build target found for C:\Users\panlu\Documents\Cours\M1_Mod_Archi_Patrons_Concep\app\src\main\java\org\example\tds\td3\conception\IHand.java. Using fallback presentation compiler.
2025.10.07 10:09:55 INFO  no build target found for C:\Users\panlu\Documents\Cours\M1_Mod_Archi_Patrons_Concep\app\src\main\java\org\example\tds\td3\conception\IHand.java. Using fallback presentation compiler.
2025.10.07 10:09:55 WARN  no build target for: C:\Users\panlu\Documents\Cours\M1_Mod_Archi_Patrons_Concep\app\src\main\java\org\example\tds\td3\conception\IHand.java
2025.10.07 10:09:55 INFO  no build target found for C:\Users\panlu\Documents\Cours\M1_Mod_Archi_Patrons_Concep\app\src\main\java\org\example\tds\td3\conception\IHand.java. Using fallback presentation compiler.
2025.10.07 10:09:56 INFO  no build target found for C:\Users\panlu\Documents\Cours\M1_Mod_Archi_Patrons_Concep\app\src\main\java\org\example\tds\td3\conception\IHand.java. Using fallback presentation compiler.
2025.10.07 10:09:56 INFO  no build target found for C:\Users\panlu\Documents\Cours\M1_Mod_Archi_Patrons_Concep\app\src\main\java\org\example\tds\td3\conception\IHand.java. Using fallback presentation compiler.
2025.10.07 10:09:56 INFO  no build target found for C:\Users\panlu\Documents\Cours\M1_Mod_Archi_Patrons_Concep\app\src\main\java\org\example\tds\td3\conception\IHand.java. Using fallback presentation compiler.
2025.10.07 10:09:56 INFO  no build target found for C:\Users\panlu\Documents\Cours\M1_Mod_Archi_Patrons_Concep\app\src\main\java\org\example\tds\td3\conception\IHand.java. Using fallback presentation compiler.
2025.10.07 10:09:56 INFO  no build target found for C:\Users\panlu\Documents\Cours\M1_Mod_Archi_Patrons_Concep\app\src\main\java\org\example\tds\td3\conception\IHand.java. Using fallback presentation compiler.
2025.10.07 10:09:57 INFO  no build target found for C:\Users\panlu\Documents\Cours\M1_Mod_Archi_Patrons_Concep\app\src\main\java\org\example\tds\td3\conception\IHand.java. Using fallback presentation compiler.
2025.10.07 10:09:58 WARN  no build target for: C:\Users\panlu\Documents\Cours\M1_Mod_Archi_Patrons_Concep\app\src\main\java\org\example\tds\td3\conception\IHand.java
2025.10.07 10:09:58 INFO  no build target found for C:\Users\panlu\Documents\Cours\M1_Mod_Archi_Patrons_Concep\app\src\main\java\org\example\tds\td3\conception\IHand.java. Using fallback presentation compiler.
2025.10.07 10:10:00 INFO  no build target found for C:\Users\panlu\Documents\Cours\M1_Mod_Archi_Patrons_Concep\app\src\main\java\org\example\tds\td3\conception\IHand.java. Using fallback presentation compiler.
2025.10.07 10:10:00 INFO  no build target found for C:\Users\panlu\Documents\Cours\M1_Mod_Archi_Patrons_Concep\app\src\main\java\org\example\tds\td3\conception\IHand.java. Using fallback presentation compiler.
2025.10.07 10:10:00 INFO  no build target found for C:\Users\panlu\Documents\Cours\M1_Mod_Archi_Patrons_Concep\app\src\main\java\org\example\tds\td3\conception\IHand.java. Using fallback presentation compiler.
2025.10.07 10:10:01 INFO  no build target found for C:\Users\panlu\Documents\Cours\M1_Mod_Archi_Patrons_Concep\app\src\main\java\org\example\tds\td3\conception\IHand.java. Using fallback presentation compiler.
2025.10.07 10:10:00 INFO  no build target found for C:\Users\panlu\Documents\Cours\M1_Mod_Archi_Patrons_Concep\app\src\main\java\org\example\tds\td3\conception\IHand.java. Using fallback presentation compiler.
2025.10.07 10:10:00 INFO  no build target found for C:\Users\panlu\Documents\Cours\M1_Mod_Archi_Patrons_Concep\app\src\main\java\org\example\tds\td3\conception\IHand.java. Using fallback presentation compiler.
2025.10.07 10:10:00 INFO  no build target found for C:\Users\panlu\Documents\Cours\M1_Mod_Archi_Patrons_Concep\app\src\main\java\org\example\tds\td3\conception\IHand.java. Using fallback presentation compiler.
2025.10.07 10:10:01 INFO  no build target found for C:\Users\panlu\Documents\Cours\M1_Mod_Archi_Patrons_Concep\app\src\main\java\org\example\tds\td3\conception\IHand.java. Using fallback presentation compiler.
2025.10.07 10:10:00 INFO  no build target found for C:\Users\panlu\Documents\Cours\M1_Mod_Archi_Patrons_Concep\app\src\main\java\org\example\tds\td3\conception\IHand.java. Using fallback presentation compiler.
2025.10.07 10:10:02 WARN  no build target for: C:\Users\panlu\Documents\Cours\M1_Mod_Archi_Patrons_Concep\app\src\main\java\org\example\tds\td3\conception\IHand.java
2025.10.07 10:10:02 INFO  no build target found for C:\Users\panlu\Documents\Cours\M1_Mod_Archi_Patrons_Concep\app\src\main\java\org\example\tds\td3\conception\IHand.java. Using fallback presentation compiler.
2025.10.07 10:10:07 INFO  no build target found for C:\Users\panlu\Documents\Cours\M1_Mod_Archi_Patrons_Concep\app\src\main\java\org\example\tds\td3\conception\IHand.java. Using fallback presentation compiler.
2025.10.07 10:10:07 INFO  no build target found for C:\Users\panlu\Documents\Cours\M1_Mod_Archi_Patrons_Concep\app\src\main\java\org\example\tds\td3\conception\IHand.java. Using fallback presentation compiler.
2025.10.07 10:10:07 INFO  no build target found for C:\Users\panlu\Documents\Cours\M1_Mod_Archi_Patrons_Concep\app\src\main\java\org\example\tds\td3\conception\IHand.java. Using fallback presentation compiler.
2025.10.07 10:10:08 WARN  no build target for: C:\Users\panlu\Documents\Cours\M1_Mod_Archi_Patrons_Concep\app\src\main\java\org\example\tds\td3\conception\IHand.java
2025.10.07 10:10:07 INFO  no build target found for C:\Users\panlu\Documents\Cours\M1_Mod_Archi_Patrons_Concep\app\src\main\java\org\example\tds\td3\conception\IHand.java. Using fallback presentation compiler.
2025.10.07 10:10:10 INFO  no build target found for C:\Users\panlu\Documents\Cours\M1_Mod_Archi_Patrons_Concep\app\src\main\java\org\example\tds\td3\conception\IHand.java. Using fallback presentation compiler.
2025.10.07 10:10:10 INFO  no build target found for C:\Users\panlu\Documents\Cours\M1_Mod_Archi_Patrons_Concep\app\src\main\java\org\example\tds\td3\conception\IHand.java. Using fallback presentation compiler.
2025.10.07 10:10:10 INFO  no build target found for C:\Users\panlu\Documents\Cours\M1_Mod_Archi_Patrons_Concep\app\src\main\java\org\example\tds\td3\conception\IHand.java. Using fallback presentation compiler.
2025.10.07 10:10:11 INFO  no build target found for C:\Users\panlu\Documents\Cours\M1_Mod_Archi_Patrons_Concep\app\src\main\java\org\example\tds\td3\conception\IHand.java. Using fallback presentation compiler.
2025.10.07 10:10:10 INFO  no build target found for C:\Users\panlu\Documents\Cours\M1_Mod_Archi_Patrons_Concep\app\src\main\java\org\example\tds\td3\conception\IHand.java. Using fallback presentation compiler.
2025.10.07 10:10:11 INFO  no build target found for C:\Users\panlu\Documents\Cours\M1_Mod_Archi_Patrons_Concep\app\src\main\java\org\example\tds\td3\conception\IHand.java. Using fallback presentation compiler.
2025.10.07 10:10:12 WARN  no build target for: C:\Users\panlu\Documents\Cours\M1_Mod_Archi_Patrons_Concep\app\src\main\java\org\example\tds\td3\conception\IHand.java
2025.10.07 10:10:12 INFO  no build target found for C:\Users\panlu\Documents\Cours\M1_Mod_Archi_Patrons_Concep\app\src\main\java\org\example\tds\td3\conception\IHand.java. Using fallback presentation compiler.
2025.10.07 10:10:12 INFO  QDox parse error in file:///C:/Users/panlu/Documents/Cours/M1_Mod_Archi_Patrons_Concep/app/src/main/java/org/example/tds/td3/conception/IHand.java (full report at: "C:\Users\panlu\Documents\Cours\M1_Mod_Archi_Patrons_Concep\.metals\.reports\metals-full\2025-10-07\r_qdox-error_10-09-15-441.md")
2025.10.07 10:10:11 WARN  Running javac-semanticdb failed for file:///C:/Users/panlu/Documents/Cours/M1_Mod_Archi_Patrons_Concep/app/src/main/java/org/example/tds/td3/conception/IHand.java. Output:

2025.10.07 10:10:12 INFO  QDox parse error in file:///C:/Users/panlu/Documents/Cours/M1_Mod_Archi_Patrons_Concep/app/src/main/java/org/example/tds/td3/conception/IHand.java (full report at: "C:\Users\panlu\Documents\Cours\M1_Mod_Archi_Patrons_Concep\.metals\.reports\metals-full\2025-10-07\r_qdox-error_10-09-15-441.md")
2025.10.07 10:10:12 INFO  no build target found for C:\Users\panlu\Documents\Cours\M1_Mod_Archi_Patrons_Concep\app\src\main\java\org\example\tds\td3\conception\IHand.java. Using fallback presentation compiler.
2025.10.07 10:10:12 INFO  no build target found for C:\Users\panlu\Documents\Cours\M1_Mod_Archi_Patrons_Concep\app\src\main\java\org\example\tds\td3\conception\IHand.java. Using fallback presentation compiler.
2025.10.07 10:10:13 INFO  QDox parse error in file:///C:/Users/panlu/Documents/Cours/M1_Mod_Archi_Patrons_Concep/app/src/main/java/org/example/tds/td3/conception/IHand.java (full report at: "C:\Users\panlu\Documents\Cours\M1_Mod_Archi_Patrons_Concep\.metals\.reports\metals-full\2025-10-07\r_qdox-error_10-09-15-441.md")
2025.10.07 10:10:12 INFO  QDox parse error in file:///C:/Users/panlu/Documents/Cours/M1_Mod_Archi_Patrons_Concep/app/src/main/java/org/example/tds/td3/conception/IHand.java (full report at: "C:\Users\panlu\Documents\Cours\M1_Mod_Archi_Patrons_Concep\.metals\.reports\metals-full\2025-10-07\r_qdox-error_10-09-15-441.md")
2025.10.07 10:10:13 INFO  QDox parse error in file:///C:/Users/panlu/Documents/Cours/M1_Mod_Archi_Patrons_Concep/app/src/main/java/org/example/tds/td3/conception/IHand.java (full report at: "C:\Users\panlu\Documents\Cours\M1_Mod_Archi_Patrons_Concep\.metals\.reports\metals-full\2025-10-07\r_qdox-error_10-09-15-441.md")
2025.10.07 10:10:13 INFO  no build target found for C:\Users\panlu\Documents\Cours\M1_Mod_Archi_Patrons_Concep\app\src\main\java\org\example\cards\cours4\metier\api\ICard.java. Using fallback presentation compiler.
2025.10.07 10:10:13 INFO  no build target found for C:\Users\panlu\Documents\Cours\M1_Mod_Archi_Patrons_Concep\app\src\main\java\org\example\tds\td3\conception\IHand.java. Using fallback presentation compiler.
2025.10.07 10:10:15 INFO  no build target found for C:\Users\panlu\Documents\Cours\M1_Mod_Archi_Patrons_Concep\app\src\main\java\org\example\tds\td3\conception\IHand.java. Using fallback presentation compiler.
2025.10.07 10:10:15 INFO  no build target found for C:\Users\panlu\Documents\Cours\M1_Mod_Archi_Patrons_Concep\app\src\main\java\org\example\tds\td3\conception\IHand.java. Using fallback presentation compiler.
oct. 07, 2025 10:10:15 A.M. org.eclipse.lsp4j.jsonrpc.RemoteEndpoint handleCancellation
WARNING: Unmatched cancel notification for request id 2076
2025.10.07 10:10:15 WARN  no build target for: C:\Users\panlu\Documents\Cours\M1_Mod_Archi_Patrons_Concep\app\src\main\java\org\example\tds\td3\conception\IHand.java
2025.10.07 10:10:15 INFO  no build target found for C:\Users\panlu\Documents\Cours\M1_Mod_Archi_Patrons_Concep\app\src\main\java\org\example\tds\td3\conception\IHand.java. Using fallback presentation compiler.
Exception in thread "pool-1-thread-190" java.lang.OutOfMemoryError: Java heap space
	at java.base/java.lang.invoke.DirectMethodHandle.allocateInstance(DirectMethodHandle.java:506)
	at java.base/java.lang.invoke.DirectMethodHandle$Holder.newInvokeSpecial(DirectMethodHandle$Holder)
	at java.base/java.lang.invoke.Invokers$Holder.linkToTargetMethod(Invokers$Holder)
	at scala.meta.internal.parsing.JavaFoldingRangeExtractor$.findComments$1(JavaFoldingRangeExtractor.scala:145)
	at scala.meta.internal.parsing.JavaFoldingRangeExtractor$.findComments(JavaFoldingRangeExtractor.scala:160)
	at scala.meta.internal.parsing.JavaFoldingRangeExtractor$.extract(JavaFoldingRangeExtractor.scala:180)
	at scala.meta.internal.parsing.FoldingRangeProvider.$anonfun$getRangedForJava$2(FoldingRangeProvider.scala:52)
	at scala.meta.internal.parsing.FoldingRangeProvider$$Lambda/0x000002451a65aaf8.apply(Unknown Source)
	at scala.Option$WithFilter.map(Option.scala:242)
	at scala.meta.internal.parsing.FoldingRangeProvider.getRangedForJava(FoldingRangeProvider.scala:48)
	at scala.meta.internal.metals.MetalsLspService.$anonfun$foldingRange$3(MetalsLspService.scala:1220)
	at scala.meta.internal.metals.MetalsLspService$$Lambda/0x000002451a659c38.apply(Unknown Source)
	at scala.concurrent.Future$.$anonfun$apply$1(Future.scala:687)
	at scala.concurrent.Future$$$Lambda/0x000002451a0e4000.apply(Unknown Source)
	at scala.concurrent.impl.Promise$Transformation.run(Promise.scala:467)
	at java.base/java.util.concurrent.ThreadPoolExecutor.runWorker(ThreadPoolExecutor.java:1095)
	at java.base/java.util.concurrent.ThreadPoolExecutor$Worker.run(ThreadPoolExecutor.java:619)
	at java.base/java.lang.Thread.runWith(Thread.java:1460)
	at java.base/java.lang.Thread.run(Thread.java:1447)
2025.10.07 10:11:38 INFO  no build target found for C:\Users\panlu\Documents\Cours\M1_Mod_Archi_Patrons_Concep\app\src\main\java\org\example\tds\td3\conception\IHand.java. Using fallback presentation compiler.
2025.10.07 10:11:38 INFO  no build target found for C:\Users\panlu\Documents\Cours\M1_Mod_Archi_Patrons_Concep\app\src\main\java\org\example\tds\td3\conception\IHand.java. Using fallback presentation compiler.
2025.10.07 10:11:38 INFO  no build target found for C:\Users\panlu\Documents\Cours\M1_Mod_Archi_Patrons_Concep\app\src\main\java\org\example\tds\td3\conception\IHand.java. Using fallback presentation compiler.
2025.10.07 10:11:38 INFO  no build target found for C:\Users\panlu\Documents\Cours\M1_Mod_Archi_Patrons_Concep\app\src\main\java\org\example\tds\td3\conception\IHand.java. Using fallback presentation compiler.
2025.10.07 10:11:38 INFO  no build target found for C:\Users\panlu\Documents\Cours\M1_Mod_Archi_Patrons_Concep\app\src\main\java\org\example\tds\td3\conception\IHand.java. Using fallback presentation compiler.
2025.10.07 10:11:38 INFO  no build target found for C:\Users\panlu\Documents\Cours\M1_Mod_Archi_Patrons_Concep\app\src\main\java\org\example\tds\td3\conception\IHand.java. Using fallback presentation compiler.
2025.10.07 10:11:38 INFO  no build target found for C:\Users\panlu\Documents\Cours\M1_Mod_Archi_Patrons_Concep\app\src\main\java\org\example\tds\td3\conception\IHand.java. Using fallback presentation compiler.
2025.10.07 10:11:39 INFO  no build target found for C:\Users\panlu\Documents\Cours\M1_Mod_Archi_Patrons_Concep\app\src\main\java\org\example\tds\td3\conception\IHand.java. Using fallback presentation compiler.
2025.10.07 10:11:39 INFO  no build target found for C:\Users\panlu\Documents\Cours\M1_Mod_Archi_Patrons_Concep\app\src\main\java\org\example\tds\td3\conception\IHand.java. Using fallback presentation compiler.
2025.10.07 10:11:39 INFO  no build target found for C:\Users\panlu\Documents\Cours\M1_Mod_Archi_Patrons_Concep\app\src\main\java\org\example\tds\td3\conception\IHand.java. Using fallback presentation compiler.
2025.10.07 10:11:39 INFO  no build target found for C:\Users\panlu\Documents\Cours\M1_Mod_Archi_Patrons_Concep\app\src\main\java\org\example\tds\td3\conception\IHand.java. Using fallback presentation compiler.
2025.10.07 10:11:39 INFO  no build target found for C:\Users\panlu\Documents\Cours\M1_Mod_Archi_Patrons_Concep\app\src\main\java\org\example\tds\td3\conception\IHand.java. Using fallback presentation compiler.
oct. 07, 2025 10:11:40 A.M. org.eclipse.lsp4j.jsonrpc.RemoteEndpoint handleCancellation
WARNING: Unmatched cancel notification for request id 2106
2025.10.07 10:11:39 INFO  no build target found for C:\Users\panlu\Documents\Cours\M1_Mod_Archi_Patrons_Concep\app\src\main\java\org\example\tds\td3\conception\IHand.java. Using fallback presentation compiler.
2025.10.07 10:11:39 INFO  no build target found for C:\Users\panlu\Documents\Cours\M1_Mod_Archi_Patrons_Concep\app\src\main\java\org\example\tds\td3\conception\IHand.java. Using fallback presentation compiler.
2025.10.07 10:11:40 INFO  no build target found for C:\Users\panlu\Documents\Cours\M1_Mod_Archi_Patrons_Concep\app\src\main\java\org\example\tds\td3\conception\IHand.java. Using fallback presentation compiler.
2025.10.07 10:11:40 INFO  no build target found for C:\Users\panlu\Documents\Cours\M1_Mod_Archi_Patrons_Concep\app\src\main\java\org\example\tds\td3\conception\IHand.java. Using fallback presentation compiler.
2025.10.07 10:11:40 INFO  no build target found for C:\Users\panlu\Documents\Cours\M1_Mod_Archi_Patrons_Concep\app\src\main\java\org\example\tds\td3\conception\IHand.java. Using fallback presentation compiler.
2025.10.07 10:11:40 INFO  no build target found for C:\Users\panlu\Documents\Cours\M1_Mod_Archi_Patrons_Concep\app\src\main\java\org\example\tds\td3\conception\IHand.java. Using fallback presentation compiler.
2025.10.07 10:11:41 INFO  no build target found for C:\Users\panlu\Documents\Cours\M1_Mod_Archi_Patrons_Concep\app\src\main\java\org\example\tds\td3\conception\IHand.java. Using fallback presentation compiler.
2025.10.07 10:11:40 INFO  no build target found for C:\Users\panlu\Documents\Cours\M1_Mod_Archi_Patrons_Concep\app\src\main\java\org\example\tds\td3\conception\IHand.java. Using fallback presentation compiler.
2025.10.07 10:11:40 INFO  no build target found for C:\Users\panlu\Documents\Cours\M1_Mod_Archi_Patrons_Concep\app\src\main\java\org\example\tds\td3\conception\IHand.java. Using fallback presentation compiler.
2025.10.07 10:11:41 INFO  no build target found for C:\Users\panlu\Documents\Cours\M1_Mod_Archi_Patrons_Concep\app\src\main\java\org\example\tds\td3\conception\IHand.java. Using fallback presentation compiler.
2025.10.07 10:11:41 INFO  no build target found for C:\Users\panlu\Documents\Cours\M1_Mod_Archi_Patrons_Concep\app\src\main\java\org\example\tds\td3\conception\IHand.java. Using fallback presentation compiler.
2025.10.07 10:11:41 INFO  no build target found for C:\Users\panlu\Documents\Cours\M1_Mod_Archi_Patrons_Concep\app\src\main\java\org\example\tds\td3\conception\IHand.java. Using fallback presentation compiler.
2025.10.07 10:11:41 INFO  no build target found for C:\Users\panlu\Documents\Cours\M1_Mod_Archi_Patrons_Concep\app\src\main\java\org\example\tds\td3\conception\IHand.java. Using fallback presentation compiler.
2025.10.07 10:11:41 INFO  no build target found for C:\Users\panlu\Documents\Cours\M1_Mod_Archi_Patrons_Concep\app\src\main\java\org\example\tds\td3\conception\IHand.java. Using fallback presentation compiler.
2025.10.07 10:11:42 INFO  no build target found for C:\Users\panlu\Documents\Cours\M1_Mod_Archi_Patrons_Concep\app\src\main\java\org\example\tds\td3\conception\IHand.java. Using fallback presentation compiler.
2025.10.07 10:11:42 INFO  no build target found for C:\Users\panlu\Documents\Cours\M1_Mod_Archi_Patrons_Concep\app\src\main\java\org\example\tds\td3\conception\IHand.java. Using fallback presentation compiler.
2025.10.07 10:11:42 INFO  no build target found for C:\Users\panlu\Documents\Cours\M1_Mod_Archi_Patrons_Concep\app\src\main\java\org\example\tds\td3\conception\IHand.java. Using fallback presentation compiler.
2025.10.07 10:11:42 INFO  no build target found for C:\Users\panlu\Documents\Cours\M1_Mod_Archi_Patrons_Concep\app\src\main\java\org\example\tds\td3\conception\IHand.java. Using fallback presentation compiler.
2025.10.07 10:11:43 INFO  no build target found for C:\Users\panlu\Documents\Cours\M1_Mod_Archi_Patrons_Concep\app\src\main\java\org\example\tds\td3\conception\IHand.java. Using fallback presentation compiler.
2025.10.07 10:11:42 INFO  no build target found for C:\Users\panlu\Documents\Cours\M1_Mod_Archi_Patrons_Concep\app\src\main\java\org\example\tds\td3\conception\IHand.java. Using fallback presentation compiler.
2025.10.07 10:11:42 INFO  no build target found for C:\Users\panlu\Documents\Cours\M1_Mod_Archi_Patrons_Concep\app\src\main\java\org\example\tds\td3\conception\IHand.java. Using fallback presentation compiler.
2025.10.07 10:11:43 INFO  no build target found for C:\Users\panlu\Documents\Cours\M1_Mod_Archi_Patrons_Concep\app\src\main\java\org\example\tds\td3\conception\IHand.java. Using fallback presentation compiler.
2025.10.07 10:11:42 INFO  no build target found for C:\Users\panlu\Documents\Cours\M1_Mod_Archi_Patrons_Concep\app\src\main\java\org\example\tds\td3\conception\IHand.java. Using fallback presentation compiler.
2025.10.07 10:11:43 INFO  no build target found for C:\Users\panlu\Documents\Cours\M1_Mod_Archi_Patrons_Concep\app\src\main\java\org\example\tds\td3\conception\IHand.java. Using fallback presentation compiler.
2025.10.07 10:11:44 WARN  no build target for: C:\Users\panlu\Documents\Cours\M1_Mod_Archi_Patrons_Concep\app\src\main\java\org\example\tds\td3\conception\IHand.java
2025.10.07 10:11:44 INFO  no build target found for C:\Users\panlu\Documents\Cours\M1_Mod_Archi_Patrons_Concep\app\src\main\java\org\example\tds\td3\conception\IHand.java. Using fallback presentation compiler.
2025.10.07 10:11:46 INFO  no build target found for C:\Users\panlu\Documents\Cours\M1_Mod_Archi_Patrons_Concep\app\src\main\java\org\example\tds\td3\conception\IHand.java. Using fallback presentation compiler.
2025.10.07 10:11:46 INFO  no build target found for C:\Users\panlu\Documents\Cours\M1_Mod_Archi_Patrons_Concep\app\src\main\java\org\example\tds\td3\conception\IHand.java. Using fallback presentation compiler.
2025.10.07 10:11:46 INFO  no build target found for C:\Users\panlu\Documents\Cours\M1_Mod_Archi_Patrons_Concep\app\src\main\java\org\example\tds\td3\conception\IHand.java. Using fallback presentation compiler.
2025.10.07 10:11:46 INFO  no build target found for C:\Users\panlu\Documents\Cours\M1_Mod_Archi_Patrons_Concep\app\src\main\java\org\example\tds\td3\conception\IHand.java. Using fallback presentation compiler.
2025.10.07 10:11:46 WARN  no build target for: C:\Users\panlu\Documents\Cours\M1_Mod_Archi_Patrons_Concep\app\src\main\java\org\example\tds\td3\conception\IHand.java
2025.10.07 10:11:46 INFO  no build target found for C:\Users\panlu\Documents\Cours\M1_Mod_Archi_Patrons_Concep\app\src\main\java\org\example\tds\td3\conception\IHand.java. Using fallback presentation compiler.
2025.10.07 10:11:48 INFO  no build target found for C:\Users\panlu\Documents\Cours\M1_Mod_Archi_Patrons_Concep\app\src\main\java\org\example\tds\td3\conception\IHand.java. Using fallback presentation compiler.
2025.10.07 10:11:49 INFO  no build target found for C:\Users\panlu\Documents\Cours\M1_Mod_Archi_Patrons_Concep\app\src\main\java\org\example\tds\td3\conception\IHand.java. Using fallback presentation compiler.
2025.10.07 10:11:49 WARN  no build target for: C:\Users\panlu\Documents\Cours\M1_Mod_Archi_Patrons_Concep\app\src\main\java\org\example\tds\td3\conception\IHand.java
2025.10.07 10:11:49 INFO  no build target found for C:\Users\panlu\Documents\Cours\M1_Mod_Archi_Patrons_Concep\app\src\main\java\org\example\tds\td3\conception\IHand.java. Using fallback presentation compiler.
2025.10.07 10:11:53 INFO  no build target found for C:\Users\panlu\Documents\Cours\M1_Mod_Archi_Patrons_Concep\app\src\main\java\org\example\tds\td3\conception\IHand.java. Using fallback presentation compiler.
2025.10.07 10:11:58 INFO  no build target found for C:\Users\panlu\Documents\Cours\M1_Mod_Archi_Patrons_Concep\app\src\main\java\org\example\tds\td3\conception\IHand.java. Using fallback presentation compiler.
2025.10.07 10:12:14 WARN  no build target for: C:\Users\panlu\Documents\Cours\M1_Mod_Archi_Patrons_Concep\app\src\main\java\org\example\tds\td3\conception\IHand.java
2025.10.07 10:12:14 INFO  no build target found for C:\Users\panlu\Documents\Cours\M1_Mod_Archi_Patrons_Concep\app\src\main\java\org\example\tds\td3\conception\IHand.java. Using fallback presentation compiler.
2025.10.07 10:12:14 INFO  no build target found for C:\Users\panlu\Documents\Cours\M1_Mod_Archi_Patrons_Concep\app\src\main\java\org\example\tds\td3\conception\IHand.java. Using fallback presentation compiler.
2025.10.07 10:12:21 WARN  no build target for: C:\Users\panlu\Documents\Cours\M1_Mod_Archi_Patrons_Concep\app\src\main\java\org\example\tds\td3\conception\IHand.java
2025.10.07 10:12:21 INFO  no build target found for C:\Users\panlu\Documents\Cours\M1_Mod_Archi_Patrons_Concep\app\src\main\java\org\example\tds\td3\conception\IHand.java. Using fallback presentation compiler.
2025.10.07 10:12:21 INFO  no build target found for C:\Users\panlu\Documents\Cours\M1_Mod_Archi_Patrons_Concep\app\src\main\java\org\example\tds\td3\conception\IHand.java. Using fallback presentation compiler.
2025.10.07 10:12:23 INFO  no build target found for C:\Users\panlu\Documents\Cours\M1_Mod_Archi_Patrons_Concep\app\src\main\java\org\example\tds\td3\conception\IHand.java. Using fallback presentation compiler.
2025.10.07 10:12:27 INFO  no build target found for C:\Users\panlu\Documents\Cours\M1_Mod_Archi_Patrons_Concep\app\src\main\java\org\example\tds\td3\conception\IHand.java. Using fallback presentation compiler.
2025.10.07 10:12:28 INFO  no build target found for C:\Users\panlu\Documents\Cours\M1_Mod_Archi_Patrons_Concep\app\src\main\java\org\example\tds\td3\conception\IHand.java. Using fallback presentation compiler.
2025.10.07 10:12:27 INFO  no build target found for C:\Users\panlu\Documents\Cours\M1_Mod_Archi_Patrons_Concep\app\src\main\java\org\example\tds\td3\conception\IHand.java. Using fallback presentation compiler.
2025.10.07 10:12:27 INFO  no build target found for C:\Users\panlu\Documents\Cours\M1_Mod_Archi_Patrons_Concep\app\src\main\java\org\example\tds\td3\conception\IHand.java. Using fallback presentation compiler.
2025.10.07 10:12:27 INFO  no build target found for C:\Users\panlu\Documents\Cours\M1_Mod_Archi_Patrons_Concep\app\src\main\java\org\example\tds\td3\conception\IHand.java. Using fallback presentation compiler.
2025.10.07 10:12:28 INFO  no build target found for C:\Users\panlu\Documents\Cours\M1_Mod_Archi_Patrons_Concep\app\src\main\java\org\example\tds\td3\conception\IHand.java. Using fallback presentation compiler.
2025.10.07 10:12:29 INFO  no build target found for C:\Users\panlu\Documents\Cours\M1_Mod_Archi_Patrons_Concep\app\src\main\java\org\example\tds\td3\conception\IHand.java. Using fallback presentation compiler.
2025.10.07 10:12:29 INFO  no build target found for C:\Users\panlu\Documents\Cours\M1_Mod_Archi_Patrons_Concep\app\src\main\java\org\example\tds\td3\conception\IHand.java. Using fallback presentation compiler.
2025.10.07 10:12:29 INFO  no build target found for C:\Users\panlu\Documents\Cours\M1_Mod_Archi_Patrons_Concep\app\src\main\java\org\example\tds\td3\conception\IHand.java. Using fallback presentation compiler.
2025.10.07 10:12:29 INFO  no build target found for C:\Users\panlu\Documents\Cours\M1_Mod_Archi_Patrons_Concep\app\src\main\java\org\example\tds\td3\conception\IHand.java. Using fallback presentation compiler.
2025.10.07 10:12:29 INFO  no build target found for C:\Users\panlu\Documents\Cours\M1_Mod_Archi_Patrons_Concep\app\src\main\java\org\example\tds\td3\conception\IHand.java. Using fallback presentation compiler.
2025.10.07 10:12:29 INFO  no build target found for C:\Users\panlu\Documents\Cours\M1_Mod_Archi_Patrons_Concep\app\src\main\java\org\example\tds\td3\conception\IHand.java. Using fallback presentation compiler.
2025.10.07 10:12:29 INFO  no build target found for C:\Users\panlu\Documents\Cours\M1_Mod_Archi_Patrons_Concep\app\src\main\java\org\example\tds\td3\conception\IHand.java. Using fallback presentation compiler.
2025.10.07 10:12:30 INFO  no build target found for C:\Users\panlu\Documents\Cours\M1_Mod_Archi_Patrons_Concep\app\src\main\java\org\example\tds\td3\conception\IHand.java. Using fallback presentation compiler.
2025.10.07 10:12:30 INFO  no build target found for C:\Users\panlu\Documents\Cours\M1_Mod_Archi_Patrons_Concep\app\src\main\java\org\example\tds\td3\conception\IHand.java. Using fallback presentation compiler.
2025.10.07 10:12:30 INFO  no build target found for C:\Users\panlu\Documents\Cours\M1_Mod_Archi_Patrons_Concep\app\src\main\java\org\example\tds\td3\conception\IHand.java. Using fallback presentation compiler.
2025.10.07 10:12:30 INFO  no build target found for C:\Users\panlu\Documents\Cours\M1_Mod_Archi_Patrons_Concep\app\src\main\java\org\example\tds\td3\conception\IHand.java. Using fallback presentation compiler.
2025.10.07 10:12:30 INFO  no build target found for C:\Users\panlu\Documents\Cours\M1_Mod_Archi_Patrons_Concep\app\src\main\java\org\example\tds\td3\conception\IHand.java. Using fallback presentation compiler.
2025.10.07 10:12:30 INFO  no build target found for C:\Users\panlu\Documents\Cours\M1_Mod_Archi_Patrons_Concep\app\src\main\java\org\example\tds\td3\conception\IHand.java. Using fallback presentation compiler.
2025.10.07 10:12:30 INFO  no build target found for C:\Users\panlu\Documents\Cours\M1_Mod_Archi_Patrons_Concep\app\src\main\java\org\example\tds\td3\conception\IHand.java. Using fallback presentation compiler.
2025.10.07 10:12:31 INFO  no build target found for C:\Users\panlu\Documents\Cours\M1_Mod_Archi_Patrons_Concep\app\src\main\java\org\example\tds\td3\conception\IHand.java. Using fallback presentation compiler.
2025.10.07 10:12:31 INFO  no build target found for C:\Users\panlu\Documents\Cours\M1_Mod_Archi_Patrons_Concep\app\src\main\java\org\example\tds\td3\conception\IHand.java. Using fallback presentation compiler.
2025.10.07 10:12:32 WARN  no build target for: C:\Users\panlu\Documents\Cours\M1_Mod_Archi_Patrons_Concep\app\src\main\java\org\example\tds\td3\conception\IHand.java
2025.10.07 10:12:32 INFO  no build target found for C:\Users\panlu\Documents\Cours\M1_Mod_Archi_Patrons_Concep\app\src\main\java\org\example\tds\td3\conception\IHand.java. Using fallback presentation compiler.
2025.10.07 10:12:32 INFO  no build target found for C:\Users\panlu\Documents\Cours\M1_Mod_Archi_Patrons_Concep\app\src\main\java\org\example\tds\td3\conception\IHand.java. Using fallback presentation compiler.
2025.10.07 10:12:32 INFO  no build target found for C:\Users\panlu\Documents\Cours\M1_Mod_Archi_Patrons_Concep\app\src\main\java\org\example\tds\td3\conception\IHand.java. Using fallback presentation compiler.
2025.10.07 10:12:32 INFO  no build target found for C:\Users\panlu\Documents\Cours\M1_Mod_Archi_Patrons_Concep\app\src\main\java\org\example\tds\td3\conception\IHand.java. Using fallback presentation compiler.
2025.10.07 10:12:33 INFO  no build target found for C:\Users\panlu\Documents\Cours\M1_Mod_Archi_Patrons_Concep\app\src\main\java\org\example\tds\td3\conception\IHand.java. Using fallback presentation compiler.
2025.10.07 10:12:32 INFO  no build target found for C:\Users\panlu\Documents\Cours\M1_Mod_Archi_Patrons_Concep\app\src\main\java\org\example\tds\td3\conception\IHand.java. Using fallback presentation compiler.
2025.10.07 10:12:33 INFO  no build target found for C:\Users\panlu\Documents\Cours\M1_Mod_Archi_Patrons_Concep\app\src\main\java\org\example\tds\td3\conception\IHand.java. Using fallback presentation compiler.
2025.10.07 10:12:34 WARN  no build target for: C:\Users\panlu\Documents\Cours\M1_Mod_Archi_Patrons_Concep\app\src\main\java\org\example\tds\td3\conception\IHand.java
2025.10.07 10:12:34 INFO  no build target found for C:\Users\panlu\Documents\Cours\M1_Mod_Archi_Patrons_Concep\app\src\main\java\org\example\tds\td3\conception\IHand.java. Using fallback presentation compiler.
2025.10.07 10:12:34 INFO  no build target found for C:\Users\panlu\Documents\Cours\M1_Mod_Archi_Patrons_Concep\app\src\main\java\org\example\tds\td3\conception\IHand.java. Using fallback presentation compiler.
2025.10.07 10:12:34 INFO  no build target found for C:\Users\panlu\Documents\Cours\M1_Mod_Archi_Patrons_Concep\app\src\main\java\org\example\tds\td3\conception\IHand.java. Using fallback presentation compiler.
2025.10.07 10:12:35 INFO  no build target found for C:\Users\panlu\Documents\Cours\M1_Mod_Archi_Patrons_Concep\app\src\main\java\org\example\tds\td3\conception\IHand.java. Using fallback presentation compiler.
2025.10.07 10:12:34 INFO  no build target found for C:\Users\panlu\Documents\Cours\M1_Mod_Archi_Patrons_Concep\app\src\main\java\org\example\tds\td3\conception\IHand.java. Using fallback presentation compiler.
2025.10.07 10:12:35 WARN  no build target for: C:\Users\panlu\Documents\Cours\M1_Mod_Archi_Patrons_Concep\app\src\main\java\org\example\tds\td3\conception\IHand.java
2025.10.07 10:12:36 INFO  no build target found for C:\Users\panlu\Documents\Cours\M1_Mod_Archi_Patrons_Concep\app\src\main\java\org\example\tds\td3\conception\IHand.java. Using fallback presentation compiler.
2025.10.07 10:12:36 INFO  no build target found for C:\Users\panlu\Documents\Cours\M1_Mod_Archi_Patrons_Concep\app\src\main\java\org\example\tds\td3\conception\IHand.java. Using fallback presentation compiler.
2025.10.07 10:12:36 INFO  no build target found for C:\Users\panlu\Documents\Cours\M1_Mod_Archi_Patrons_Concep\app\src\main\java\org\example\tds\td3\conception\IHand.java. Using fallback presentation compiler.
2025.10.07 10:12:37 WARN  no build target for: C:\Users\panlu\Documents\Cours\M1_Mod_Archi_Patrons_Concep\app\src\main\java\org\example\tds\td3\conception\IHand.java
2025.10.07 10:12:37 INFO  no build target found for C:\Users\panlu\Documents\Cours\M1_Mod_Archi_Patrons_Concep\app\src\main\java\org\example\tds\td3\conception\IHand.java. Using fallback presentation compiler.
2025.10.07 10:12:42 INFO  no build target found for C:\Users\panlu\Documents\Cours\M1_Mod_Archi_Patrons_Concep\app\src\main\java\org\example\tds\td3\conception\IHand.java. Using fallback presentation compiler.
2025.10.07 10:12:42 INFO  no build target found for C:\Users\panlu\Documents\Cours\M1_Mod_Archi_Patrons_Concep\app\src\main\java\org\example\tds\td3\conception\IHand.java. Using fallback presentation compiler.
2025.10.07 10:12:42 INFO  no build target found for C:\Users\panlu\Documents\Cours\M1_Mod_Archi_Patrons_Concep\app\src\main\java\org\example\tds\td3\conception\IHand.java. Using fallback presentation compiler.
2025.10.07 10:12:42 INFO  no build target found for C:\Users\panlu\Documents\Cours\M1_Mod_Archi_Patrons_Concep\app\src\main\java\org\example\tds\td3\conception\IHand.java. Using fallback presentation compiler.
2025.10.07 10:12:42 INFO  no build target found for C:\Users\panlu\Documents\Cours\M1_Mod_Archi_Patrons_Concep\app\src\main\java\org\example\tds\td3\conception\IHand.java. Using fallback presentation compiler.
2025.10.07 10:12:43 INFO  no build target found for C:\Users\panlu\Documents\Cours\M1_Mod_Archi_Patrons_Concep\app\src\main\java\org\example\tds\td3\conception\IHand.java. Using fallback presentation compiler.
2025.10.07 10:12:43 INFO  no build target found for C:\Users\panlu\Documents\Cours\M1_Mod_Archi_Patrons_Concep\app\src\main\java\org\example\tds\td3\conception\IHand.java. Using fallback presentation compiler.
2025.10.07 10:12:43 INFO  no build target found for C:\Users\panlu\Documents\Cours\M1_Mod_Archi_Patrons_Concep\app\src\main\java\org\example\tds\td3\conception\IHand.java. Using fallback presentation compiler.
2025.10.07 10:12:43 INFO  no build target found for C:\Users\panlu\Documents\Cours\M1_Mod_Archi_Patrons_Concep\app\src\main\java\org\example\tds\td3\conception\IHand.java. Using fallback presentation compiler.
2025.10.07 10:12:43 INFO  no build target found for C:\Users\panlu\Documents\Cours\M1_Mod_Archi_Patrons_Concep\app\src\main\java\org\example\tds\td3\conception\IHand.java. Using fallback presentation compiler.
2025.10.07 10:12:43 INFO  no build target found for C:\Users\panlu\Documents\Cours\M1_Mod_Archi_Patrons_Concep\app\src\main\java\org\example\tds\td3\conception\IHand.java. Using fallback presentation compiler.
2025.10.07 10:12:43 INFO  no build target found for C:\Users\panlu\Documents\Cours\M1_Mod_Archi_Patrons_Concep\app\src\main\java\org\example\tds\td3\conception\IHand.java. Using fallback presentation compiler.
2025.10.07 10:12:43 INFO  no build target found for C:\Users\panlu\Documents\Cours\M1_Mod_Archi_Patrons_Concep\app\src\main\java\org\example\tds\td3\conception\IHand.java. Using fallback presentation compiler.
2025.10.07 10:12:43 INFO  no build target found for C:\Users\panlu\Documents\Cours\M1_Mod_Archi_Patrons_Concep\app\src\main\java\org\example\tds\td3\conception\IHand.java. Using fallback presentation compiler.
2025.10.07 10:12:44 INFO  no build target found for C:\Users\panlu\Documents\Cours\M1_Mod_Archi_Patrons_Concep\app\src\main\java\org\example\tds\td3\conception\IHand.java. Using fallback presentation compiler.
2025.10.07 10:12:44 INFO  no build target found for C:\Users\panlu\Documents\Cours\M1_Mod_Archi_Patrons_Concep\app\src\main\java\org\example\tds\td3\conception\IHand.java. Using fallback presentation compiler.
2025.10.07 10:12:44 INFO  no build target found for C:\Users\panlu\Documents\Cours\M1_Mod_Archi_Patrons_Concep\app\src\main\java\org\example\tds\td3\conception\IHand.java. Using fallback presentation compiler.
2025.10.07 10:12:45 WARN  no build target for: C:\Users\panlu\Documents\Cours\M1_Mod_Archi_Patrons_Concep\app\src\main\java\org\example\tds\td3\conception\IHand.java
2025.10.07 10:12:45 INFO  no build target found for C:\Users\panlu\Documents\Cours\M1_Mod_Archi_Patrons_Concep\app\src\main\java\org\example\tds\td3\conception\IHand.java. Using fallback presentation compiler.
2025.10.07 10:12:46 INFO  no build target found for C:\Users\panlu\Documents\Cours\M1_Mod_Archi_Patrons_Concep\app\src\main\java\org\example\tds\td3\conception\IHand.java. Using fallback presentation compiler.
2025.10.07 10:12:46 INFO  no build target found for C:\Users\panlu\Documents\Cours\M1_Mod_Archi_Patrons_Concep\app\src\main\java\org\example\tds\td3\conception\IHand.java. Using fallback presentation compiler.
2025.10.07 10:12:46 INFO  no build target found for C:\Users\panlu\Documents\Cours\M1_Mod_Archi_Patrons_Concep\app\src\main\java\org\example\tds\td3\conception\IHand.java. Using fallback presentation compiler.
2025.10.07 10:12:46 INFO  no build target found for C:\Users\panlu\Documents\Cours\M1_Mod_Archi_Patrons_Concep\app\src\main\java\org\example\tds\td3\conception\IHand.java. Using fallback presentation compiler.
2025.10.07 10:12:46 WARN  no build target for: C:\Users\panlu\Documents\Cours\M1_Mod_Archi_Patrons_Concep\app\src\main\java\org\example\tds\td3\conception\IHand.java
2025.10.07 10:12:47 INFO  QDox parse error in file:///C:/Users/panlu/Documents/Cours/M1_Mod_Archi_Patrons_Concep/app/src/main/java/org/example/tds/td3/conception/IHand.java (full report at: "C:\Users\panlu\Documents\Cours\M1_Mod_Archi_Patrons_Concep\.metals\.reports\metals-full\2025-10-07\r_qdox-error_10-09-15-441.md")
2025.10.07 10:12:47 INFO  no build target found for C:\Users\panlu\Documents\Cours\M1_Mod_Archi_Patrons_Concep\app\src\main\java\org\example\tds\td3\conception\IHand.java. Using fallback presentation compiler.
2025.10.07 10:12:47 WARN  Running javac-semanticdb failed for file:///C:/Users/panlu/Documents/Cours/M1_Mod_Archi_Patrons_Concep/app/src/main/java/org/example/tds/td3/conception/IHand.java. Output:

2025.10.07 10:12:47 INFO  no build target found for C:\Users\panlu\Documents\Cours\M1_Mod_Archi_Patrons_Concep\app\src\main\java\org\example\tds\td3\conception\IHand.java. Using fallback presentation compiler.
2025.10.07 10:12:47 INFO  no build target found for C:\Users\panlu\Documents\Cours\M1_Mod_Archi_Patrons_Concep\app\src\main\java\org\example\tds\td3\conception\IHand.java. Using fallback presentation compiler.
2025.10.07 10:12:47 INFO  no build target found for C:\Users\panlu\Documents\Cours\M1_Mod_Archi_Patrons_Concep\app\src\main\java\org\example\tds\td3\conception\IHand.java. Using fallback presentation compiler.
2025.10.07 10:12:47 INFO  no build target found for C:\Users\panlu\Documents\Cours\M1_Mod_Archi_Patrons_Concep\app\src\main\java\org\example\tds\td3\conception\IHand.java. Using fallback presentation compiler.
2025.10.07 10:12:48 WARN  no build target for: C:\Users\panlu\Documents\Cours\M1_Mod_Archi_Patrons_Concep\app\src\main\java\org\example\tds\td3\conception\IHand.java
2025.10.07 10:12:48 INFO  no build target found for C:\Users\panlu\Documents\Cours\M1_Mod_Archi_Patrons_Concep\app\src\main\java\org\example\tds\td3\conception\IHand.java. Using fallback presentation compiler.
2025.10.07 10:12:49 INFO  no build target found for C:\Users\panlu\Documents\Cours\M1_Mod_Archi_Patrons_Concep\app\src\main\java\org\example\tds\td3\conception\IHand.java. Using fallback presentation compiler.
2025.10.07 10:12:51 INFO  no build target found for C:\Users\panlu\Documents\Cours\M1_Mod_Archi_Patrons_Concep\app\src\main\java\org\example\tds\td3\conception\IHand.java. Using fallback presentation compiler.
2025.10.07 10:12:51 INFO  no build target found for C:\Users\panlu\Documents\Cours\M1_Mod_Archi_Patrons_Concep\app\src\main\java\org\example\tds\td3\conception\IHand.java. Using fallback presentation compiler.
2025.10.07 10:12:51 INFO  no build target found for C:\Users\panlu\Documents\Cours\M1_Mod_Archi_Patrons_Concep\app\src\main\java\org\example\tds\td3\conception\IHand.java. Using fallback presentation compiler.
2025.10.07 10:12:52 INFO  no build target found for C:\Users\panlu\Documents\Cours\M1_Mod_Archi_Patrons_Concep\app\src\main\java\org\example\tds\td3\conception\IHand.java. Using fallback presentation compiler.
2025.10.07 10:12:53 WARN  no build target for: C:\Users\panlu\Documents\Cours\M1_Mod_Archi_Patrons_Concep\app\src\main\java\org\example\tds\td3\conception\IHand.java
2025.10.07 10:12:53 INFO  no build target found for C:\Users\panlu\Documents\Cours\M1_Mod_Archi_Patrons_Concep\app\src\main\java\org\example\tds\td3\conception\IHand.java. Using fallback presentation compiler.
2025.10.07 10:12:57 INFO  no build target found for C:\Users\panlu\Documents\Cours\M1_Mod_Archi_Patrons_Concep\app\src\main\java\org\example\tds\td3\conception\IHand.java. Using fallback presentation compiler.
2025.10.07 10:12:57 INFO  no build target found for C:\Users\panlu\Documents\Cours\M1_Mod_Archi_Patrons_Concep\app\src\main\java\org\example\tds\td3\conception\IHand.java. Using fallback presentation compiler.
2025.10.07 10:12:57 INFO  no build target found for C:\Users\panlu\Documents\Cours\M1_Mod_Archi_Patrons_Concep\app\src\main\java\org\example\tds\td3\conception\IHand.java. Using fallback presentation compiler.
2025.10.07 10:12:57 INFO  no build target found for C:\Users\panlu\Documents\Cours\M1_Mod_Archi_Patrons_Concep\app\src\main\java\org\example\tds\td3\conception\IHand.java. Using fallback presentation compiler.
2025.10.07 10:12:57 INFO  no build target found for C:\Users\panlu\Documents\Cours\M1_Mod_Archi_Patrons_Concep\app\src\main\java\org\example\tds\td3\conception\IHand.java. Using fallback presentation compiler.
2025.10.07 10:12:57 INFO  no build target found for C:\Users\panlu\Documents\Cours\M1_Mod_Archi_Patrons_Concep\app\src\main\java\org\example\tds\td3\conception\IHand.java. Using fallback presentation compiler.
2025.10.07 10:12:58 INFO  no build target found for C:\Users\panlu\Documents\Cours\M1_Mod_Archi_Patrons_Concep\app\src\main\java\org\example\tds\td3\conception\IHand.java. Using fallback presentation compiler.
2025.10.07 10:12:58 INFO  no build target found for C:\Users\panlu\Documents\Cours\M1_Mod_Archi_Patrons_Concep\app\src\main\java\org\example\tds\td3\conception\IHand.java. Using fallback presentation compiler.
2025.10.07 10:12:58 INFO  no build target found for C:\Users\panlu\Documents\Cours\M1_Mod_Archi_Patrons_Concep\app\src\main\java\org\example\tds\td3\conception\IHand.java. Using fallback presentation compiler.
2025.10.07 10:12:58 INFO  no build target found for C:\Users\panlu\Documents\Cours\M1_Mod_Archi_Patrons_Concep\app\src\main\java\org\example\tds\td3\conception\IHand.java. Using fallback presentation compiler.
2025.10.07 10:12:58 INFO  no build target found for C:\Users\panlu\Documents\Cours\M1_Mod_Archi_Patrons_Concep\app\src\main\java\org\example\tds\td3\conception\IHand.java. Using fallback presentation compiler.
2025.10.07 10:12:58 INFO  no build target found for C:\Users\panlu\Documents\Cours\M1_Mod_Archi_Patrons_Concep\app\src\main\java\org\example\tds\td3\conception\IHand.java. Using fallback presentation compiler.
2025.10.07 10:12:58 INFO  no build target found for C:\Users\panlu\Documents\Cours\M1_Mod_Archi_Patrons_Concep\app\src\main\java\org\example\tds\td3\conception\IHand.java. Using fallback presentation compiler.
2025.10.07 10:12:58 INFO  no build target found for C:\Users\panlu\Documents\Cours\M1_Mod_Archi_Patrons_Concep\app\src\main\java\org\example\tds\td3\conception\IHand.java. Using fallback presentation compiler.
2025.10.07 10:12:58 INFO  no build target found for C:\Users\panlu\Documents\Cours\M1_Mod_Archi_Patrons_Concep\app\src\main\java\org\example\tds\td3\conception\IHand.java. Using fallback presentation compiler.
2025.10.07 10:12:58 INFO  no build target found for C:\Users\panlu\Documents\Cours\M1_Mod_Archi_Patrons_Concep\app\src\main\java\org\example\tds\td3\conception\IHand.java. Using fallback presentation compiler.
2025.10.07 10:12:58 INFO  no build target found for C:\Users\panlu\Documents\Cours\M1_Mod_Archi_Patrons_Concep\app\src\main\java\org\example\tds\td3\conception\IHand.java. Using fallback presentation compiler.
2025.10.07 10:12:58 INFO  no build target found for C:\Users\panlu\Documents\Cours\M1_Mod_Archi_Patrons_Concep\app\src\main\java\org\example\tds\td3\conception\IHand.java. Using fallback presentation compiler.
2025.10.07 10:12:58 INFO  no build target found for C:\Users\panlu\Documents\Cours\M1_Mod_Archi_Patrons_Concep\app\src\main\java\org\example\tds\td3\conception\IHand.java. Using fallback presentation compiler.
2025.10.07 10:12:58 INFO  no build target found for C:\Users\panlu\Documents\Cours\M1_Mod_Archi_Patrons_Concep\app\src\main\java\org\example\tds\td3\conception\IHand.java. Using fallback presentation compiler.
2025.10.07 10:12:59 INFO  no build target found for C:\Users\panlu\Documents\Cours\M1_Mod_Archi_Patrons_Concep\app\src\main\java\org\example\tds\td3\conception\IHand.java. Using fallback presentation compiler.
2025.10.07 10:12:59 INFO  no build target found for C:\Users\panlu\Documents\Cours\M1_Mod_Archi_Patrons_Concep\app\src\main\java\org\example\tds\td3\conception\IHand.java. Using fallback presentation compiler.
2025.10.07 10:12:59 INFO  no build target found for C:\Users\panlu\Documents\Cours\M1_Mod_Archi_Patrons_Concep\app\src\main\java\org\example\tds\td3\conception\IHand.java. Using fallback presentation compiler.
2025.10.07 10:13:00 INFO  no build target found for C:\Users\panlu\Documents\Cours\M1_Mod_Archi_Patrons_Concep\app\src\main\java\org\example\tds\td3\conception\IHand.java. Using fallback presentation compiler.
2025.10.07 10:13:01 WARN  no build target for: C:\Users\panlu\Documents\Cours\M1_Mod_Archi_Patrons_Concep\app\src\main\java\org\example\tds\td3\conception\IHand.java
2025.10.07 10:13:01 INFO  no build target found for C:\Users\panlu\Documents\Cours\M1_Mod_Archi_Patrons_Concep\app\src\main\java\org\example\tds\td3\conception\IHand.java. Using fallback presentation compiler.
2025.10.07 10:13:01 INFO  no build target found for C:\Users\panlu\Documents\Cours\M1_Mod_Archi_Patrons_Concep\app\src\main\java\org\example\tds\td3\conception\IHand.java. Using fallback presentation compiler.
2025.10.07 10:13:01 INFO  no build target found for C:\Users\panlu\Documents\Cours\M1_Mod_Archi_Patrons_Concep\app\src\main\java\org\example\tds\td3\conception\IHand.java. Using fallback presentation compiler.
2025.10.07 10:13:02 INFO  no build target found for C:\Users\panlu\Documents\Cours\M1_Mod_Archi_Patrons_Concep\app\src\main\java\org\example\tds\td3\conception\IHand.java. Using fallback presentation compiler.
2025.10.07 10:13:04 INFO  no build target found for C:\Users\panlu\Documents\Cours\M1_Mod_Archi_Patrons_Concep\app\src\main\java\org\example\tds\td3\conception\IHand.java. Using fallback presentation compiler.
2025.10.07 10:13:04 INFO  no build target found for C:\Users\panlu\Documents\Cours\M1_Mod_Archi_Patrons_Concep\app\src\main\java\org\example\tds\td3\conception\IHand.java. Using fallback presentation compiler.
2025.10.07 10:13:04 INFO  no build target found for C:\Users\panlu\Documents\Cours\M1_Mod_Archi_Patrons_Concep\app\src\main\java\org\example\tds\td3\conception\IHand.java. Using fallback presentation compiler.
2025.10.07 10:13:04 INFO  no build target found for C:\Users\panlu\Documents\Cours\M1_Mod_Archi_Patrons_Concep\app\src\main\java\org\example\tds\td3\conception\IHand.java. Using fallback presentation compiler.
2025.10.07 10:13:05 INFO  no build target found for C:\Users\panlu\Documents\Cours\M1_Mod_Archi_Patrons_Concep\app\src\main\java\org\example\tds\td3\conception\IHand.java. Using fallback presentation compiler.
2025.10.07 10:13:04 INFO  no build target found for C:\Users\panlu\Documents\Cours\M1_Mod_Archi_Patrons_Concep\app\src\main\java\org\example\tds\td3\conception\IHand.java. Using fallback presentation compiler.
2025.10.07 10:13:04 INFO  no build target found for C:\Users\panlu\Documents\Cours\M1_Mod_Archi_Patrons_Concep\app\src\main\java\org\example\tds\td3\conception\IHand.java. Using fallback presentation compiler.
2025.10.07 10:13:05 INFO  no build target found for C:\Users\panlu\Documents\Cours\M1_Mod_Archi_Patrons_Concep\app\src\main\java\org\example\tds\td3\conception\IHand.java. Using fallback presentation compiler.
2025.10.07 10:13:05 INFO  no build target found for C:\Users\panlu\Documents\Cours\M1_Mod_Archi_Patrons_Concep\app\src\main\java\org\example\tds\td3\conception\IHand.java. Using fallback presentation compiler.
2025.10.07 10:13:05 INFO  no build target found for C:\Users\panlu\Documents\Cours\M1_Mod_Archi_Patrons_Concep\app\src\main\java\org\example\tds\td3\conception\IHand.java. Using fallback presentation compiler.
2025.10.07 10:13:05 INFO  no build target found for C:\Users\panlu\Documents\Cours\M1_Mod_Archi_Patrons_Concep\app\src\main\java\org\example\tds\td3\conception\IHand.java. Using fallback presentation compiler.
2025.10.07 10:13:05 INFO  no build target found for C:\Users\panlu\Documents\Cours\M1_Mod_Archi_Patrons_Concep\app\src\main\java\org\example\tds\td3\conception\IHand.java. Using fallback presentation compiler.
2025.10.07 10:13:05 INFO  no build target found for C:\Users\panlu\Documents\Cours\M1_Mod_Archi_Patrons_Concep\app\src\main\java\org\example\tds\td3\conception\IHand.java. Using fallback presentation compiler.
2025.10.07 10:13:05 INFO  no build target found for C:\Users\panlu\Documents\Cours\M1_Mod_Archi_Patrons_Concep\app\src\main\java\org\example\tds\td3\conception\IHand.java. Using fallback presentation compiler.
2025.10.07 10:13:06 INFO  no build target found for C:\Users\panlu\Documents\Cours\M1_Mod_Archi_Patrons_Concep\app\src\main\java\org\example\tds\td3\conception\IHand.java. Using fallback presentation compiler.
2025.10.07 10:13:06 INFO  no build target found for C:\Users\panlu\Documents\Cours\M1_Mod_Archi_Patrons_Concep\app\src\main\java\org\example\tds\td3\conception\IHand.java. Using fallback presentation compiler.
2025.10.07 10:13:06 WARN  no build target for: C:\Users\panlu\Documents\Cours\M1_Mod_Archi_Patrons_Concep\app\src\main\java\org\example\tds\td3\conception\IHand.java
2025.10.07 10:13:06 INFO  no build target found for C:\Users\panlu\Documents\Cours\M1_Mod_Archi_Patrons_Concep\app\src\main\java\org\example\tds\td3\conception\IHand.java. Using fallback presentation compiler.
2025.10.07 10:13:06 INFO  no build target found for C:\Users\panlu\Documents\Cours\M1_Mod_Archi_Patrons_Concep\app\src\main\java\org\example\tds\td3\conception\IHand.java. Using fallback presentation compiler.
2025.10.07 10:13:07 INFO  no build target found for C:\Users\panlu\Documents\Cours\M1_Mod_Archi_Patrons_Concep\app\src\main\java\org\example\tds\td3\conception\IHand.java. Using fallback presentation compiler.
2025.10.07 10:13:07 INFO  no build target found for C:\Users\panlu\Documents\Cours\M1_Mod_Archi_Patrons_Concep\app\src\main\java\org\example\tds\td3\conception\IHand.java. Using fallback presentation compiler.
2025.10.07 10:13:07 INFO  no build target found for C:\Users\panlu\Documents\Cours\M1_Mod_Archi_Patrons_Concep\app\src\main\java\org\example\tds\td3\conception\IHand.java. Using fallback presentation compiler.
2025.10.07 10:13:08 WARN  no build target for: C:\Users\panlu\Documents\Cours\M1_Mod_Archi_Patrons_Concep\app\src\main\java\org\example\tds\td3\conception\IHand.java
2025.10.07 10:13:08 INFO  QDox parse error in file:///C:/Users/panlu/Documents/Cours/M1_Mod_Archi_Patrons_Concep/app/src/main/java/org/example/tds/td3/conception/IHand.java (full report at: "C:\Users\panlu\Documents\Cours\M1_Mod_Archi_Patrons_Concep\.metals\.reports\metals-full\2025-10-07\r_qdox-error_10-09-15-441.md")
2025.10.07 10:13:08 INFO  no build target found for C:\Users\panlu\Documents\Cours\M1_Mod_Archi_Patrons_Concep\app\src\main\java\org\example\tds\td3\conception\IHand.java. Using fallback presentation compiler.
2025.10.07 10:13:08 WARN  Running javac-semanticdb failed for file:///C:/Users/panlu/Documents/Cours/M1_Mod_Archi_Patrons_Concep/app/src/main/java/org/example/tds/td3/conception/IHand.java. Output:

2025.10.07 10:13:09 INFO  no build target found for C:\Users\panlu\Documents\Cours\M1_Mod_Archi_Patrons_Concep\app\src\main\java\org\example\tds\td3\conception\IHand.java. Using fallback presentation compiler.
2025.10.07 10:13:09 INFO  no build target found for C:\Users\panlu\Documents\Cours\M1_Mod_Archi_Patrons_Concep\app\src\main\java\org\example\tds\td3\conception\IHand.java. Using fallback presentation compiler.
2025.10.07 10:13:10 INFO  no build target found for C:\Users\panlu\Documents\Cours\M1_Mod_Archi_Patrons_Concep\app\src\main\java\org\example\tds\td3\conception\IHand.java. Using fallback presentation compiler.
2025.10.07 10:13:10 INFO  no build target found for C:\Users\panlu\Documents\Cours\M1_Mod_Archi_Patrons_Concep\app\src\main\java\org\example\tds\td3\conception\IHand.java. Using fallback presentation compiler.
2025.10.07 10:13:11 INFO  QDox parse error in file:///C:/Users/panlu/Documents/Cours/M1_Mod_Archi_Patrons_Concep/app/src/main/java/org/example/tds/td3/conception/IHand.java (full report at: "C:\Users\panlu\Documents\Cours\M1_Mod_Archi_Patrons_Concep\.metals\.reports\metals-full\2025-10-07\r_qdox-error_10-09-15-441.md")
2025.10.07 10:13:11 INFO  QDox parse error in file:///C:/Users/panlu/Documents/Cours/M1_Mod_Archi_Patrons_Concep/app/src/main/java/org/example/tds/td3/conception/IHand.java (full report at: "C:\Users\panlu\Documents\Cours\M1_Mod_Archi_Patrons_Concep\.metals\.reports\metals-full\2025-10-07\r_qdox-error_10-09-15-441.md")
2025.10.07 10:13:10 INFO  no build target found for C:\Users\panlu\Documents\Cours\M1_Mod_Archi_Patrons_Concep\app\src\main\java\org\example\tds\td3\conception\IHand.java. Using fallback presentation compiler.
2025.10.07 10:13:17 INFO  no build target found for C:\Users\panlu\Documents\Cours\M1_Mod_Archi_Patrons_Concep\app\src\main\java\org\example\tds\td3\conception\IHand.java. Using fallback presentation compiler.
2025.10.07 10:13:17 INFO  no build target found for C:\Users\panlu\Documents\Cours\M1_Mod_Archi_Patrons_Concep\app\src\main\java\org\example\tds\td3\conception\IHand.java. Using fallback presentation compiler.
2025.10.07 10:13:17 INFO  no build target found for C:\Users\panlu\Documents\Cours\M1_Mod_Archi_Patrons_Concep\app\src\main\java\org\example\tds\td3\conception\IHand.java. Using fallback presentation compiler.
2025.10.07 10:13:18 WARN  no build target for: C:\Users\panlu\Documents\Cours\M1_Mod_Archi_Patrons_Concep\app\src\main\java\org\example\tds\td3\conception\IHand.java
2025.10.07 10:13:18 INFO  no build target found for C:\Users\panlu\Documents\Cours\M1_Mod_Archi_Patrons_Concep\app\src\main\java\org\example\tds\td3\conception\IHand.java. Using fallback presentation compiler.
2025.10.07 10:13:18 INFO  QDox parse error in file:///C:/Users/panlu/Documents/Cours/M1_Mod_Archi_Patrons_Concep/app/src/main/java/org/example/tds/td3/conception/IHand.java (full report at: "C:\Users\panlu\Documents\Cours\M1_Mod_Archi_Patrons_Concep\.metals\.reports\metals-full\2025-10-07\r_qdox-error_10-09-15-441.md")
2025.10.07 10:13:18 WARN  Running javac-semanticdb failed for file:///C:/Users/panlu/Documents/Cours/M1_Mod_Archi_Patrons_Concep/app/src/main/java/org/example/tds/td3/conception/IHand.java. Output:

2025.10.07 10:13:19 INFO  no build target found for C:\Users\panlu\Documents\Cours\M1_Mod_Archi_Patrons_Concep\app\src\main\java\org\example\tds\td3\conception\IHand.java. Using fallback presentation compiler.
2025.10.07 10:13:19 INFO  no build target found for C:\Users\panlu\Documents\Cours\M1_Mod_Archi_Patrons_Concep\app\src\main\java\org\example\tds\td3\conception\IHand.java. Using fallback presentation compiler.
2025.10.07 10:13:20 WARN  no build target for: C:\Users\panlu\Documents\Cours\M1_Mod_Archi_Patrons_Concep\app\src\main\java\org\example\tds\td3\conception\IHand.java
2025.10.07 10:13:19 INFO  QDox parse error in file:///C:/Users/panlu/Documents/Cours/M1_Mod_Archi_Patrons_Concep/app/src/main/java/org/example/tds/td3/conception/IHand.java (full report at: "C:\Users\panlu\Documents\Cours\M1_Mod_Archi_Patrons_Concep\.metals\.reports\metals-full\2025-10-07\r_qdox-error_10-09-15-441.md")
2025.10.07 10:13:20 INFO  no build target found for C:\Users\panlu\Documents\Cours\M1_Mod_Archi_Patrons_Concep\app\src\main\java\org\example\tds\td3\conception\IHand.java. Using fallback presentation compiler.
2025.10.07 10:13:20 WARN  Running javac-semanticdb failed for file:///C:/Users/panlu/Documents/Cours/M1_Mod_Archi_Patrons_Concep/app/src/main/java/org/example/tds/td3/conception/IHand.java. Output:

2025.10.07 10:13:20 INFO  no build target found for C:\Users\panlu\Documents\Cours\M1_Mod_Archi_Patrons_Concep\app\src\main\java\org\example\tds\td3\conception\IHand.java. Using fallback presentation compiler.
2025.10.07 10:13:20 INFO  no build target found for C:\Users\panlu\Documents\Cours\M1_Mod_Archi_Patrons_Concep\app\src\main\java\org\example\tds\td3\conception\IHand.java. Using fallback presentation compiler.
2025.10.07 10:13:20 INFO  QDox parse error in file:///C:/Users/panlu/Documents/Cours/M1_Mod_Archi_Patrons_Concep/app/src/main/java/org/example/tds/td3/conception/IHand.java (full report at: "C:\Users\panlu\Documents\Cours\M1_Mod_Archi_Patrons_Concep\.metals\.reports\metals-full\2025-10-07\r_qdox-error_10-09-15-441.md")
2025.10.07 10:13:20 INFO  no build target found for C:\Users\panlu\Documents\Cours\M1_Mod_Archi_Patrons_Concep\app\src\main\java\org\example\tds\td3\conception\IHand.java. Using fallback presentation compiler.
2025.10.07 10:13:25 INFO  no build target found for C:\Users\panlu\Documents\Cours\M1_Mod_Archi_Patrons_Concep\app\src\main\java\org\example\tds\td3\conception\IHand.java. Using fallback presentation compiler.
2025.10.07 10:13:25 INFO  no build target found for C:\Users\panlu\Documents\Cours\M1_Mod_Archi_Patrons_Concep\app\src\main\java\org\example\tds\td3\conception\IHand.java. Using fallback presentation compiler.
2025.10.07 10:13:25 INFO  no build target found for C:\Users\panlu\Documents\Cours\M1_Mod_Archi_Patrons_Concep\app\src\main\java\org\example\tds\td3\conception\IHand.java. Using fallback presentation compiler.
2025.10.07 10:13:26 INFO  no build target found for C:\Users\panlu\Documents\Cours\M1_Mod_Archi_Patrons_Concep\app\src\main\java\org\example\tds\td3\conception\IHand.java. Using fallback presentation compiler.
2025.10.07 10:13:26 INFO  no build target found for C:\Users\panlu\Documents\Cours\M1_Mod_Archi_Patrons_Concep\app\src\main\java\org\example\tds\td3\conception\IHand.java. Using fallback presentation compiler.
2025.10.07 10:13:26 INFO  no build target found for C:\Users\panlu\Documents\Cours\M1_Mod_Archi_Patrons_Concep\app\src\main\java\org\example\tds\td3\conception\IHand.java. Using fallback presentation compiler.
2025.10.07 10:13:26 INFO  no build target found for C:\Users\panlu\Documents\Cours\M1_Mod_Archi_Patrons_Concep\app\src\main\java\org\example\tds\td3\conception\IHand.java. Using fallback presentation compiler.
2025.10.07 10:13:27 INFO  no build target found for C:\Users\panlu\Documents\Cours\M1_Mod_Archi_Patrons_Concep\app\src\main\java\org\example\tds\td3\conception\IHand.java. Using fallback presentation compiler.
2025.10.07 10:13:26 INFO  no build target found for C:\Users\panlu\Documents\Cours\M1_Mod_Archi_Patrons_Concep\app\src\main\java\org\example\tds\td3\conception\IHand.java. Using fallback presentation compiler.
2025.10.07 10:13:26 INFO  no build target found for C:\Users\panlu\Documents\Cours\M1_Mod_Archi_Patrons_Concep\app\src\main\java\org\example\tds\td3\conception\IHand.java. Using fallback presentation compiler.
2025.10.07 10:13:27 INFO  no build target found for C:\Users\panlu\Documents\Cours\M1_Mod_Archi_Patrons_Concep\app\src\main\java\org\example\tds\td3\conception\IHand.java. Using fallback presentation compiler.
2025.10.07 10:13:26 INFO  no build target found for C:\Users\panlu\Documents\Cours\M1_Mod_Archi_Patrons_Concep\app\src\main\java\org\example\tds\td3\conception\IHand.java. Using fallback presentation compiler.
2025.10.07 10:13:28 INFO  no build target found for C:\Users\panlu\Documents\Cours\M1_Mod_Archi_Patrons_Concep\app\src\main\java\org\example\tds\td3\conception\IHand.java. Using fallback presentation compiler.
2025.10.07 10:13:28 INFO  no build target found for C:\Users\panlu\Documents\Cours\M1_Mod_Archi_Patrons_Concep\app\src\main\java\org\example\tds\td3\conception\IHand.java. Using fallback presentation compiler.
2025.10.07 10:13:28 INFO  no build target found for C:\Users\panlu\Documents\Cours\M1_Mod_Archi_Patrons_Concep\app\src\main\java\org\example\tds\td3\conception\IHand.java. Using fallback presentation compiler.
2025.10.07 10:13:28 INFO  no build target found for C:\Users\panlu\Documents\Cours\M1_Mod_Archi_Patrons_Concep\app\src\main\java\org\example\tds\td3\conception\IHand.java. Using fallback presentation compiler.
2025.10.07 10:13:28 INFO  no build target found for C:\Users\panlu\Documents\Cours\M1_Mod_Archi_Patrons_Concep\app\src\main\java\org\example\tds\td3\conception\IHand.java. Using fallback presentation compiler.
2025.10.07 10:13:28 INFO  no build target found for C:\Users\panlu\Documents\Cours\M1_Mod_Archi_Patrons_Concep\app\src\main\java\org\example\tds\td3\conception\IHand.java. Using fallback presentation compiler.
2025.10.07 10:13:29 INFO  no build target found for C:\Users\panlu\Documents\Cours\M1_Mod_Archi_Patrons_Concep\app\src\main\java\org\example\tds\td3\conception\IHand.java. Using fallback presentation compiler.
2025.10.07 10:13:29 INFO  no build target found for C:\Users\panlu\Documents\Cours\M1_Mod_Archi_Patrons_Concep\app\src\main\java\org\example\tds\td3\conception\IHand.java. Using fallback presentation compiler.
2025.10.07 10:13:29 INFO  no build target found for C:\Users\panlu\Documents\Cours\M1_Mod_Archi_Patrons_Concep\app\src\main\java\org\example\tds\td3\conception\IHand.java. Using fallback presentation compiler.
2025.10.07 10:13:29 INFO  no build target found for C:\Users\panlu\Documents\Cours\M1_Mod_Archi_Patrons_Concep\app\src\main\java\org\example\tds\td3\conception\IHand.java. Using fallback presentation compiler.
2025.10.07 10:13:29 INFO  no build target found for C:\Users\panlu\Documents\Cours\M1_Mod_Archi_Patrons_Concep\app\src\main\java\org\example\tds\td3\conception\IHand.java. Using fallback presentation compiler.
2025.10.07 10:13:29 INFO  no build target found for C:\Users\panlu\Documents\Cours\M1_Mod_Archi_Patrons_Concep\app\src\main\java\org\example\tds\td3\conception\IHand.java. Using fallback presentation compiler.
2025.10.07 10:13:29 INFO  no build target found for C:\Users\panlu\Documents\Cours\M1_Mod_Archi_Patrons_Concep\app\src\main\java\org\example\tds\td3\conception\IHand.java. Using fallback presentation compiler.
2025.10.07 10:13:29 INFO  no build target found for C:\Users\panlu\Documents\Cours\M1_Mod_Archi_Patrons_Concep\app\src\main\java\org\example\tds\td3\conception\IHand.java. Using fallback presentation compiler.
2025.10.07 10:13:29 INFO  no build target found for C:\Users\panlu\Documents\Cours\M1_Mod_Archi_Patrons_Concep\app\src\main\java\org\example\tds\td3\conception\IHand.java. Using fallback presentation compiler.
2025.10.07 10:13:29 INFO  no build target found for C:\Users\panlu\Documents\Cours\M1_Mod_Archi_Patrons_Concep\app\src\main\java\org\example\tds\td3\conception\IHand.java. Using fallback presentation compiler.
2025.10.07 10:13:30 INFO  no build target found for C:\Users\panlu\Documents\Cours\M1_Mod_Archi_Patrons_Concep\app\src\main\java\org\example\tds\td3\conception\IHand.java. Using fallback presentation compiler.
2025.10.07 10:13:30 INFO  no build target found for C:\Users\panlu\Documents\Cours\M1_Mod_Archi_Patrons_Concep\app\src\main\java\org\example\tds\td3\conception\IHand.java. Using fallback presentation compiler.
2025.10.07 10:13:30 INFO  no build target found for C:\Users\panlu\Documents\Cours\M1_Mod_Archi_Patrons_Concep\app\src\main\java\org\example\tds\td3\conception\IHand.java. Using fallback presentation compiler.
2025.10.07 10:13:30 INFO  no build target found for C:\Users\panlu\Documents\Cours\M1_Mod_Archi_Patrons_Concep\app\src\main\java\org\example\tds\td3\conception\IHand.java. Using fallback presentation compiler.
2025.10.07 10:13:30 INFO  no build target found for C:\Users\panlu\Documents\Cours\M1_Mod_Archi_Patrons_Concep\app\src\main\java\org\example\tds\td3\conception\IHand.java. Using fallback presentation compiler.
2025.10.07 10:13:30 INFO  no build target found for C:\Users\panlu\Documents\Cours\M1_Mod_Archi_Patrons_Concep\app\src\main\java\org\example\tds\td3\conception\IHand.java. Using fallback presentation compiler.
2025.10.07 10:13:31 INFO  no build target found for C:\Users\panlu\Documents\Cours\M1_Mod_Archi_Patrons_Concep\app\src\main\java\org\example\tds\td3\conception\IHand.java. Using fallback presentation compiler.
2025.10.07 10:13:31 INFO  no build target found for C:\Users\panlu\Documents\Cours\M1_Mod_Archi_Patrons_Concep\app\src\main\java\org\example\tds\td3\conception\IHand.java. Using fallback presentation compiler.
2025.10.07 10:13:31 WARN  no build target for: C:\Users\panlu\Documents\Cours\M1_Mod_Archi_Patrons_Concep\app\src\main\java\org\example\tds\td3\conception\IHand.java
2025.10.07 10:13:31 INFO  QDox parse error in file:///C:/Users/panlu/Documents/Cours/M1_Mod_Archi_Patrons_Concep/app/src/main/java/org/example/tds/td3/conception/IHand.java (full report at: "C:\Users\panlu\Documents\Cours\M1_Mod_Archi_Patrons_Concep\.metals\.reports\metals-full\2025-10-07\r_qdox-error_10-09-15-441.md")
2025.10.07 10:13:31 INFO  no build target found for C:\Users\panlu\Documents\Cours\M1_Mod_Archi_Patrons_Concep\app\src\main\java\org\example\tds\td3\conception\IHand.java. Using fallback presentation compiler.
2025.10.07 10:13:32 WARN  Running javac-semanticdb failed for file:///C:/Users/panlu/Documents/Cours/M1_Mod_Archi_Patrons_Concep/app/src/main/java/org/example/tds/td3/conception/IHand.java. Output:

2025.10.07 10:13:31 INFO  no build target found for C:\Users\panlu\Documents\Cours\M1_Mod_Archi_Patrons_Concep\app\src\main\java\org\example\tds\td3\conception\IHand.java. Using fallback presentation compiler.
2025.10.07 10:13:31 INFO  no build target found for C:\Users\panlu\Documents\Cours\M1_Mod_Archi_Patrons_Concep\app\src\main\java\org\example\tds\td3\conception\IHand.java. Using fallback presentation compiler.
2025.10.07 10:13:32 INFO  no build target found for C:\Users\panlu\Documents\Cours\M1_Mod_Archi_Patrons_Concep\app\src\main\java\org\example\tds\td3\conception\IHand.java. Using fallback presentation compiler.
2025.10.07 10:13:32 INFO  no build target found for C:\Users\panlu\Documents\Cours\M1_Mod_Archi_Patrons_Concep\app\src\main\java\org\example\tds\td3\conception\IHand.java. Using fallback presentation compiler.
2025.10.07 10:13:33 WARN  no build target for: C:\Users\panlu\Documents\Cours\M1_Mod_Archi_Patrons_Concep\app\src\main\java\org\example\tds\td3\conception\IHand.java
2025.10.07 10:13:33 INFO  QDox parse error in file:///C:/Users/panlu/Documents/Cours/M1_Mod_Archi_Patrons_Concep/app/src/main/java/org/example/tds/td3/conception/IHand.java (full report at: "C:\Users\panlu\Documents\Cours\M1_Mod_Archi_Patrons_Concep\.metals\.reports\metals-full\2025-10-07\r_qdox-error_10-09-15-441.md")
2025.10.07 10:13:33 WARN  Running javac-semanticdb failed for file:///C:/Users/panlu/Documents/Cours/M1_Mod_Archi_Patrons_Concep/app/src/main/java/org/example/tds/td3/conception/IHand.java. Output:

2025.10.07 10:13:33 INFO  no build target found for C:\Users\panlu\Documents\Cours\M1_Mod_Archi_Patrons_Concep\app\src\main\java\org\example\tds\td3\conception\IHand.java. Using fallback presentation compiler.
2025.10.07 10:13:37 INFO  no build target found for C:\Users\panlu\Documents\Cours\M1_Mod_Archi_Patrons_Concep\app\src\main\java\org\example\tds\td3\conception\IHand.java. Using fallback presentation compiler.
2025.10.07 10:13:37 INFO  no build target found for C:\Users\panlu\Documents\Cours\M1_Mod_Archi_Patrons_Concep\app\src\main\java\org\example\tds\td3\conception\IHand.java. Using fallback presentation compiler.
2025.10.07 10:13:38 INFO  no build target found for C:\Users\panlu\Documents\Cours\M1_Mod_Archi_Patrons_Concep\app\src\main\java\org\example\tds\td3\conception\IHand.java. Using fallback presentation compiler.
2025.10.07 10:13:37 INFO  no build target found for C:\Users\panlu\Documents\Cours\M1_Mod_Archi_Patrons_Concep\app\src\main\java\org\example\tds\td3\conception\IHand.java. Using fallback presentation compiler.
2025.10.07 10:13:38 WARN  no build target for: C:\Users\panlu\Documents\Cours\M1_Mod_Archi_Patrons_Concep\app\src\main\java\org\example\tds\td3\conception\IHand.java
2025.10.07 10:13:38 INFO  no build target found for C:\Users\panlu\Documents\Cours\M1_Mod_Archi_Patrons_Concep\app\src\main\java\org\example\tds\td3\conception\IHand.java. Using fallback presentation compiler.
2025.10.07 10:13:44 WARN  no build target for: C:\Users\panlu\Documents\Cours\M1_Mod_Archi_Patrons_Concep\app\src\main\java\org\example\tds\td3\conception\Hand.java
2025.10.07 10:13:44 INFO  no build target found for C:\Users\panlu\Documents\Cours\M1_Mod_Archi_Patrons_Concep\app\src\main\java\org\example\tds\td3\conception\Hand.java. Using fallback presentation compiler.
2025.10.07 10:13:44 INFO  no build target found for C:\Users\panlu\Documents\Cours\M1_Mod_Archi_Patrons_Concep\app\src\main\java\org\example\tds\td3\conception\Hand.java. Using fallback presentation compiler.
2025.10.07 10:13:45 INFO  no build target found for C:\Users\panlu\Documents\Cours\M1_Mod_Archi_Patrons_Concep\app\src\main\java\org\example\tds\td3\conception\Hand.java. Using fallback presentation compiler.
2025.10.07 10:13:45 INFO  no build target found for C:\Users\panlu\Documents\Cours\M1_Mod_Archi_Patrons_Concep\app\src\main\java\org\example\tds\td3\conception\Hand.java. Using fallback presentation compiler.
2025.10.07 10:13:45 INFO  no build target found for C:\Users\panlu\Documents\Cours\M1_Mod_Archi_Patrons_Concep\app\src\main\java\org\example\tds\td3\conception\Hand.java. Using fallback presentation compiler.
2025.10.07 10:13:46 INFO  no build target found for C:\Users\panlu\Documents\Cours\M1_Mod_Archi_Patrons_Concep\app\src\main\java\org\example\tds\td3\conception\Hand.java. Using fallback presentation compiler.
2025.10.07 10:13:46 INFO  no build target found for C:\Users\panlu\Documents\Cours\M1_Mod_Archi_Patrons_Concep\app\src\main\java\org\example\tds\td3\conception\Hand.java. Using fallback presentation compiler.
2025.10.07 10:13:48 INFO  no build target found for C:\Users\panlu\Documents\Cours\M1_Mod_Archi_Patrons_Concep\app\src\main\java\org\example\tds\td3\conception\Hand.java. Using fallback presentation compiler.
2025.10.07 10:13:51 INFO  no build target found for C:\Users\panlu\Documents\Cours\M1_Mod_Archi_Patrons_Concep\app\src\main\java\org\example\tds\td3\conception\Hand.java. Using fallback presentation compiler.
2025.10.07 10:13:51 INFO  no build target found for C:\Users\panlu\Documents\Cours\M1_Mod_Archi_Patrons_Concep\app\src\main\java\org\example\tds\td3\conception\Hand.java. Using fallback presentation compiler.
2025.10.07 10:13:51 INFO  no build target found for C:\Users\panlu\Documents\Cours\M1_Mod_Archi_Patrons_Concep\app\src\main\java\org\example\tds\td3\conception\Hand.java. Using fallback presentation compiler.
2025.10.07 10:13:51 INFO  no build target found for C:\Users\panlu\Documents\Cours\M1_Mod_Archi_Patrons_Concep\app\src\main\java\org\example\tds\td3\conception\Hand.java. Using fallback presentation compiler.
2025.10.07 10:13:52 INFO  no build target found for C:\Users\panlu\Documents\Cours\M1_Mod_Archi_Patrons_Concep\app\src\main\java\org\example\tds\td3\conception\Hand.java. Using fallback presentation compiler.
2025.10.07 10:13:51 INFO  no build target found for C:\Users\panlu\Documents\Cours\M1_Mod_Archi_Patrons_Concep\app\src\main\java\org\example\tds\td3\conception\Hand.java. Using fallback presentation compiler.
2025.10.07 10:13:51 INFO  no build target found for C:\Users\panlu\Documents\Cours\M1_Mod_Archi_Patrons_Concep\app\src\main\java\org\example\tds\td3\conception\Hand.java. Using fallback presentation compiler.
2025.10.07 10:13:52 INFO  no build target found for C:\Users\panlu\Documents\Cours\M1_Mod_Archi_Patrons_Concep\app\src\main\java\org\example\tds\td3\conception\Hand.java. Using fallback presentation compiler.
2025.10.07 10:13:52 INFO  no build target found for C:\Users\panlu\Documents\Cours\M1_Mod_Archi_Patrons_Concep\app\src\main\java\org\example\tds\td3\conception\Hand.java. Using fallback presentation compiler.
2025.10.07 10:13:52 INFO  no build target found for C:\Users\panlu\Documents\Cours\M1_Mod_Archi_Patrons_Concep\app\src\main\java\org\example\tds\td3\conception\Hand.java. Using fallback presentation compiler.
2025.10.07 10:13:52 INFO  no build target found for C:\Users\panlu\Documents\Cours\M1_Mod_Archi_Patrons_Concep\app\src\main\java\org\example\tds\td3\conception\Hand.java. Using fallback presentation compiler.
2025.10.07 10:13:52 INFO  no build target found for C:\Users\panlu\Documents\Cours\M1_Mod_Archi_Patrons_Concep\app\src\main\java\org\example\tds\td3\conception\Hand.java. Using fallback presentation compiler.
2025.10.07 10:13:52 INFO  no build target found for C:\Users\panlu\Documents\Cours\M1_Mod_Archi_Patrons_Concep\app\src\main\java\org\example\tds\td3\conception\Hand.java. Using fallback presentation compiler.
2025.10.07 10:13:53 INFO  no build target found for C:\Users\panlu\Documents\Cours\M1_Mod_Archi_Patrons_Concep\app\src\main\java\org\example\tds\td3\conception\Hand.java. Using fallback presentation compiler.
2025.10.07 10:13:53 INFO  no build target found for C:\Users\panlu\Documents\Cours\M1_Mod_Archi_Patrons_Concep\app\src\main\java\org\example\tds\td3\conception\Hand.java. Using fallback presentation compiler.
2025.10.07 10:13:53 INFO  no build target found for C:\Users\panlu\Documents\Cours\M1_Mod_Archi_Patrons_Concep\app\src\main\java\org\example\tds\td3\conception\Hand.java. Using fallback presentation compiler.
2025.10.07 10:13:53 INFO  no build target found for C:\Users\panlu\Documents\Cours\M1_Mod_Archi_Patrons_Concep\app\src\main\java\org\example\tds\td3\conception\Hand.java. Using fallback presentation compiler.
2025.10.07 10:13:54 INFO  no build target found for C:\Users\panlu\Documents\Cours\M1_Mod_Archi_Patrons_Concep\app\src\main\java\org\example\tds\td3\conception\Hand.java. Using fallback presentation compiler.
2025.10.07 10:13:53 INFO  no build target found for C:\Users\panlu\Documents\Cours\M1_Mod_Archi_Patrons_Concep\app\src\main\java\org\example\tds\td3\conception\Hand.java. Using fallback presentation compiler.
2025.10.07 10:13:54 WARN  no build target for: C:\Users\panlu\Documents\Cours\M1_Mod_Archi_Patrons_Concep\app\src\main\java\org\example\tds\td3\conception\Hand.java
2025.10.07 10:13:54 INFO  QDox parse error in file:///C:/Users/panlu/Documents/Cours/M1_Mod_Archi_Patrons_Concep/app/src/main/java/org/example/tds/td3/conception/Hand.java (full report at: "C:\Users\panlu\Documents\Cours\M1_Mod_Archi_Patrons_Concep\.metals\.reports\metals-full\2025-10-07\r_qdox-error_10-00-07-593.md")
2025.10.07 10:13:54 INFO  no build target found for C:\Users\panlu\Documents\Cours\M1_Mod_Archi_Patrons_Concep\app\src\main\java\org\example\tds\td3\conception\Hand.java. Using fallback presentation compiler.
2025.10.07 10:13:54 WARN  Running javac-semanticdb failed for file:///C:/Users/panlu/Documents/Cours/M1_Mod_Archi_Patrons_Concep/app/src/main/java/org/example/tds/td3/conception/Hand.java. Output:

2025.10.07 10:13:55 INFO  no build target found for C:\Users\panlu\Documents\Cours\M1_Mod_Archi_Patrons_Concep\app\src\main\java\org\example\tds\td3\conception\Hand.java. Using fallback presentation compiler.
2025.10.07 10:13:57 INFO  no build target found for C:\Users\panlu\Documents\Cours\M1_Mod_Archi_Patrons_Concep\app\src\main\java\org\example\tds\td3\conception\Hand.java. Using fallback presentation compiler.
2025.10.07 10:13:57 INFO  no build target found for C:\Users\panlu\Documents\Cours\M1_Mod_Archi_Patrons_Concep\app\src\main\java\org\example\tds\td3\conception\Hand.java. Using fallback presentation compiler.
2025.10.07 10:13:57 INFO  no build target found for C:\Users\panlu\Documents\Cours\M1_Mod_Archi_Patrons_Concep\app\src\main\java\org\example\tds\td3\conception\Hand.java. Using fallback presentation compiler.
2025.10.07 10:13:57 INFO  no build target found for C:\Users\panlu\Documents\Cours\M1_Mod_Archi_Patrons_Concep\app\src\main\java\org\example\tds\td3\conception\Hand.java. Using fallback presentation compiler.
2025.10.07 10:13:58 WARN  no build target for: C:\Users\panlu\Documents\Cours\M1_Mod_Archi_Patrons_Concep\app\src\main\java\org\example\tds\td3\conception\Hand.java
2025.10.07 10:13:58 INFO  no build target found for C:\Users\panlu\Documents\Cours\M1_Mod_Archi_Patrons_Concep\app\src\main\java\org\example\tds\td3\conception\Hand.java. Using fallback presentation compiler.
2025.10.07 10:14:16 INFO  no build target found for C:\Users\panlu\Documents\Cours\M1_Mod_Archi_Patrons_Concep\app\src\main\java\org\example\tds\td3\conception\Hand.java. Using fallback presentation compiler.
2025.10.07 10:14:17 INFO  no build target found for C:\Users\panlu\Documents\Cours\M1_Mod_Archi_Patrons_Concep\app\src\main\java\org\example\tds\td3\conception\Hand.java. Using fallback presentation compiler.
2025.10.07 10:14:17 INFO  no build target found for C:\Users\panlu\Documents\Cours\M1_Mod_Archi_Patrons_Concep\app\src\main\java\org\example\tds\td3\conception\Hand.java. Using fallback presentation compiler.
2025.10.07 10:14:17 INFO  no build target found for C:\Users\panlu\Documents\Cours\M1_Mod_Archi_Patrons_Concep\app\src\main\java\org\example\tds\td3\conception\Hand.java. Using fallback presentation compiler.
2025.10.07 10:14:19 INFO  no build target found for C:\Users\panlu\Documents\Cours\M1_Mod_Archi_Patrons_Concep\app\src\main\java\org\example\tds\td3\conception\Hand.java. Using fallback presentation compiler.
2025.10.07 10:14:19 INFO  no build target found for C:\Users\panlu\Documents\Cours\M1_Mod_Archi_Patrons_Concep\app\src\main\java\org\example\tds\td3\conception\Hand.java. Using fallback presentation compiler.
2025.10.07 10:14:29 INFO  no build target found for C:\Users\panlu\Documents\Cours\M1_Mod_Archi_Patrons_Concep\app\src\main\java\org\example\tds\td3\conception\Hand.java. Using fallback presentation compiler.
2025.10.07 10:14:29 INFO  no build target found for C:\Users\panlu\Documents\Cours\M1_Mod_Archi_Patrons_Concep\app\src\main\java\org\example\tds\td3\conception\Hand.java. Using fallback presentation compiler.
2025.10.07 10:14:29 INFO  no build target found for C:\Users\panlu\Documents\Cours\M1_Mod_Archi_Patrons_Concep\app\src\main\java\org\example\tds\td3\conception\Hand.java. Using fallback presentation compiler.
2025.10.07 10:14:30 INFO  no build target found for C:\Users\panlu\Documents\Cours\M1_Mod_Archi_Patrons_Concep\app\src\main\java\org\example\tds\td3\conception\Hand.java. Using fallback presentation compiler.
2025.10.07 10:14:30 INFO  no build target found for C:\Users\panlu\Documents\Cours\M1_Mod_Archi_Patrons_Concep\app\src\main\java\org\example\tds\td3\conception\Hand.java. Using fallback presentation compiler.
2025.10.07 10:14:30 INFO  no build target found for C:\Users\panlu\Documents\Cours\M1_Mod_Archi_Patrons_Concep\app\src\main\java\org\example\tds\td3\conception\Hand.java. Using fallback presentation compiler.
2025.10.07 10:14:30 INFO  no build target found for C:\Users\panlu\Documents\Cours\M1_Mod_Archi_Patrons_Concep\app\src\main\java\org\example\tds\td3\conception\Hand.java. Using fallback presentation compiler.
2025.10.07 10:14:30 INFO  no build target found for C:\Users\panlu\Documents\Cours\M1_Mod_Archi_Patrons_Concep\app\src\main\java\org\example\tds\td3\conception\Hand.java. Using fallback presentation compiler.
2025.10.07 10:14:30 INFO  no build target found for C:\Users\panlu\Documents\Cours\M1_Mod_Archi_Patrons_Concep\app\src\main\java\org\example\tds\td3\conception\Hand.java. Using fallback presentation compiler.
2025.10.07 10:14:30 INFO  no build target found for C:\Users\panlu\Documents\Cours\M1_Mod_Archi_Patrons_Concep\app\src\main\java\org\example\tds\td3\conception\Hand.java. Using fallback presentation compiler.
2025.10.07 10:14:30 INFO  no build target found for C:\Users\panlu\Documents\Cours\M1_Mod_Archi_Patrons_Concep\app\src\main\java\org\example\tds\td3\conception\Hand.java. Using fallback presentation compiler.
2025.10.07 10:14:30 INFO  no build target found for C:\Users\panlu\Documents\Cours\M1_Mod_Archi_Patrons_Concep\app\src\main\java\org\example\tds\td3\conception\Hand.java. Using fallback presentation compiler.
2025.10.07 10:14:31 INFO  no build target found for C:\Users\panlu\Documents\Cours\M1_Mod_Archi_Patrons_Concep\app\src\main\java\org\example\tds\td3\conception\Hand.java. Using fallback presentation compiler.
2025.10.07 10:14:30 INFO  no build target found for C:\Users\panlu\Documents\Cours\M1_Mod_Archi_Patrons_Concep\app\src\main\java\org\example\tds\td3\conception\Hand.java. Using fallback presentation compiler.
2025.10.07 10:14:30 INFO  no build target found for C:\Users\panlu\Documents\Cours\M1_Mod_Archi_Patrons_Concep\app\src\main\java\org\example\tds\td3\conception\Hand.java. Using fallback presentation compiler.
2025.10.07 10:14:31 INFO  no build target found for C:\Users\panlu\Documents\Cours\M1_Mod_Archi_Patrons_Concep\app\src\main\java\org\example\tds\td3\conception\Hand.java. Using fallback presentation compiler.
2025.10.07 10:14:32 WARN  no build target for: C:\Users\panlu\Documents\Cours\M1_Mod_Archi_Patrons_Concep\app\src\main\java\org\example\tds\td3\conception\Hand.java
2025.10.07 10:14:32 INFO  no build target found for C:\Users\panlu\Documents\Cours\M1_Mod_Archi_Patrons_Concep\app\src\main\java\org\example\tds\td3\conception\Hand.java. Using fallback presentation compiler.
2025.10.07 10:14:32 WARN  Running javac-semanticdb failed for file:///C:/Users/panlu/Documents/Cours/M1_Mod_Archi_Patrons_Concep/app/src/main/java/org/example/tds/td3/conception/Hand.java. Output:

2025.10.07 10:14:36 INFO  no build target found for C:\Users\panlu\Documents\Cours\M1_Mod_Archi_Patrons_Concep\app\src\main\java\org\example\tds\td3\conception\Hand.java. Using fallback presentation compiler.
2025.10.07 10:14:36 INFO  no build target found for C:\Users\panlu\Documents\Cours\M1_Mod_Archi_Patrons_Concep\app\src\main\java\org\example\tds\td3\conception\Hand.java. Using fallback presentation compiler.
2025.10.07 10:14:36 INFO  no build target found for C:\Users\panlu\Documents\Cours\M1_Mod_Archi_Patrons_Concep\app\src\main\java\org\example\tds\td3\conception\Hand.java. Using fallback presentation compiler.
2025.10.07 10:14:36 WARN  Running javac-semanticdb failed for file:///C:/Users/panlu/Documents/Cours/M1_Mod_Archi_Patrons_Concep/app/src/main/java/org/example/tds/td3/conception/Hand.java. Output:

2025.10.07 10:14:36 INFO  no build target found for C:\Users\panlu\Documents\Cours\M1_Mod_Archi_Patrons_Concep\app\src\main\java\org\example\tds\td3\conception\Hand.java. Using fallback presentation compiler.
2025.10.07 10:14:36 INFO  no build target found for C:\Users\panlu\Documents\Cours\M1_Mod_Archi_Patrons_Concep\app\src\main\java\org\example\tds\td3\conception\Hand.java. Using fallback presentation compiler.
2025.10.07 10:14:37 INFO  no build target found for C:\Users\panlu\Documents\Cours\M1_Mod_Archi_Patrons_Concep\app\src\main\java\org\example\tds\td3\conception\Hand.java. Using fallback presentation compiler.
2025.10.07 10:14:37 INFO  no build target found for C:\Users\panlu\Documents\Cours\M1_Mod_Archi_Patrons_Concep\app\src\main\java\org\example\tds\td3\conception\Hand.java. Using fallback presentation compiler.
2025.10.07 10:14:37 INFO  no build target found for C:\Users\panlu\Documents\Cours\M1_Mod_Archi_Patrons_Concep\app\src\main\java\org\example\tds\td3\conception\Hand.java. Using fallback presentation compiler.
2025.10.07 10:14:37 INFO  no build target found for C:\Users\panlu\Documents\Cours\M1_Mod_Archi_Patrons_Concep\app\src\main\java\org\example\tds\td3\conception\Hand.java. Using fallback presentation compiler.
2025.10.07 10:14:37 INFO  no build target found for C:\Users\panlu\Documents\Cours\M1_Mod_Archi_Patrons_Concep\app\src\main\java\org\example\tds\td3\conception\Hand.java. Using fallback presentation compiler.
2025.10.07 10:14:37 INFO  no build target found for C:\Users\panlu\Documents\Cours\M1_Mod_Archi_Patrons_Concep\app\src\main\java\org\example\tds\td3\conception\Hand.java. Using fallback presentation compiler.
2025.10.07 10:14:37 INFO  no build target found for C:\Users\panlu\Documents\Cours\M1_Mod_Archi_Patrons_Concep\app\src\main\java\org\example\tds\td3\conception\Hand.java. Using fallback presentation compiler.
2025.10.07 10:14:37 INFO  no build target found for C:\Users\panlu\Documents\Cours\M1_Mod_Archi_Patrons_Concep\app\src\main\java\org\example\tds\td3\conception\Hand.java. Using fallback presentation compiler.
2025.10.07 10:14:38 INFO  no build target found for C:\Users\panlu\Documents\Cours\M1_Mod_Archi_Patrons_Concep\app\src\main\java\org\example\tds\td3\conception\Hand.java. Using fallback presentation compiler.
2025.10.07 10:14:38 INFO  no build target found for C:\Users\panlu\Documents\Cours\M1_Mod_Archi_Patrons_Concep\app\src\main\java\org\example\tds\td3\conception\Hand.java. Using fallback presentation compiler.
2025.10.07 10:14:38 INFO  no build target found for C:\Users\panlu\Documents\Cours\M1_Mod_Archi_Patrons_Concep\app\src\main\java\org\example\tds\td3\conception\Hand.java. Using fallback presentation compiler.
2025.10.07 10:14:38 INFO  no build target found for C:\Users\panlu\Documents\Cours\M1_Mod_Archi_Patrons_Concep\app\src\main\java\org\example\tds\td3\conception\Hand.java. Using fallback presentation compiler.
2025.10.07 10:14:38 INFO  no build target found for C:\Users\panlu\Documents\Cours\M1_Mod_Archi_Patrons_Concep\app\src\main\java\org\example\tds\td3\conception\Hand.java. Using fallback presentation compiler.
2025.10.07 10:14:38 INFO  no build target found for C:\Users\panlu\Documents\Cours\M1_Mod_Archi_Patrons_Concep\app\src\main\java\org\example\tds\td3\conception\Hand.java. Using fallback presentation compiler.
2025.10.07 10:14:39 INFO  no build target found for C:\Users\panlu\Documents\Cours\M1_Mod_Archi_Patrons_Concep\app\src\main\java\org\example\tds\td3\conception\Hand.java. Using fallback presentation compiler.
2025.10.07 10:14:38 INFO  no build target found for C:\Users\panlu\Documents\Cours\M1_Mod_Archi_Patrons_Concep\app\src\main\java\org\example\tds\td3\conception\Hand.java. Using fallback presentation compiler.
2025.10.07 10:14:38 INFO  no build target found for C:\Users\panlu\Documents\Cours\M1_Mod_Archi_Patrons_Concep\app\src\main\java\org\example\tds\td3\conception\Hand.java. Using fallback presentation compiler.
2025.10.07 10:14:38 INFO  no build target found for C:\Users\panlu\Documents\Cours\M1_Mod_Archi_Patrons_Concep\app\src\main\java\org\example\tds\td3\conception\Hand.java. Using fallback presentation compiler.
2025.10.07 10:14:38 INFO  no build target found for C:\Users\panlu\Documents\Cours\M1_Mod_Archi_Patrons_Concep\app\src\main\java\org\example\tds\td3\conception\Hand.java. Using fallback presentation compiler.
2025.10.07 10:14:39 INFO  no build target found for C:\Users\panlu\Documents\Cours\M1_Mod_Archi_Patrons_Concep\app\src\main\java\org\example\tds\td3\conception\Hand.java. Using fallback presentation compiler.
2025.10.07 10:14:38 INFO  no build target found for C:\Users\panlu\Documents\Cours\M1_Mod_Archi_Patrons_Concep\app\src\main\java\org\example\tds\td3\conception\Hand.java. Using fallback presentation compiler.
2025.10.07 10:14:39 INFO  no build target found for C:\Users\panlu\Documents\Cours\M1_Mod_Archi_Patrons_Concep\app\src\main\java\org\example\tds\td3\conception\Hand.java. Using fallback presentation compiler.
2025.10.07 10:14:40 WARN  no build target for: C:\Users\panlu\Documents\Cours\M1_Mod_Archi_Patrons_Concep\app\src\main\java\org\example\tds\td3\conception\Hand.java
2025.10.07 10:14:40 INFO  no build target found for C:\Users\panlu\Documents\Cours\M1_Mod_Archi_Patrons_Concep\app\src\main\java\org\example\tds\td3\conception\Hand.java. Using fallback presentation compiler.
2025.10.07 10:14:41 INFO  no build target found for C:\Users\panlu\Documents\Cours\M1_Mod_Archi_Patrons_Concep\app\src\main\java\org\example\tds\td3\conception\Hand.java. Using fallback presentation compiler.
2025.10.07 10:14:45 INFO  no build target found for C:\Users\panlu\Documents\Cours\M1_Mod_Archi_Patrons_Concep\app\src\main\java\org\example\tds\td3\conception\Hand.java. Using fallback presentation compiler.
2025.10.07 10:14:45 INFO  no build target found for C:\Users\panlu\Documents\Cours\M1_Mod_Archi_Patrons_Concep\app\src\main\java\org\example\tds\td3\conception\Hand.java. Using fallback presentation compiler.
2025.10.07 10:14:46 INFO  no build target found for C:\Users\panlu\Documents\Cours\M1_Mod_Archi_Patrons_Concep\app\src\main\java\org\example\tds\td3\conception\Hand.java. Using fallback presentation compiler.
2025.10.07 10:14:45 INFO  no build target found for C:\Users\panlu\Documents\Cours\M1_Mod_Archi_Patrons_Concep\app\src\main\java\org\example\tds\td3\conception\Hand.java. Using fallback presentation compiler.
2025.10.07 10:14:46 WARN  no build target for: C:\Users\panlu\Documents\Cours\M1_Mod_Archi_Patrons_Concep\app\src\main\java\org\example\tds\td3\conception\Hand.java
2025.10.07 10:14:46 INFO  no build target found for C:\Users\panlu\Documents\Cours\M1_Mod_Archi_Patrons_Concep\app\src\main\java\org\example\tds\td3\conception\Hand.java. Using fallback presentation compiler.
2025.10.07 10:14:46 INFO  QDox parse error in file:///C:/Users/panlu/Documents/Cours/M1_Mod_Archi_Patrons_Concep/app/src/main/java/org/example/tds/td3/conception/Hand.java (full report at: "C:\Users\panlu\Documents\Cours\M1_Mod_Archi_Patrons_Concep\.metals\.reports\metals-full\2025-10-07\r_qdox-error_10-00-07-593.md")
2025.10.07 10:14:46 WARN  Running javac-semanticdb failed for file:///C:/Users/panlu/Documents/Cours/M1_Mod_Archi_Patrons_Concep/app/src/main/java/org/example/tds/td3/conception/Hand.java. Output:

2025.10.07 10:14:47 INFO  no build target found for C:\Users\panlu\Documents\Cours\M1_Mod_Archi_Patrons_Concep\app\src\main\java\org\example\tds\td3\conception\Hand.java. Using fallback presentation compiler.
2025.10.07 10:14:46 INFO  no build target found for C:\Users\panlu\Documents\Cours\M1_Mod_Archi_Patrons_Concep\app\src\main\java\org\example\tds\td3\conception\Hand.java. Using fallback presentation compiler.
2025.10.07 10:14:48 WARN  no build target for: C:\Users\panlu\Documents\Cours\M1_Mod_Archi_Patrons_Concep\app\src\main\java\org\example\tds\td3\conception\Hand.java
2025.10.07 10:14:48 INFO  no build target found for C:\Users\panlu\Documents\Cours\M1_Mod_Archi_Patrons_Concep\app\src\main\java\org\example\tds\td3\conception\Hand.java. Using fallback presentation compiler.
2025.10.07 10:14:48 INFO  no build target found for C:\Users\panlu\Documents\Cours\M1_Mod_Archi_Patrons_Concep\app\src\main\java\org\example\tds\td3\conception\Hand.java. Using fallback presentation compiler.
2025.10.07 10:14:48 INFO  no build target found for C:\Users\panlu\Documents\Cours\M1_Mod_Archi_Patrons_Concep\app\src\main\java\org\example\tds\td3\conception\Hand.java. Using fallback presentation compiler.
2025.10.07 10:14:49 INFO  no build target found for C:\Users\panlu\Documents\Cours\M1_Mod_Archi_Patrons_Concep\app\src\main\java\org\example\tds\td3\conception\Hand.java. Using fallback presentation compiler.
2025.10.07 10:14:53 INFO  no build target found for C:\Users\panlu\Documents\Cours\M1_Mod_Archi_Patrons_Concep\app\src\main\java\org\example\tds\td3\conception\Hand.java. Using fallback presentation compiler.
2025.10.07 10:14:53 INFO  no build target found for C:\Users\panlu\Documents\Cours\M1_Mod_Archi_Patrons_Concep\app\src\main\java\org\example\tds\td3\conception\Hand.java. Using fallback presentation compiler.
2025.10.07 10:14:53 INFO  no build target found for C:\Users\panlu\Documents\Cours\M1_Mod_Archi_Patrons_Concep\app\src\main\java\org\example\tds\td3\conception\Hand.java. Using fallback presentation compiler.
2025.10.07 10:14:54 INFO  no build target found for C:\Users\panlu\Documents\Cours\M1_Mod_Archi_Patrons_Concep\app\src\main\java\org\example\tds\td3\conception\Hand.java. Using fallback presentation compiler.
2025.10.07 10:14:54 INFO  no build target found for C:\Users\panlu\Documents\Cours\M1_Mod_Archi_Patrons_Concep\app\src\main\java\org\example\tds\td3\conception\Hand.java. Using fallback presentation compiler.
2025.10.07 10:14:54 INFO  no build target found for C:\Users\panlu\Documents\Cours\M1_Mod_Archi_Patrons_Concep\app\src\main\java\org\example\tds\td3\conception\Hand.java. Using fallback presentation compiler.
2025.10.07 10:14:54 INFO  no build target found for C:\Users\panlu\Documents\Cours\M1_Mod_Archi_Patrons_Concep\app\src\main\java\org\example\tds\td3\conception\Hand.java. Using fallback presentation compiler.
2025.10.07 10:14:54 INFO  no build target found for C:\Users\panlu\Documents\Cours\M1_Mod_Archi_Patrons_Concep\app\src\main\java\org\example\tds\td3\conception\Hand.java. Using fallback presentation compiler.
2025.10.07 10:14:54 INFO  no build target found for C:\Users\panlu\Documents\Cours\M1_Mod_Archi_Patrons_Concep\app\src\main\java\org\example\tds\td3\conception\Hand.java. Using fallback presentation compiler.
2025.10.07 10:14:55 INFO  no build target found for C:\Users\panlu\Documents\Cours\M1_Mod_Archi_Patrons_Concep\app\src\main\java\org\example\tds\td3\conception\Hand.java. Using fallback presentation compiler.
2025.10.07 10:14:54 INFO  no build target found for C:\Users\panlu\Documents\Cours\M1_Mod_Archi_Patrons_Concep\app\src\main\java\org\example\tds\td3\conception\Hand.java. Using fallback presentation compiler.
2025.10.07 10:14:56 INFO  no build target found for C:\Users\panlu\Documents\Cours\M1_Mod_Archi_Patrons_Concep\app\src\main\java\org\example\tds\td3\conception\Hand.java. Using fallback presentation compiler.
2025.10.07 10:14:56 INFO  no build target found for C:\Users\panlu\Documents\Cours\M1_Mod_Archi_Patrons_Concep\app\src\main\java\org\example\tds\td3\conception\Hand.java. Using fallback presentation compiler.
2025.10.07 10:14:56 INFO  no build target found for C:\Users\panlu\Documents\Cours\M1_Mod_Archi_Patrons_Concep\app\src\main\java\org\example\tds\td3\conception\Hand.java. Using fallback presentation compiler.
2025.10.07 10:14:56 INFO  no build target found for C:\Users\panlu\Documents\Cours\M1_Mod_Archi_Patrons_Concep\app\src\main\java\org\example\tds\td3\conception\Hand.java. Using fallback presentation compiler.
2025.10.07 10:14:56 INFO  no build target found for C:\Users\panlu\Documents\Cours\M1_Mod_Archi_Patrons_Concep\app\src\main\java\org\example\tds\td3\conception\Hand.java. Using fallback presentation compiler.
2025.10.07 10:14:56 INFO  no build target found for C:\Users\panlu\Documents\Cours\M1_Mod_Archi_Patrons_Concep\app\src\main\java\org\example\tds\td3\conception\Hand.java. Using fallback presentation compiler.
2025.10.07 10:14:57 WARN  no build target for: C:\Users\panlu\Documents\Cours\M1_Mod_Archi_Patrons_Concep\app\src\main\java\org\example\tds\td3\conception\Hand.java
2025.10.07 10:14:57 INFO  no build target found for C:\Users\panlu\Documents\Cours\M1_Mod_Archi_Patrons_Concep\app\src\main\java\org\example\tds\td3\conception\Hand.java. Using fallback presentation compiler.
2025.10.07 10:14:59 INFO  no build target found for C:\Users\panlu\Documents\Cours\M1_Mod_Archi_Patrons_Concep\app\src\main\java\org\example\tds\td3\conception\Hand.java. Using fallback presentation compiler.
2025.10.07 10:14:59 INFO  no build target found for C:\Users\panlu\Documents\Cours\M1_Mod_Archi_Patrons_Concep\app\src\main\java\org\example\tds\td3\conception\Hand.java. Using fallback presentation compiler.
2025.10.07 10:15:01 INFO  no build target found for C:\Users\panlu\Documents\Cours\M1_Mod_Archi_Patrons_Concep\app\src\main\java\org\example\tds\td3\conception\Hand.java. Using fallback presentation compiler.
2025.10.07 10:15:01 INFO  no build target found for C:\Users\panlu\Documents\Cours\M1_Mod_Archi_Patrons_Concep\app\src\main\java\org\example\tds\td3\conception\Hand.java. Using fallback presentation compiler.
2025.10.07 10:15:01 INFO  no build target found for C:\Users\panlu\Documents\Cours\M1_Mod_Archi_Patrons_Concep\app\src\main\java\org\example\tds\td3\conception\Hand.java. Using fallback presentation compiler.
2025.10.07 10:15:01 INFO  no build target found for C:\Users\panlu\Documents\Cours\M1_Mod_Archi_Patrons_Concep\app\src\main\java\org\example\tds\td3\conception\Hand.java. Using fallback presentation compiler.
2025.10.07 10:15:02 INFO  no build target found for C:\Users\panlu\Documents\Cours\M1_Mod_Archi_Patrons_Concep\app\src\main\java\org\example\tds\td3\conception\Hand.java. Using fallback presentation compiler.
2025.10.07 10:15:02 WARN  no build target for: C:\Users\panlu\Documents\Cours\M1_Mod_Archi_Patrons_Concep\app\src\main\java\org\example\tds\td3\conception\Hand.java
2025.10.07 10:15:02 INFO  no build target found for C:\Users\panlu\Documents\Cours\M1_Mod_Archi_Patrons_Concep\app\src\main\java\org\example\tds\td3\conception\Hand.java. Using fallback presentation compiler.
2025.10.07 10:15:02 INFO  no build target found for C:\Users\panlu\Documents\Cours\M1_Mod_Archi_Patrons_Concep\app\src\main\java\org\example\tds\td3\conception\Hand.java. Using fallback presentation compiler.
2025.10.07 10:15:02 INFO  no build target found for C:\Users\panlu\Documents\Cours\M1_Mod_Archi_Patrons_Concep\app\src\main\java\org\example\tds\td3\conception\Hand.java. Using fallback presentation compiler.
2025.10.07 10:15:03 INFO  no build target found for C:\Users\panlu\Documents\Cours\M1_Mod_Archi_Patrons_Concep\app\src\main\java\org\example\tds\td3\conception\Hand.java. Using fallback presentation compiler.
oct. 07, 2025 10:15:03 A.M. org.eclipse.lsp4j.jsonrpc.RemoteEndpoint handleCancellation
WARNING: Unmatched cancel notification for request id 2810
2025.10.07 10:15:03 INFO  no build target found for C:\Users\panlu\Documents\Cours\M1_Mod_Archi_Patrons_Concep\app\src\main\java\org\example\tds\td3\conception\Hand.java. Using fallback presentation compiler.
2025.10.07 10:15:03 INFO  no build target found for C:\Users\panlu\Documents\Cours\M1_Mod_Archi_Patrons_Concep\app\src\main\java\org\example\tds\td3\conception\Hand.java. Using fallback presentation compiler.
2025.10.07 10:15:03 INFO  no build target found for C:\Users\panlu\Documents\Cours\M1_Mod_Archi_Patrons_Concep\app\src\main\java\org\example\tds\td3\conception\Hand.java. Using fallback presentation compiler.
2025.10.07 10:15:03 INFO  no build target found for C:\Users\panlu\Documents\Cours\M1_Mod_Archi_Patrons_Concep\app\src\main\java\org\example\tds\td3\conception\Hand.java. Using fallback presentation compiler.
2025.10.07 10:15:04 WARN  no build target for: C:\Users\panlu\Documents\Cours\M1_Mod_Archi_Patrons_Concep\app\src\main\java\org\example\tds\td3\conception\Hand.java
2025.10.07 10:15:03 INFO  no build target found for C:\Users\panlu\Documents\Cours\M1_Mod_Archi_Patrons_Concep\app\src\main\java\org\example\tds\td3\conception\Hand.java. Using fallback presentation compiler.
2025.10.07 10:15:05 INFO  no build target found for C:\Users\panlu\Documents\Cours\M1_Mod_Archi_Patrons_Concep\app\src\main\java\org\example\tds\td3\conception\Hand.java. Using fallback presentation compiler.
2025.10.07 10:15:08 INFO  no build target found for C:\Users\panlu\Documents\Cours\M1_Mod_Archi_Patrons_Concep\app\src\main\java\org\example\tds\td3\conception\Hand.java. Using fallback presentation compiler.
2025.10.07 10:15:11 INFO  no build target found for C:\Users\panlu\Documents\Cours\M1_Mod_Archi_Patrons_Concep\app\src\main\java\org\example\tds\td3\conception\Hand.java. Using fallback presentation compiler.
2025.10.07 10:15:13 INFO  no build target found for C:\Users\panlu\Documents\Cours\M1_Mod_Archi_Patrons_Concep\app\src\main\java\org\example\tds\td3\conception\Hand.java. Using fallback presentation compiler.
2025.10.07 10:15:13 INFO  no build target found for C:\Users\panlu\Documents\Cours\M1_Mod_Archi_Patrons_Concep\app\src\main\java\org\example\tds\td3\conception\Hand.java. Using fallback presentation compiler.
2025.10.07 10:15:13 INFO  no build target found for C:\Users\panlu\Documents\Cours\M1_Mod_Archi_Patrons_Concep\app\src\main\java\org\example\tds\td3\conception\Hand.java. Using fallback presentation compiler.
2025.10.07 10:15:15 INFO  no build target found for C:\Users\panlu\Documents\Cours\M1_Mod_Archi_Patrons_Concep\app\src\main\java\org\example\tds\td3\conception\Hand.java. Using fallback presentation compiler.
2025.10.07 10:15:15 INFO  no build target found for C:\Users\panlu\Documents\Cours\M1_Mod_Archi_Patrons_Concep\app\src\main\java\org\example\tds\td3\conception\Hand.java. Using fallback presentation compiler.
2025.10.07 10:15:19 INFO  no build target found for C:\Users\panlu\Documents\Cours\M1_Mod_Archi_Patrons_Concep\app\src\main\java\org\example\tds\td3\conception\Hand.java. Using fallback presentation compiler.
2025.10.07 10:15:19 INFO  no build target found for C:\Users\panlu\Documents\Cours\M1_Mod_Archi_Patrons_Concep\app\src\main\java\org\example\tds\td3\conception\Hand.java. Using fallback presentation compiler.
2025.10.07 10:15:20 INFO  no build target found for C:\Users\panlu\Documents\Cours\M1_Mod_Archi_Patrons_Concep\app\src\main\java\org\example\tds\td3\conception\Hand.java. Using fallback presentation compiler.
2025.10.07 10:15:20 INFO  no build target found for C:\Users\panlu\Documents\Cours\M1_Mod_Archi_Patrons_Concep\app\src\main\java\org\example\tds\td3\conception\Hand.java. Using fallback presentation compiler.
2025.10.07 10:15:20 INFO  no build target found for C:\Users\panlu\Documents\Cours\M1_Mod_Archi_Patrons_Concep\app\src\main\java\org\example\tds\td3\conception\Hand.java. Using fallback presentation compiler.
2025.10.07 10:15:20 INFO  no build target found for C:\Users\panlu\Documents\Cours\M1_Mod_Archi_Patrons_Concep\app\src\main\java\org\example\tds\td3\conception\Hand.java. Using fallback presentation compiler.
2025.10.07 10:15:20 INFO  no build target found for C:\Users\panlu\Documents\Cours\M1_Mod_Archi_Patrons_Concep\app\src\main\java\org\example\tds\td3\conception\Hand.java. Using fallback presentation compiler.
2025.10.07 10:15:20 INFO  no build target found for C:\Users\panlu\Documents\Cours\M1_Mod_Archi_Patrons_Concep\app\src\main\java\org\example\tds\td3\conception\Hand.java. Using fallback presentation compiler.
2025.10.07 10:15:21 INFO  no build target found for C:\Users\panlu\Documents\Cours\M1_Mod_Archi_Patrons_Concep\app\src\main\java\org\example\tds\td3\conception\Hand.java. Using fallback presentation compiler.
2025.10.07 10:15:22 INFO  no build target found for C:\Users\panlu\Documents\Cours\M1_Mod_Archi_Patrons_Concep\app\src\main\java\org\example\tds\td3\conception\Hand.java. Using fallback presentation compiler.
2025.10.07 10:15:21 INFO  no build target found for C:\Users\panlu\Documents\Cours\M1_Mod_Archi_Patrons_Concep\app\src\main\java\org\example\tds\td3\conception\Hand.java. Using fallback presentation compiler.
2025.10.07 10:15:22 INFO  no build target found for C:\Users\panlu\Documents\Cours\M1_Mod_Archi_Patrons_Concep\app\src\main\java\org\example\tds\td3\conception\Hand.java. Using fallback presentation compiler.
2025.10.07 10:15:22 INFO  no build target found for C:\Users\panlu\Documents\Cours\M1_Mod_Archi_Patrons_Concep\app\src\main\java\org\example\tds\td3\conception\Hand.java. Using fallback presentation compiler.
2025.10.07 10:15:22 INFO  no build target found for C:\Users\panlu\Documents\Cours\M1_Mod_Archi_Patrons_Concep\app\src\main\java\org\example\tds\td3\conception\Hand.java. Using fallback presentation compiler.
2025.10.07 10:15:22 INFO  no build target found for C:\Users\panlu\Documents\Cours\M1_Mod_Archi_Patrons_Concep\app\src\main\java\org\example\tds\td3\conception\Hand.java. Using fallback presentation compiler.
2025.10.07 10:15:22 INFO  no build target found for C:\Users\panlu\Documents\Cours\M1_Mod_Archi_Patrons_Concep\app\src\main\java\org\example\tds\td3\conception\Hand.java. Using fallback presentation compiler.
2025.10.07 10:15:23 INFO  no build target found for C:\Users\panlu\Documents\Cours\M1_Mod_Archi_Patrons_Concep\app\src\main\java\org\example\tds\td3\conception\Hand.java. Using fallback presentation compiler.
2025.10.07 10:15:23 INFO  no build target found for C:\Users\panlu\Documents\Cours\M1_Mod_Archi_Patrons_Concep\app\src\main\java\org\example\tds\td3\conception\Hand.java. Using fallback presentation compiler.
2025.10.07 10:15:23 INFO  no build target found for C:\Users\panlu\Documents\Cours\M1_Mod_Archi_Patrons_Concep\app\src\main\java\org\example\tds\td3\conception\Hand.java. Using fallback presentation compiler.
2025.10.07 10:15:23 INFO  no build target found for C:\Users\panlu\Documents\Cours\M1_Mod_Archi_Patrons_Concep\app\src\main\java\org\example\tds\td3\conception\Hand.java. Using fallback presentation compiler.
2025.10.07 10:15:23 INFO  no build target found for C:\Users\panlu\Documents\Cours\M1_Mod_Archi_Patrons_Concep\app\src\main\java\org\example\tds\td3\conception\Hand.java. Using fallback presentation compiler.
2025.10.07 10:15:24 WARN  no build target for: C:\Users\panlu\Documents\Cours\M1_Mod_Archi_Patrons_Concep\app\src\main\java\org\example\tds\td3\conception\Hand.java
2025.10.07 10:15:24 INFO  no build target found for C:\Users\panlu\Documents\Cours\M1_Mod_Archi_Patrons_Concep\app\src\main\java\org\example\tds\td3\conception\Hand.java. Using fallback presentation compiler.
2025.10.07 10:15:25 INFO  no build target found for C:\Users\panlu\Documents\Cours\M1_Mod_Archi_Patrons_Concep\app\src\main\java\org\example\tds\td3\conception\Hand.java. Using fallback presentation compiler.
2025.10.07 10:15:28 INFO  no build target found for C:\Users\panlu\Documents\Cours\M1_Mod_Archi_Patrons_Concep\app\src\main\java\org\example\tds\td3\conception\Hand.java. Using fallback presentation compiler.
2025.10.07 10:15:28 INFO  no build target found for C:\Users\panlu\Documents\Cours\M1_Mod_Archi_Patrons_Concep\app\src\main\java\org\example\tds\td3\conception\Hand.java. Using fallback presentation compiler.
2025.10.07 10:15:28 INFO  no build target found for C:\Users\panlu\Documents\Cours\M1_Mod_Archi_Patrons_Concep\app\src\main\java\org\example\tds\td3\conception\Hand.java. Using fallback presentation compiler.
2025.10.07 10:15:30 INFO  no build target found for C:\Users\panlu\Documents\Cours\M1_Mod_Archi_Patrons_Concep\app\src\main\java\org\example\tds\td3\conception\Hand.java. Using fallback presentation compiler.
2025.10.07 10:15:30 INFO  no build target found for C:\Users\panlu\Documents\Cours\M1_Mod_Archi_Patrons_Concep\app\src\main\java\org\example\tds\td3\conception\Hand.java. Using fallback presentation compiler.
2025.10.07 10:15:30 INFO  no build target found for C:\Users\panlu\Documents\Cours\M1_Mod_Archi_Patrons_Concep\app\src\main\java\org\example\tds\td3\conception\Hand.java. Using fallback presentation compiler.
2025.10.07 10:15:30 INFO  no build target found for C:\Users\panlu\Documents\Cours\M1_Mod_Archi_Patrons_Concep\app\src\main\java\org\example\tds\td3\conception\Hand.java. Using fallback presentation compiler.
2025.10.07 10:15:31 WARN  no build target for: C:\Users\panlu\Documents\Cours\M1_Mod_Archi_Patrons_Concep\app\src\main\java\org\example\tds\td3\conception\Hand.java
2025.10.07 10:15:31 INFO  no build target found for C:\Users\panlu\Documents\Cours\M1_Mod_Archi_Patrons_Concep\app\src\main\java\org\example\tds\td3\conception\Hand.java. Using fallback presentation compiler.
2025.10.07 10:15:32 INFO  no build target found for C:\Users\panlu\Documents\Cours\M1_Mod_Archi_Patrons_Concep\app\src\main\java\org\example\tds\td3\conception\Hand.java. Using fallback presentation compiler.
2025.10.07 10:15:32 INFO  no build target found for C:\Users\panlu\Documents\Cours\M1_Mod_Archi_Patrons_Concep\app\src\main\java\org\example\tds\td3\conception\Hand.java. Using fallback presentation compiler.
2025.10.07 10:15:33 INFO  no build target found for C:\Users\panlu\Documents\Cours\M1_Mod_Archi_Patrons_Concep\app\src\main\java\org\example\tds\td3\conception\Hand.java. Using fallback presentation compiler.
2025.10.07 10:15:33 INFO  no build target found for C:\Users\panlu\Documents\Cours\M1_Mod_Archi_Patrons_Concep\app\src\main\java\org\example\tds\td3\conception\Hand.java. Using fallback presentation compiler.
2025.10.07 10:15:33 INFO  no build target found for C:\Users\panlu\Documents\Cours\M1_Mod_Archi_Patrons_Concep\app\src\main\java\org\example\tds\td3\conception\Hand.java. Using fallback presentation compiler.
2025.10.07 10:15:35 INFO  no build target found for C:\Users\panlu\Documents\Cours\M1_Mod_Archi_Patrons_Concep\app\src\main\java\org\example\tds\td3\conception\Hand.java. Using fallback presentation compiler.
2025.10.07 10:15:35 INFO  no build target found for C:\Users\panlu\Documents\Cours\M1_Mod_Archi_Patrons_Concep\app\src\main\java\org\example\tds\td3\conception\Hand.java. Using fallback presentation compiler.
2025.10.07 10:15:35 INFO  no build target found for C:\Users\panlu\Documents\Cours\M1_Mod_Archi_Patrons_Concep\app\src\main\java\org\example\tds\td3\conception\Hand.java. Using fallback presentation compiler.
2025.10.07 10:15:35 INFO  no build target found for C:\Users\panlu\Documents\Cours\M1_Mod_Archi_Patrons_Concep\app\src\main\java\org\example\tds\td3\conception\Hand.java. Using fallback presentation compiler.
2025.10.07 10:15:36 WARN  no build target for: C:\Users\panlu\Documents\Cours\M1_Mod_Archi_Patrons_Concep\app\src\main\java\org\example\tds\td3\conception\Hand.java
2025.10.07 10:15:35 INFO  no build target found for C:\Users\panlu\Documents\Cours\M1_Mod_Archi_Patrons_Concep\app\src\main\java\org\example\tds\td3\conception\Hand.java. Using fallback presentation compiler.
2025.10.07 10:15:37 INFO  no build target found for C:\Users\panlu\Documents\Cours\M1_Mod_Archi_Patrons_Concep\app\src\main\java\org\example\tds\td3\conception\Hand.java. Using fallback presentation compiler.
2025.10.07 10:15:38 INFO  no build target found for C:\Users\panlu\Documents\Cours\M1_Mod_Archi_Patrons_Concep\app\src\main\java\org\example\tds\td3\conception\Hand.java. Using fallback presentation compiler.
2025.10.07 10:15:38 INFO  no build target found for C:\Users\panlu\Documents\Cours\M1_Mod_Archi_Patrons_Concep\app\src\main\java\org\example\tds\td3\conception\Hand.java. Using fallback presentation compiler.
2025.10.07 10:15:38 INFO  no build target found for C:\Users\panlu\Documents\Cours\M1_Mod_Archi_Patrons_Concep\app\src\main\java\org\example\tds\td3\conception\Hand.java. Using fallback presentation compiler.
2025.10.07 10:15:39 INFO  no build target found for C:\Users\panlu\Documents\Cours\M1_Mod_Archi_Patrons_Concep\app\src\main\java\org\example\tds\td3\conception\Hand.java. Using fallback presentation compiler.
2025.10.07 10:15:39 INFO  no build target found for C:\Users\panlu\Documents\Cours\M1_Mod_Archi_Patrons_Concep\app\src\main\java\org\example\tds\td3\conception\Hand.java. Using fallback presentation compiler.
2025.10.07 10:15:39 INFO  no build target found for C:\Users\panlu\Documents\Cours\M1_Mod_Archi_Patrons_Concep\app\src\main\java\org\example\tds\td3\conception\Hand.java. Using fallback presentation compiler.
2025.10.07 10:15:40 WARN  no build target for: C:\Users\panlu\Documents\Cours\M1_Mod_Archi_Patrons_Concep\app\src\main\java\org\example\tds\td3\conception\Hand.java
2025.10.07 10:15:40 INFO  no build target found for C:\Users\panlu\Documents\Cours\M1_Mod_Archi_Patrons_Concep\app\src\main\java\org\example\tds\td3\conception\Hand.java. Using fallback presentation compiler.
2025.10.07 10:15:40 INFO  no build target found for C:\Users\panlu\Documents\Cours\M1_Mod_Archi_Patrons_Concep\app\src\main\java\org\example\tds\td3\conception\Hand.java. Using fallback presentation compiler.
2025.10.07 10:15:40 INFO  no build target found for C:\Users\panlu\Documents\Cours\M1_Mod_Archi_Patrons_Concep\app\src\main\java\org\example\tds\td3\conception\Hand.java. Using fallback presentation compiler.
2025.10.07 10:15:43 INFO  no build target found for C:\Users\panlu\Documents\Cours\M1_Mod_Archi_Patrons_Concep\app\src\main\java\org\example\tds\td3\conception\Hand.java. Using fallback presentation compiler.
2025.10.07 10:15:43 INFO  no build target found for C:\Users\panlu\Documents\Cours\M1_Mod_Archi_Patrons_Concep\app\src\main\java\org\example\tds\td3\conception\Hand.java. Using fallback presentation compiler.
2025.10.07 10:15:43 INFO  no build target found for C:\Users\panlu\Documents\Cours\M1_Mod_Archi_Patrons_Concep\app\src\main\java\org\example\tds\td3\conception\Hand.java. Using fallback presentation compiler.
2025.10.07 10:15:44 INFO  no build target found for C:\Users\panlu\Documents\Cours\M1_Mod_Archi_Patrons_Concep\app\src\main\java\org\example\tds\td3\conception\Hand.java. Using fallback presentation compiler.
2025.10.07 10:15:44 INFO  no build target found for C:\Users\panlu\Documents\Cours\M1_Mod_Archi_Patrons_Concep\app\src\main\java\org\example\tds\td3\conception\Hand.java. Using fallback presentation compiler.
2025.10.07 10:15:44 INFO  no build target found for C:\Users\panlu\Documents\Cours\M1_Mod_Archi_Patrons_Concep\app\src\main\java\org\example\tds\td3\conception\Hand.java. Using fallback presentation compiler.
2025.10.07 10:15:45 WARN  no build target for: C:\Users\panlu\Documents\Cours\M1_Mod_Archi_Patrons_Concep\app\src\main\java\org\example\tds\td3\conception\Hand.java
2025.10.07 10:15:45 INFO  no build target found for C:\Users\panlu\Documents\Cours\M1_Mod_Archi_Patrons_Concep\app\src\main\java\org\example\tds\td3\conception\Hand.java. Using fallback presentation compiler.
2025.10.07 10:15:45 INFO  no build target found for C:\Users\panlu\Documents\Cours\M1_Mod_Archi_Patrons_Concep\app\src\main\java\org\example\tds\td3\conception\Hand.java. Using fallback presentation compiler.
2025.10.07 10:15:45 INFO  no build target found for C:\Users\panlu\Documents\Cours\M1_Mod_Archi_Patrons_Concep\app\src\main\java\org\example\tds\td3\conception\Hand.java. Using fallback presentation compiler.
2025.10.07 10:15:46 INFO  no build target found for C:\Users\panlu\Documents\Cours\M1_Mod_Archi_Patrons_Concep\app\src\main\java\org\example\tds\td3\conception\Hand.java. Using fallback presentation compiler.
2025.10.07 10:15:45 INFO  no build target found for C:\Users\panlu\Documents\Cours\M1_Mod_Archi_Patrons_Concep\app\src\main\java\org\example\tds\td3\conception\Hand.java. Using fallback presentation compiler.
2025.10.07 10:15:45 INFO  no build target found for C:\Users\panlu\Documents\Cours\M1_Mod_Archi_Patrons_Concep\app\src\main\java\org\example\tds\td3\conception\Hand.java. Using fallback presentation compiler.
2025.10.07 10:15:46 INFO  no build target found for C:\Users\panlu\Documents\Cours\M1_Mod_Archi_Patrons_Concep\app\src\main\java\org\example\tds\td3\conception\Hand.java. Using fallback presentation compiler.
2025.10.07 10:15:47 WARN  no build target for: C:\Users\panlu\Documents\Cours\M1_Mod_Archi_Patrons_Concep\app\src\main\java\org\example\tds\td3\conception\Hand.java
2025.10.07 10:15:46 INFO  no build target found for C:\Users\panlu\Documents\Cours\M1_Mod_Archi_Patrons_Concep\app\src\main\java\org\example\tds\td3\conception\Hand.java. Using fallback presentation compiler.
2025.10.07 10:15:49 INFO  no build target found for C:\Users\panlu\Documents\Cours\M1_Mod_Archi_Patrons_Concep\app\src\main\java\org\example\tds\td3\conception\Hand.java. Using fallback presentation compiler.
2025.10.07 10:15:49 INFO  no build target found for C:\Users\panlu\Documents\Cours\M1_Mod_Archi_Patrons_Concep\app\src\main\java\org\example\tds\td3\conception\Hand.java. Using fallback presentation compiler.
2025.10.07 10:15:49 INFO  no build target found for C:\Users\panlu\Documents\Cours\M1_Mod_Archi_Patrons_Concep\app\src\main\java\org\example\tds\td3\conception\Hand.java. Using fallback presentation compiler.
2025.10.07 10:15:50 INFO  no build target found for C:\Users\panlu\Documents\Cours\M1_Mod_Archi_Patrons_Concep\app\src\main\java\org\example\tds\td3\conception\Hand.java. Using fallback presentation compiler.
oct. 07, 2025 10:15:50 A.M. org.eclipse.lsp4j.jsonrpc.RemoteEndpoint handleCancellation
WARNING: Unmatched cancel notification for request id 3004
2025.10.07 10:15:50 INFO  no build target found for C:\Users\panlu\Documents\Cours\M1_Mod_Archi_Patrons_Concep\app\src\main\java\org\example\tds\td3\conception\Hand.java. Using fallback presentation compiler.
2025.10.07 10:15:50 INFO  no build target found for C:\Users\panlu\Documents\Cours\M1_Mod_Archi_Patrons_Concep\app\src\main\java\org\example\tds\td3\conception\Hand.java. Using fallback presentation compiler.
2025.10.07 10:15:50 INFO  no build target found for C:\Users\panlu\Documents\Cours\M1_Mod_Archi_Patrons_Concep\app\src\main\java\org\example\tds\td3\conception\Hand.java. Using fallback presentation compiler.
2025.10.07 10:15:52 INFO  no build target found for C:\Users\panlu\Documents\Cours\M1_Mod_Archi_Patrons_Concep\app\src\main\java\org\example\tds\td3\conception\Hand.java. Using fallback presentation compiler.
2025.10.07 10:15:54 INFO  no build target found for C:\Users\panlu\Documents\Cours\M1_Mod_Archi_Patrons_Concep\app\src\main\java\org\example\tds\td3\conception\Hand.java. Using fallback presentation compiler.
2025.10.07 10:15:56 INFO  no build target found for C:\Users\panlu\Documents\Cours\M1_Mod_Archi_Patrons_Concep\app\src\main\java\org\example\tds\td3\conception\Hand.java. Using fallback presentation compiler.
2025.10.07 10:15:56 INFO  no build target found for C:\Users\panlu\Documents\Cours\M1_Mod_Archi_Patrons_Concep\app\src\main\java\org\example\tds\td3\conception\Hand.java. Using fallback presentation compiler.
2025.10.07 10:15:58 INFO  no build target found for C:\Users\panlu\Documents\Cours\M1_Mod_Archi_Patrons_Concep\app\src\main\java\org\example\tds\td3\conception\Hand.java. Using fallback presentation compiler.
2025.10.07 10:16:01 INFO  no build target found for C:\Users\panlu\Documents\Cours\M1_Mod_Archi_Patrons_Concep\app\src\main\java\org\example\tds\td3\conception\Hand.java. Using fallback presentation compiler.
2025.10.07 10:16:01 INFO  no build target found for C:\Users\panlu\Documents\Cours\M1_Mod_Archi_Patrons_Concep\app\src\main\java\org\example\tds\td3\conception\Hand.java. Using fallback presentation compiler.
2025.10.07 10:16:01 INFO  no build target found for C:\Users\panlu\Documents\Cours\M1_Mod_Archi_Patrons_Concep\app\src\main\java\org\example\tds\td3\conception\Hand.java. Using fallback presentation compiler.
2025.10.07 10:16:03 INFO  no build target found for C:\Users\panlu\Documents\Cours\M1_Mod_Archi_Patrons_Concep\app\src\main\java\org\example\tds\td3\conception\Hand.java. Using fallback presentation compiler.
2025.10.07 10:16:05 INFO  no build target found for C:\Users\panlu\Documents\Cours\M1_Mod_Archi_Patrons_Concep\app\src\main\java\org\example\tds\td3\conception\Hand.java. Using fallback presentation compiler.
2025.10.07 10:16:09 INFO  no build target found for C:\Users\panlu\Documents\Cours\M1_Mod_Archi_Patrons_Concep\app\src\main\java\org\example\tds\td3\conception\Hand.java. Using fallback presentation compiler.
2025.10.07 10:16:09 INFO  no build target found for C:\Users\panlu\Documents\Cours\M1_Mod_Archi_Patrons_Concep\app\src\main\java\org\example\tds\td3\conception\Hand.java. Using fallback presentation compiler.
2025.10.07 10:16:12 INFO  no build target found for C:\Users\panlu\Documents\Cours\M1_Mod_Archi_Patrons_Concep\app\src\main\java\org\example\tds\td3\conception\Hand.java. Using fallback presentation compiler.
2025.10.07 10:16:17 INFO  no build target found for C:\Users\panlu\Documents\Cours\M1_Mod_Archi_Patrons_Concep\app\src\main\java\org\example\tds\td3\conception\Hand.java. Using fallback presentation compiler.
oct. 07, 2025 10:16:17 A.M. org.eclipse.lsp4j.jsonrpc.RemoteEndpoint handleCancellation
WARNING: Unmatched cancel notification for request id 3063
2025.10.07 10:16:17 INFO  no build target found for C:\Users\panlu\Documents\Cours\M1_Mod_Archi_Patrons_Concep\app\src\main\java\org\example\tds\td3\conception\Hand.java. Using fallback presentation compiler.
oct. 07, 2025 10:16:17 A.M. org.eclipse.lsp4j.jsonrpc.RemoteEndpoint handleCancellation
WARNING: Unmatched cancel notification for request id 3064
2025.10.07 10:16:17 INFO  no build target found for C:\Users\panlu\Documents\Cours\M1_Mod_Archi_Patrons_Concep\app\src\main\java\org\example\tds\td3\conception\Hand.java. Using fallback presentation compiler.
2025.10.07 10:16:17 INFO  no build target found for C:\Users\panlu\Documents\Cours\M1_Mod_Archi_Patrons_Concep\app\src\main\java\org\example\tds\td3\conception\Hand.java. Using fallback presentation compiler.
2025.10.07 10:16:17 INFO  no build target found for C:\Users\panlu\Documents\Cours\M1_Mod_Archi_Patrons_Concep\app\src\main\java\org\example\tds\td3\conception\Hand.java. Using fallback presentation compiler.
2025.10.07 10:16:17 INFO  no build target found for C:\Users\panlu\Documents\Cours\M1_Mod_Archi_Patrons_Concep\app\src\main\java\org\example\tds\td3\conception\Hand.java. Using fallback presentation compiler.
oct. 07, 2025 10:16:17 A.M. org.eclipse.lsp4j.jsonrpc.RemoteEndpoint handleCancellation
WARNING: Unmatched cancel notification for request id 3068
2025.10.07 10:16:17 INFO  no build target found for C:\Users\panlu\Documents\Cours\M1_Mod_Archi_Patrons_Concep\app\src\main\java\org\example\tds\td3\conception\Hand.java. Using fallback presentation compiler.
2025.10.07 10:16:17 INFO  no build target found for C:\Users\panlu\Documents\Cours\M1_Mod_Archi_Patrons_Concep\app\src\main\java\org\example\tds\td3\conception\Hand.java. Using fallback presentation compiler.
oct. 07, 2025 10:16:17 A.M. org.eclipse.lsp4j.jsonrpc.RemoteEndpoint handleCancellation
WARNING: Unmatched cancel notification for request id 3070
2025.10.07 10:16:17 INFO  no build target found for C:\Users\panlu\Documents\Cours\M1_Mod_Archi_Patrons_Concep\app\src\main\java\org\example\tds\td3\conception\Hand.java. Using fallback presentation compiler.
oct. 07, 2025 10:16:17 A.M. org.eclipse.lsp4j.jsonrpc.RemoteEndpoint handleCancellation
WARNING: Unmatched cancel notification for request id 3071
2025.10.07 10:16:17 INFO  no build target found for C:\Users\panlu\Documents\Cours\M1_Mod_Archi_Patrons_Concep\app\src\main\java\org\example\tds\td3\conception\Hand.java. Using fallback presentation compiler.
2025.10.07 10:16:17 INFO  no build target found for C:\Users\panlu\Documents\Cours\M1_Mod_Archi_Patrons_Concep\app\src\main\java\org\example\tds\td3\conception\Hand.java. Using fallback presentation compiler.
oct. 07, 2025 10:16:17 A.M. org.eclipse.lsp4j.jsonrpc.RemoteEndpoint handleCancellation
WARNING: Unmatched cancel notification for request id 3073
2025.10.07 10:16:17 INFO  no build target found for C:\Users\panlu\Documents\Cours\M1_Mod_Archi_Patrons_Concep\app\src\main\java\org\example\tds\td3\conception\Hand.java. Using fallback presentation compiler.
oct. 07, 2025 10:16:17 A.M. org.eclipse.lsp4j.jsonrpc.RemoteEndpoint handleCancellation
WARNING: Unmatched cancel notification for request id 3074
2025.10.07 10:16:17 INFO  no build target found for C:\Users\panlu\Documents\Cours\M1_Mod_Archi_Patrons_Concep\app\src\main\java\org\example\tds\td3\conception\Hand.java. Using fallback presentation compiler.
2025.10.07 10:16:17 INFO  no build target found for C:\Users\panlu\Documents\Cours\M1_Mod_Archi_Patrons_Concep\app\src\main\java\org\example\tds\td3\conception\Hand.java. Using fallback presentation compiler.
oct. 07, 2025 10:16:17 A.M. org.eclipse.lsp4j.jsonrpc.RemoteEndpoint handleCancellation
WARNING: Unmatched cancel notification for request id 3076
2025.10.07 10:16:17 INFO  no build target found for C:\Users\panlu\Documents\Cours\M1_Mod_Archi_Patrons_Concep\app\src\main\java\org\example\tds\td3\conception\Hand.java. Using fallback presentation compiler.
2025.10.07 10:16:17 INFO  no build target found for C:\Users\panlu\Documents\Cours\M1_Mod_Archi_Patrons_Concep\app\src\main\java\org\example\tds\td3\conception\Hand.java. Using fallback presentation compiler.
2025.10.07 10:16:17 INFO  no build target found for C:\Users\panlu\Documents\Cours\M1_Mod_Archi_Patrons_Concep\app\src\main\java\org\example\tds\td3\conception\Hand.java. Using fallback presentation compiler.
oct. 07, 2025 10:16:17 A.M. org.eclipse.lsp4j.jsonrpc.RemoteEndpoint handleCancellation
WARNING: Unmatched cancel notification for request id 3079
2025.10.07 10:16:17 INFO  no build target found for C:\Users\panlu\Documents\Cours\M1_Mod_Archi_Patrons_Concep\app\src\main\java\org\example\tds\td3\conception\Hand.java. Using fallback presentation compiler.
oct. 07, 2025 10:16:18 A.M. org.eclipse.lsp4j.jsonrpc.RemoteEndpoint handleCancellation
WARNING: Unmatched cancel notification for request id 3080
2025.10.07 10:16:17 INFO  no build target found for C:\Users\panlu\Documents\Cours\M1_Mod_Archi_Patrons_Concep\app\src\main\java\org\example\tds\td3\conception\Hand.java. Using fallback presentation compiler.
2025.10.07 10:16:17 INFO  no build target found for C:\Users\panlu\Documents\Cours\M1_Mod_Archi_Patrons_Concep\app\src\main\java\org\example\tds\td3\conception\Hand.java. Using fallback presentation compiler.
2025.10.07 10:16:17 INFO  no build target found for C:\Users\panlu\Documents\Cours\M1_Mod_Archi_Patrons_Concep\app\src\main\java\org\example\tds\td3\conception\Hand.java. Using fallback presentation compiler.
oct. 07, 2025 10:16:18 A.M. org.eclipse.lsp4j.jsonrpc.RemoteEndpoint handleCancellation
WARNING: Unmatched cancel notification for request id 3082
2025.10.07 10:16:18 INFO  no build target found for C:\Users\panlu\Documents\Cours\M1_Mod_Archi_Patrons_Concep\app\src\main\java\org\example\tds\td3\conception\Hand.java. Using fallback presentation compiler.
2025.10.07 10:16:17 INFO  no build target found for C:\Users\panlu\Documents\Cours\M1_Mod_Archi_Patrons_Concep\app\src\main\java\org\example\tds\td3\conception\Hand.java. Using fallback presentation compiler.
2025.10.07 10:16:17 INFO  no build target found for C:\Users\panlu\Documents\Cours\M1_Mod_Archi_Patrons_Concep\app\src\main\java\org\example\tds\td3\conception\Hand.java. Using fallback presentation compiler.
2025.10.07 10:16:17 INFO  no build target found for C:\Users\panlu\Documents\Cours\M1_Mod_Archi_Patrons_Concep\app\src\main\java\org\example\tds\td3\conception\Hand.java. Using fallback presentation compiler.
oct. 07, 2025 10:16:18 A.M. org.eclipse.lsp4j.jsonrpc.RemoteEndpoint handleCancellation
WARNING: Unmatched cancel notification for request id 3087
2025.10.07 10:16:17 INFO  no build target found for C:\Users\panlu\Documents\Cours\M1_Mod_Archi_Patrons_Concep\app\src\main\java\org\example\tds\td3\conception\Hand.java. Using fallback presentation compiler.
2025.10.07 10:16:17 INFO  no build target found for C:\Users\panlu\Documents\Cours\M1_Mod_Archi_Patrons_Concep\app\src\main\java\org\example\tds\td3\conception\Hand.java. Using fallback presentation compiler.
2025.10.07 10:16:17 INFO  no build target found for C:\Users\panlu\Documents\Cours\M1_Mod_Archi_Patrons_Concep\app\src\main\java\org\example\tds\td3\conception\Hand.java. Using fallback presentation compiler.
oct. 07, 2025 10:16:18 A.M. org.eclipse.lsp4j.jsonrpc.RemoteEndpoint handleCancellation
WARNING: Unmatched cancel notification for request id 3090
2025.10.07 10:16:17 INFO  no build target found for C:\Users\panlu\Documents\Cours\M1_Mod_Archi_Patrons_Concep\app\src\main\java\org\example\tds\td3\conception\Hand.java. Using fallback presentation compiler.
2025.10.07 10:16:17 INFO  no build target found for C:\Users\panlu\Documents\Cours\M1_Mod_Archi_Patrons_Concep\app\src\main\java\org\example\tds\td3\conception\Hand.java. Using fallback presentation compiler.
oct. 07, 2025 10:16:18 A.M. org.eclipse.lsp4j.jsonrpc.RemoteEndpoint handleCancellation
WARNING: Unmatched cancel notification for request id 3092
2025.10.07 10:16:17 INFO  no build target found for C:\Users\panlu\Documents\Cours\M1_Mod_Archi_Patrons_Concep\app\src\main\java\org\example\tds\td3\conception\Hand.java. Using fallback presentation compiler.
oct. 07, 2025 10:16:18 A.M. org.eclipse.lsp4j.jsonrpc.RemoteEndpoint handleCancellation
WARNING: Unmatched cancel notification for request id 3093
2025.10.07 10:16:17 INFO  no build target found for C:\Users\panlu\Documents\Cours\M1_Mod_Archi_Patrons_Concep\app\src\main\java\org\example\tds\td3\conception\Hand.java. Using fallback presentation compiler.
2025.10.07 10:16:18 INFO  no build target found for C:\Users\panlu\Documents\Cours\M1_Mod_Archi_Patrons_Concep\app\src\main\java\org\example\tds\td3\conception\Hand.java. Using fallback presentation compiler.
oct. 07, 2025 10:16:18 A.M. org.eclipse.lsp4j.jsonrpc.RemoteEndpoint handleCancellation
WARNING: Unmatched cancel notification for request id 3095
2025.10.07 10:16:17 INFO  no build target found for C:\Users\panlu\Documents\Cours\M1_Mod_Archi_Patrons_Concep\app\src\main\java\org\example\tds\td3\conception\Hand.java. Using fallback presentation compiler.
2025.10.07 10:16:18 INFO  no build target found for C:\Users\panlu\Documents\Cours\M1_Mod_Archi_Patrons_Concep\app\src\main\java\org\example\tds\td3\conception\Hand.java. Using fallback presentation compiler.
2025.10.07 10:16:18 INFO  no build target found for C:\Users\panlu\Documents\Cours\M1_Mod_Archi_Patrons_Concep\app\src\main\java\org\example\tds\td3\conception\Hand.java. Using fallback presentation compiler.
2025.10.07 10:16:18 INFO  no build target found for C:\Users\panlu\Documents\Cours\M1_Mod_Archi_Patrons_Concep\app\src\main\java\org\example\tds\td3\conception\Hand.java. Using fallback presentation compiler.
2025.10.07 10:16:18 INFO  no build target found for C:\Users\panlu\Documents\Cours\M1_Mod_Archi_Patrons_Concep\app\src\main\java\org\example\tds\td3\conception\Hand.java. Using fallback presentation compiler.
2025.10.07 10:16:18 INFO  no build target found for C:\Users\panlu\Documents\Cours\M1_Mod_Archi_Patrons_Concep\app\src\main\java\org\example\tds\td3\conception\Hand.java. Using fallback presentation compiler.
oct. 07, 2025 10:16:18 A.M. org.eclipse.lsp4j.jsonrpc.RemoteEndpoint handleCancellation
WARNING: Unmatched cancel notification for request id 3101
2025.10.07 10:16:18 INFO  no build target found for C:\Users\panlu\Documents\Cours\M1_Mod_Archi_Patrons_Concep\app\src\main\java\org\example\tds\td3\conception\Hand.java. Using fallback presentation compiler.
oct. 07, 2025 10:16:18 A.M. org.eclipse.lsp4j.jsonrpc.RemoteEndpoint handleCancellation
WARNING: Unmatched cancel notification for request id 3102
2025.10.07 10:16:18 INFO  no build target found for C:\Users\panlu\Documents\Cours\M1_Mod_Archi_Patrons_Concep\app\src\main\java\org\example\tds\td3\conception\Hand.java. Using fallback presentation compiler.
oct. 07, 2025 10:16:18 A.M. org.eclipse.lsp4j.jsonrpc.RemoteEndpoint handleCancellation
WARNING: Unmatched cancel notification for request id 3103
2025.10.07 10:16:18 INFO  no build target found for C:\Users\panlu\Documents\Cours\M1_Mod_Archi_Patrons_Concep\app\src\main\java\org\example\tds\td3\conception\Hand.java. Using fallback presentation compiler.
oct. 07, 2025 10:16:18 A.M. org.eclipse.lsp4j.jsonrpc.RemoteEndpoint handleCancellation
WARNING: Unmatched cancel notification for request id 3104
2025.10.07 10:16:18 INFO  no build target found for C:\Users\panlu\Documents\Cours\M1_Mod_Archi_Patrons_Concep\app\src\main\java\org\example\tds\td3\conception\Hand.java. Using fallback presentation compiler.
2025.10.07 10:16:17 INFO  no build target found for C:\Users\panlu\Documents\Cours\M1_Mod_Archi_Patrons_Concep\app\src\main\java\org\example\tds\td3\conception\Hand.java. Using fallback presentation compiler.
2025.10.07 10:16:18 INFO  no build target found for C:\Users\panlu\Documents\Cours\M1_Mod_Archi_Patrons_Concep\app\src\main\java\org\example\tds\td3\conception\Hand.java. Using fallback presentation compiler.
2025.10.07 10:16:18 INFO  no build target found for C:\Users\panlu\Documents\Cours\M1_Mod_Archi_Patrons_Concep\app\src\main\java\org\example\tds\td3\conception\Hand.java. Using fallback presentation compiler.
oct. 07, 2025 10:16:18 A.M. org.eclipse.lsp4j.jsonrpc.RemoteEndpoint handleCancellation
WARNING: Unmatched cancel notification for request id 3108
2025.10.07 10:16:18 INFO  no build target found for C:\Users\panlu\Documents\Cours\M1_Mod_Archi_Patrons_Concep\app\src\main\java\org\example\tds\td3\conception\Hand.java. Using fallback presentation compiler.
2025.10.07 10:16:18 INFO  no build target found for C:\Users\panlu\Documents\Cours\M1_Mod_Archi_Patrons_Concep\app\src\main\java\org\example\tds\td3\conception\Hand.java. Using fallback presentation compiler.
2025.10.07 10:16:18 INFO  no build target found for C:\Users\panlu\Documents\Cours\M1_Mod_Archi_Patrons_Concep\app\src\main\java\org\example\tds\td3\conception\Hand.java. Using fallback presentation compiler.
2025.10.07 10:16:18 INFO  no build target found for C:\Users\panlu\Documents\Cours\M1_Mod_Archi_Patrons_Concep\app\src\main\java\org\example\tds\td3\conception\Hand.java. Using fallback presentation compiler.
oct. 07, 2025 10:16:18 A.M. org.eclipse.lsp4j.jsonrpc.RemoteEndpoint handleCancellation
WARNING: Unmatched cancel notification for request id 3112
2025.10.07 10:16:18 INFO  no build target found for C:\Users\panlu\Documents\Cours\M1_Mod_Archi_Patrons_Concep\app\src\main\java\org\example\tds\td3\conception\Hand.java. Using fallback presentation compiler.
2025.10.07 10:16:18 INFO  no build target found for C:\Users\panlu\Documents\Cours\M1_Mod_Archi_Patrons_Concep\app\src\main\java\org\example\tds\td3\conception\Hand.java. Using fallback presentation compiler.
2025.10.07 10:16:18 INFO  no build target found for C:\Users\panlu\Documents\Cours\M1_Mod_Archi_Patrons_Concep\app\src\main\java\org\example\tds\td3\conception\Hand.java. Using fallback presentation compiler.
2025.10.07 10:16:18 INFO  no build target found for C:\Users\panlu\Documents\Cours\M1_Mod_Archi_Patrons_Concep\app\src\main\java\org\example\tds\td3\conception\Hand.java. Using fallback presentation compiler.
2025.10.07 10:16:19 INFO  no build target found for C:\Users\panlu\Documents\Cours\M1_Mod_Archi_Patrons_Concep\app\src\main\java\org\example\tds\td3\conception\Hand.java. Using fallback presentation compiler.
2025.10.07 10:16:18 INFO  no build target found for C:\Users\panlu\Documents\Cours\M1_Mod_Archi_Patrons_Concep\app\src\main\java\org\example\tds\td3\conception\Hand.java. Using fallback presentation compiler.
2025.10.07 10:16:18 INFO  no build target found for C:\Users\panlu\Documents\Cours\M1_Mod_Archi_Patrons_Concep\app\src\main\java\org\example\tds\td3\conception\Hand.java. Using fallback presentation compiler.
2025.10.07 10:16:18 INFO  no build target found for C:\Users\panlu\Documents\Cours\M1_Mod_Archi_Patrons_Concep\app\src\main\java\org\example\tds\td3\conception\Hand.java. Using fallback presentation compiler.
oct. 07, 2025 10:16:19 A.M. org.eclipse.lsp4j.jsonrpc.RemoteEndpoint handleCancellation
WARNING: Unmatched cancel notification for request id 3120
2025.10.07 10:16:18 INFO  no build target found for C:\Users\panlu\Documents\Cours\M1_Mod_Archi_Patrons_Concep\app\src\main\java\org\example\tds\td3\conception\Hand.java. Using fallback presentation compiler.
2025.10.07 10:16:18 INFO  no build target found for C:\Users\panlu\Documents\Cours\M1_Mod_Archi_Patrons_Concep\app\src\main\java\org\example\tds\td3\conception\Hand.java. Using fallback presentation compiler.
oct. 07, 2025 10:16:19 A.M. org.eclipse.lsp4j.jsonrpc.RemoteEndpoint handleCancellation
WARNING: Unmatched cancel notification for request id 3122
2025.10.07 10:16:18 INFO  no build target found for C:\Users\panlu\Documents\Cours\M1_Mod_Archi_Patrons_Concep\app\src\main\java\org\example\tds\td3\conception\Hand.java. Using fallback presentation compiler.
2025.10.07 10:16:18 INFO  no build target found for C:\Users\panlu\Documents\Cours\M1_Mod_Archi_Patrons_Concep\app\src\main\java\org\example\tds\td3\conception\Hand.java. Using fallback presentation compiler.
oct. 07, 2025 10:16:19 A.M. org.eclipse.lsp4j.jsonrpc.RemoteEndpoint handleCancellation
WARNING: Unmatched cancel notification for request id 3124
2025.10.07 10:16:18 INFO  no build target found for C:\Users\panlu\Documents\Cours\M1_Mod_Archi_Patrons_Concep\app\src\main\java\org\example\tds\td3\conception\Hand.java. Using fallback presentation compiler.
2025.10.07 10:16:18 INFO  no build target found for C:\Users\panlu\Documents\Cours\M1_Mod_Archi_Patrons_Concep\app\src\main\java\org\example\tds\td3\conception\Hand.java. Using fallback presentation compiler.
2025.10.07 10:16:18 INFO  no build target found for C:\Users\panlu\Documents\Cours\M1_Mod_Archi_Patrons_Concep\app\src\main\java\org\example\tds\td3\conception\Hand.java. Using fallback presentation compiler.
2025.10.07 10:16:18 INFO  no build target found for C:\Users\panlu\Documents\Cours\M1_Mod_Archi_Patrons_Concep\app\src\main\java\org\example\tds\td3\conception\Hand.java. Using fallback presentation compiler.
oct. 07, 2025 10:16:19 A.M. org.eclipse.lsp4j.jsonrpc.RemoteEndpoint handleCancellation
WARNING: Unmatched cancel notification for request id 3129
2025.10.07 10:16:18 INFO  no build target found for C:\Users\panlu\Documents\Cours\M1_Mod_Archi_Patrons_Concep\app\src\main\java\org\example\tds\td3\conception\Hand.java. Using fallback presentation compiler.
2025.10.07 10:16:19 INFO  no build target found for C:\Users\panlu\Documents\Cours\M1_Mod_Archi_Patrons_Concep\app\src\main\java\org\example\tds\td3\conception\Hand.java. Using fallback presentation compiler.
2025.10.07 10:16:19 INFO  no build target found for C:\Users\panlu\Documents\Cours\M1_Mod_Archi_Patrons_Concep\app\src\main\java\org\example\tds\td3\conception\Hand.java. Using fallback presentation compiler.
oct. 07, 2025 10:16:19 A.M. org.eclipse.lsp4j.jsonrpc.RemoteEndpoint handleCancellation
WARNING: Unmatched cancel notification for request id 3132
2025.10.07 10:16:19 INFO  no build target found for C:\Users\panlu\Documents\Cours\M1_Mod_Archi_Patrons_Concep\app\src\main\java\org\example\tds\td3\conception\Hand.java. Using fallback presentation compiler.
2025.10.07 10:16:19 INFO  no build target found for C:\Users\panlu\Documents\Cours\M1_Mod_Archi_Patrons_Concep\app\src\main\java\org\example\tds\td3\conception\Hand.java. Using fallback presentation compiler.
2025.10.07 10:16:19 INFO  no build target found for C:\Users\panlu\Documents\Cours\M1_Mod_Archi_Patrons_Concep\app\src\main\java\org\example\tds\td3\conception\Hand.java. Using fallback presentation compiler.
2025.10.07 10:16:19 INFO  no build target found for C:\Users\panlu\Documents\Cours\M1_Mod_Archi_Patrons_Concep\app\src\main\java\org\example\tds\td3\conception\Hand.java. Using fallback presentation compiler.
oct. 07, 2025 10:16:19 A.M. org.eclipse.lsp4j.jsonrpc.RemoteEndpoint handleCancellation
WARNING: Unmatched cancel notification for request id 3136
2025.10.07 10:16:19 INFO  no build target found for C:\Users\panlu\Documents\Cours\M1_Mod_Archi_Patrons_Concep\app\src\main\java\org\example\tds\td3\conception\Hand.java. Using fallback presentation compiler.
2025.10.07 10:16:19 INFO  no build target found for C:\Users\panlu\Documents\Cours\M1_Mod_Archi_Patrons_Concep\app\src\main\java\org\example\tds\td3\conception\Hand.java. Using fallback presentation compiler.
oct. 07, 2025 10:16:19 A.M. org.eclipse.lsp4j.jsonrpc.RemoteEndpoint handleCancellation
WARNING: Unmatched cancel notification for request id 3137
2025.10.07 10:16:19 INFO  no build target found for C:\Users\panlu\Documents\Cours\M1_Mod_Archi_Patrons_Concep\app\src\main\java\org\example\tds\td3\conception\Hand.java. Using fallback presentation compiler.
2025.10.07 10:16:19 INFO  no build target found for C:\Users\panlu\Documents\Cours\M1_Mod_Archi_Patrons_Concep\app\src\main\java\org\example\tds\td3\conception\Hand.java. Using fallback presentation compiler.
oct. 07, 2025 10:16:19 A.M. org.eclipse.lsp4j.jsonrpc.RemoteEndpoint handleCancellation
WARNING: Unmatched cancel notification for request id 3140
2025.10.07 10:16:19 INFO  no build target found for C:\Users\panlu\Documents\Cours\M1_Mod_Archi_Patrons_Concep\app\src\main\java\org\example\tds\td3\conception\Hand.java. Using fallback presentation compiler.
oct. 07, 2025 10:16:19 A.M. org.eclipse.lsp4j.jsonrpc.RemoteEndpoint handleCancellation
WARNING: Unmatched cancel notification for request id 3141
2025.10.07 10:16:19 INFO  no build target found for C:\Users\panlu\Documents\Cours\M1_Mod_Archi_Patrons_Concep\app\src\main\java\org\example\tds\td3\conception\Hand.java. Using fallback presentation compiler.
oct. 07, 2025 10:16:19 A.M. org.eclipse.lsp4j.jsonrpc.RemoteEndpoint handleCancellation
WARNING: Unmatched cancel notification for request id 3142
2025.10.07 10:16:19 INFO  no build target found for C:\Users\panlu\Documents\Cours\M1_Mod_Archi_Patrons_Concep\app\src\main\java\org\example\tds\td3\conception\Hand.java. Using fallback presentation compiler.
2025.10.07 10:16:19 INFO  no build target found for C:\Users\panlu\Documents\Cours\M1_Mod_Archi_Patrons_Concep\app\src\main\java\org\example\tds\td3\conception\Hand.java. Using fallback presentation compiler.
2025.10.07 10:16:19 INFO  no build target found for C:\Users\panlu\Documents\Cours\M1_Mod_Archi_Patrons_Concep\app\src\main\java\org\example\tds\td3\conception\Hand.java. Using fallback presentation compiler.
2025.10.07 10:16:19 INFO  no build target found for C:\Users\panlu\Documents\Cours\M1_Mod_Archi_Patrons_Concep\app\src\main\java\org\example\tds\td3\conception\Hand.java. Using fallback presentation compiler.
2025.10.07 10:16:19 INFO  no build target found for C:\Users\panlu\Documents\Cours\M1_Mod_Archi_Patrons_Concep\app\src\main\java\org\example\tds\td3\conception\Hand.java. Using fallback presentation compiler.
2025.10.07 10:16:19 INFO  no build target found for C:\Users\panlu\Documents\Cours\M1_Mod_Archi_Patrons_Concep\app\src\main\java\org\example\tds\td3\conception\Hand.java. Using fallback presentation compiler.
oct. 07, 2025 10:16:20 A.M. org.eclipse.lsp4j.jsonrpc.RemoteEndpoint handleCancellation
WARNING: Unmatched cancel notification for request id 3148
2025.10.07 10:16:19 INFO  no build target found for C:\Users\panlu\Documents\Cours\M1_Mod_Archi_Patrons_Concep\app\src\main\java\org\example\tds\td3\conception\Hand.java. Using fallback presentation compiler.
2025.10.07 10:16:20 INFO  no build target found for C:\Users\panlu\Documents\Cours\M1_Mod_Archi_Patrons_Concep\app\src\main\java\org\example\tds\td3\conception\Hand.java. Using fallback presentation compiler.
2025.10.07 10:16:19 INFO  no build target found for C:\Users\panlu\Documents\Cours\M1_Mod_Archi_Patrons_Concep\app\src\main\java\org\example\tds\td3\conception\Hand.java. Using fallback presentation compiler.
2025.10.07 10:16:19 INFO  no build target found for C:\Users\panlu\Documents\Cours\M1_Mod_Archi_Patrons_Concep\app\src\main\java\org\example\tds\td3\conception\Hand.java. Using fallback presentation compiler.
2025.10.07 10:16:19 INFO  no build target found for C:\Users\panlu\Documents\Cours\M1_Mod_Archi_Patrons_Concep\app\src\main\java\org\example\tds\td3\conception\Hand.java. Using fallback presentation compiler.
oct. 07, 2025 10:16:20 A.M. org.eclipse.lsp4j.jsonrpc.RemoteEndpoint handleCancellation
WARNING: Unmatched cancel notification for request id 3153
2025.10.07 10:16:19 INFO  no build target found for C:\Users\panlu\Documents\Cours\M1_Mod_Archi_Patrons_Concep\app\src\main\java\org\example\tds\td3\conception\Hand.java. Using fallback presentation compiler.
2025.10.07 10:16:19 INFO  no build target found for C:\Users\panlu\Documents\Cours\M1_Mod_Archi_Patrons_Concep\app\src\main\java\org\example\tds\td3\conception\Hand.java. Using fallback presentation compiler.
2025.10.07 10:16:19 INFO  no build target found for C:\Users\panlu\Documents\Cours\M1_Mod_Archi_Patrons_Concep\app\src\main\java\org\example\tds\td3\conception\Hand.java. Using fallback presentation compiler.
2025.10.07 10:16:19 INFO  no build target found for C:\Users\panlu\Documents\Cours\M1_Mod_Archi_Patrons_Concep\app\src\main\java\org\example\tds\td3\conception\Hand.java. Using fallback presentation compiler.
2025.10.07 10:16:20 INFO  no build target found for C:\Users\panlu\Documents\Cours\M1_Mod_Archi_Patrons_Concep\app\src\main\java\org\example\tds\td3\conception\Hand.java. Using fallback presentation compiler.
2025.10.07 10:16:19 INFO  no build target found for C:\Users\panlu\Documents\Cours\M1_Mod_Archi_Patrons_Concep\app\src\main\java\org\example\tds\td3\conception\Hand.java. Using fallback presentation compiler.
2025.10.07 10:16:19 INFO  no build target found for C:\Users\panlu\Documents\Cours\M1_Mod_Archi_Patrons_Concep\app\src\main\java\org\example\tds\td3\conception\Hand.java. Using fallback presentation compiler.
2025.10.07 10:16:19 INFO  no build target found for C:\Users\panlu\Documents\Cours\M1_Mod_Archi_Patrons_Concep\app\src\main\java\org\example\tds\td3\conception\Hand.java. Using fallback presentation compiler.
oct. 07, 2025 10:16:20 A.M. org.eclipse.lsp4j.jsonrpc.RemoteEndpoint handleCancellation
WARNING: Unmatched cancel notification for request id 3162
2025.10.07 10:16:20 INFO  no build target found for C:\Users\panlu\Documents\Cours\M1_Mod_Archi_Patrons_Concep\app\src\main\java\org\example\tds\td3\conception\Hand.java. Using fallback presentation compiler.
2025.10.07 10:16:20 INFO  no build target found for C:\Users\panlu\Documents\Cours\M1_Mod_Archi_Patrons_Concep\app\src\main\java\org\example\tds\td3\conception\Hand.java. Using fallback presentation compiler.
oct. 07, 2025 10:16:20 A.M. org.eclipse.lsp4j.jsonrpc.RemoteEndpoint handleCancellation
WARNING: Unmatched cancel notification for request id 3164
2025.10.07 10:16:20 INFO  no build target found for C:\Users\panlu\Documents\Cours\M1_Mod_Archi_Patrons_Concep\app\src\main\java\org\example\tds\td3\conception\Hand.java. Using fallback presentation compiler.
2025.10.07 10:16:20 INFO  no build target found for C:\Users\panlu\Documents\Cours\M1_Mod_Archi_Patrons_Concep\app\src\main\java\org\example\tds\td3\conception\Hand.java. Using fallback presentation compiler.
oct. 07, 2025 10:16:20 A.M. org.eclipse.lsp4j.jsonrpc.RemoteEndpoint handleCancellation
WARNING: Unmatched cancel notification for request id 3166
2025.10.07 10:16:20 INFO  no build target found for C:\Users\panlu\Documents\Cours\M1_Mod_Archi_Patrons_Concep\app\src\main\java\org\example\tds\td3\conception\Hand.java. Using fallback presentation compiler.
2025.10.07 10:16:20 INFO  no build target found for C:\Users\panlu\Documents\Cours\M1_Mod_Archi_Patrons_Concep\app\src\main\java\org\example\tds\td3\conception\Hand.java. Using fallback presentation compiler.
oct. 07, 2025 10:16:20 A.M. org.eclipse.lsp4j.jsonrpc.RemoteEndpoint handleCancellation
WARNING: Unmatched cancel notification for request id 3168
2025.10.07 10:16:20 INFO  no build target found for C:\Users\panlu\Documents\Cours\M1_Mod_Archi_Patrons_Concep\app\src\main\java\org\example\tds\td3\conception\Hand.java. Using fallback presentation compiler.
2025.10.07 10:16:20 INFO  no build target found for C:\Users\panlu\Documents\Cours\M1_Mod_Archi_Patrons_Concep\app\src\main\java\org\example\tds\td3\conception\Hand.java. Using fallback presentation compiler.
2025.10.07 10:16:20 INFO  no build target found for C:\Users\panlu\Documents\Cours\M1_Mod_Archi_Patrons_Concep\app\src\main\java\org\example\tds\td3\conception\Hand.java. Using fallback presentation compiler.
oct. 07, 2025 10:16:20 A.M. org.eclipse.lsp4j.jsonrpc.RemoteEndpoint handleCancellation
WARNING: Unmatched cancel notification for request id 3171
2025.10.07 10:16:20 INFO  no build target found for C:\Users\panlu\Documents\Cours\M1_Mod_Archi_Patrons_Concep\app\src\main\java\org\example\tds\td3\conception\Hand.java. Using fallback presentation compiler.
2025.10.07 10:16:20 INFO  no build target found for C:\Users\panlu\Documents\Cours\M1_Mod_Archi_Patrons_Concep\app\src\main\java\org\example\tds\td3\conception\Hand.java. Using fallback presentation compiler.
2025.10.07 10:16:20 INFO  no build target found for C:\Users\panlu\Documents\Cours\M1_Mod_Archi_Patrons_Concep\app\src\main\java\org\example\tds\td3\conception\Hand.java. Using fallback presentation compiler.
2025.10.07 10:16:20 INFO  no build target found for C:\Users\panlu\Documents\Cours\M1_Mod_Archi_Patrons_Concep\app\src\main\java\org\example\tds\td3\conception\Hand.java. Using fallback presentation compiler.
oct. 07, 2025 10:16:20 A.M. org.eclipse.lsp4j.jsonrpc.RemoteEndpoint handleCancellation
WARNING: Unmatched cancel notification for request id 3175
2025.10.07 10:16:20 INFO  no build target found for C:\Users\panlu\Documents\Cours\M1_Mod_Archi_Patrons_Concep\app\src\main\java\org\example\tds\td3\conception\Hand.java. Using fallback presentation compiler.
2025.10.07 10:16:20 INFO  no build target found for C:\Users\panlu\Documents\Cours\M1_Mod_Archi_Patrons_Concep\app\src\main\java\org\example\tds\td3\conception\Hand.java. Using fallback presentation compiler.
2025.10.07 10:16:20 INFO  no build target found for C:\Users\panlu\Documents\Cours\M1_Mod_Archi_Patrons_Concep\app\src\main\java\org\example\tds\td3\conception\Hand.java. Using fallback presentation compiler.
oct. 07, 2025 10:16:21 A.M. org.eclipse.lsp4j.jsonrpc.RemoteEndpoint handleCancellation
WARNING: Unmatched cancel notification for request id 3178
2025.10.07 10:16:20 INFO  no build target found for C:\Users\panlu\Documents\Cours\M1_Mod_Archi_Patrons_Concep\app\src\main\java\org\example\tds\td3\conception\Hand.java. Using fallback presentation compiler.
2025.10.07 10:16:20 INFO  no build target found for C:\Users\panlu\Documents\Cours\M1_Mod_Archi_Patrons_Concep\app\src\main\java\org\example\tds\td3\conception\Hand.java. Using fallback presentation compiler.
2025.10.07 10:16:20 INFO  no build target found for C:\Users\panlu\Documents\Cours\M1_Mod_Archi_Patrons_Concep\app\src\main\java\org\example\tds\td3\conception\Hand.java. Using fallback presentation compiler.
oct. 07, 2025 10:16:21 A.M. org.eclipse.lsp4j.jsonrpc.RemoteEndpoint handleCancellation
WARNING: Unmatched cancel notification for request id 3182
2025.10.07 10:16:20 INFO  no build target found for C:\Users\panlu\Documents\Cours\M1_Mod_Archi_Patrons_Concep\app\src\main\java\org\example\tds\td3\conception\Hand.java. Using fallback presentation compiler.
2025.10.07 10:16:20 INFO  no build target found for C:\Users\panlu\Documents\Cours\M1_Mod_Archi_Patrons_Concep\app\src\main\java\org\example\tds\td3\conception\Hand.java. Using fallback presentation compiler.
2025.10.07 10:16:22 WARN  no build target for: C:\Users\panlu\Documents\Cours\M1_Mod_Archi_Patrons_Concep\app\src\main\java\org\example\tds\td3\conception\Hand.java
2025.10.07 10:16:22 INFO  no build target found for C:\Users\panlu\Documents\Cours\M1_Mod_Archi_Patrons_Concep\app\src\main\java\org\example\tds\td3\conception\Hand.java. Using fallback presentation compiler.
2025.10.07 10:16:22 WARN  Running javac-semanticdb failed for file:///C:/Users/panlu/Documents/Cours/M1_Mod_Archi_Patrons_Concep/app/src/main/java/org/example/tds/td3/conception/Hand.java. Output:

2025.10.07 10:16:31 INFO  no build target found for C:\Users\panlu\Documents\Cours\M1_Mod_Archi_Patrons_Concep\app\src\main\java\org\example\tds\td3\conception\Hand.java. Using fallback presentation compiler.
2025.10.07 10:16:32 INFO  no build target found for C:\Users\panlu\Documents\Cours\M1_Mod_Archi_Patrons_Concep\app\src\main\java\org\example\tds\td3\conception\Hand.java. Using fallback presentation compiler.
oct. 07, 2025 10:16:35 A.M. org.eclipse.lsp4j.jsonrpc.RemoteEndpoint fallbackResponseError
SEVERE: Internal error: java.lang.ArrayIndexOutOfBoundsException: Index -1 out of bounds for length 10
java.util.concurrent.CompletionException: java.lang.ArrayIndexOutOfBoundsException: Index -1 out of bounds for length 10
	at java.base/java.util.concurrent.CompletableFuture.wrapInCompletionException(CompletableFuture.java:325)
	at java.base/java.util.concurrent.CompletableFuture.encodeThrowable(CompletableFuture.java:378)
	at java.base/java.util.concurrent.CompletableFuture.completeThrowable(CompletableFuture.java:393)
	at java.base/java.util.concurrent.CompletableFuture$UniAccept.tryFire(CompletableFuture.java:754)
	at java.base/java.util.concurrent.CompletableFuture.postComplete(CompletableFuture.java:556)
	at java.base/java.util.concurrent.CompletableFuture.completeExceptionally(CompletableFuture.java:2246)
	at scala.meta.internal.metals.CancelTokens$.$anonfun$future$1(CancelTokens.scala:40)
	at scala.meta.internal.metals.CancelTokens$.$anonfun$future$1$adapted(CancelTokens.scala:38)
	at scala.concurrent.impl.Promise$Transformation.run(Promise.scala:484)
	at java.base/java.util.concurrent.ThreadPoolExecutor.runWorker(ThreadPoolExecutor.java:1095)
	at java.base/java.util.concurrent.ThreadPoolExecutor$Worker.run(ThreadPoolExecutor.java:619)
	at java.base/java.lang.Thread.run(Thread.java:1447)
Caused by: java.lang.ArrayIndexOutOfBoundsException: Index -1 out of bounds for length 10
	at com.thoughtworks.qdox.parser.impl.JFlexLexer.popState(JFlexLexer.java:1766)
	at com.thoughtworks.qdox.parser.impl.JFlexLexer.yylex(JFlexLexer.java:2403)
	at com.thoughtworks.qdox.parser.impl.JFlexLexer.lex(JFlexLexer.java:1749)
	at com.thoughtworks.qdox.parser.impl.Parser.yylex(Parser.java:2011)
	at com.thoughtworks.qdox.parser.impl.Parser.yyparse(Parser.java:3507)
	at com.thoughtworks.qdox.parser.impl.Parser.parse(Parser.java:2006)
	at com.thoughtworks.qdox.library.SourceLibrary.parse(SourceLibrary.java:232)
	at com.thoughtworks.qdox.library.SourceLibrary.parse(SourceLibrary.java:190)
	at com.thoughtworks.qdox.library.SourceLibrary.addSource(SourceLibrary.java:94)
	at com.thoughtworks.qdox.library.SourceLibrary.addSource(SourceLibrary.java:89)
	at com.thoughtworks.qdox.library.SortedClassLibraryBuilder.addSource(SortedClassLibraryBuilder.java:162)
	at com.thoughtworks.qdox.JavaProjectBuilder.addSource(JavaProjectBuilder.java:174)
	at scala.meta.internal.mtags.JavaMtags.indexRoot(JavaMtags.scala:49)
	at scala.meta.internal.mtags.MtagsIndexer.index(MtagsIndexer.scala:21)
	at scala.meta.internal.mtags.MtagsIndexer.index$(MtagsIndexer.scala:20)
	at scala.meta.internal.mtags.JavaMtags.index(JavaMtags.scala:39)
	at scala.meta.internal.mtags.Mtags$.allToplevels(Mtags.scala:150)
	at scala.meta.internal.metals.DefinitionProvider.fromMtags(DefinitionProvider.scala:365)
	at scala.meta.internal.metals.DefinitionProvider.$anonfun$positionOccurrence$4(DefinitionProvider.scala:284)
	at scala.Option.orElse(Option.scala:477)
	at scala.meta.internal.metals.DefinitionProvider.$anonfun$positionOccurrence$1(DefinitionProvider.scala:284)
	at scala.Option.flatMap(Option.scala:283)
	at scala.meta.internal.metals.DefinitionProvider.positionOccurrence(DefinitionProvider.scala:276)
	at scala.meta.internal.metals.JavaDocumentHighlightProvider.$anonfun$documentHighlight$1(JavaDocumentHighlightProvider.scala:26)
	at scala.collection.immutable.List.map(List.scala:247)
	at scala.meta.internal.metals.JavaDocumentHighlightProvider.documentHighlight(JavaDocumentHighlightProvider.scala:22)
	at scala.meta.internal.metals.MetalsLspService.$anonfun$documentHighlights$1(MetalsLspService.scala:995)
	at scala.meta.internal.metals.CancelTokens$.$anonfun$apply$2(CancelTokens.scala:26)
	at scala.concurrent.Future$.$anonfun$apply$1(Future.scala:687)
	at scala.concurrent.impl.Promise$Transformation.run(Promise.scala:467)
	... 3 more

oct. 07, 2025 10:16:35 A.M. org.eclipse.lsp4j.jsonrpc.RemoteEndpoint fallbackResponseError
SEVERE: Internal error: java.lang.ArrayIndexOutOfBoundsException
java.util.concurrent.CompletionException: java.lang.ArrayIndexOutOfBoundsException
	at java.base/java.util.concurrent.CompletableFuture.wrapInCompletionException(CompletableFuture.java:325)
	at java.base/java.util.concurrent.CompletableFuture.encodeThrowable(CompletableFuture.java:378)
	at java.base/java.util.concurrent.CompletableFuture.completeThrowable(CompletableFuture.java:393)
	at java.base/java.util.concurrent.CompletableFuture$UniAccept.tryFire(CompletableFuture.java:754)
	at java.base/java.util.concurrent.CompletableFuture.postComplete(CompletableFuture.java:556)
	at java.base/java.util.concurrent.CompletableFuture.completeExceptionally(CompletableFuture.java:2246)
	at scala.meta.internal.metals.CancelTokens$.$anonfun$future$1(CancelTokens.scala:40)
	at scala.meta.internal.metals.CancelTokens$.$anonfun$future$1$adapted(CancelTokens.scala:38)
	at scala.concurrent.impl.Promise$Transformation.run(Promise.scala:484)
	at java.base/java.util.concurrent.ThreadPoolExecutor.runWorker(ThreadPoolExecutor.java:1095)
	at java.base/java.util.concurrent.ThreadPoolExecutor$Worker.run(ThreadPoolExecutor.java:619)
	at java.base/java.lang.Thread.run(Thread.java:1447)
Caused by: java.lang.ArrayIndexOutOfBoundsException

2025.10.07 10:16:35 INFO  no build target found for C:\Users\panlu\Documents\Cours\M1_Mod_Archi_Patrons_Concep\app\src\main\java\org\example\tds\td3\conception\Hand.java. Using fallback presentation compiler.
2025.10.07 10:16:35 INFO  no build target found for C:\Users\panlu\Documents\Cours\M1_Mod_Archi_Patrons_Concep\app\src\main\java\org\example\tds\td3\conception\Hand.java. Using fallback presentation compiler.
2025.10.07 10:16:35 INFO  no build target found for C:\Users\panlu\Documents\Cours\M1_Mod_Archi_Patrons_Concep\app\src\main\java\org\example\tds\td3\conception\Hand.java. Using fallback presentation compiler.
2025.10.07 10:16:35 INFO  no build target found for C:\Users\panlu\Documents\Cours\M1_Mod_Archi_Patrons_Concep\app\src\main\java\org\example\tds\td3\conception\Hand.java. Using fallback presentation compiler.
oct. 07, 2025 10:16:36 A.M. org.eclipse.lsp4j.jsonrpc.RemoteEndpoint fallbackResponseError
SEVERE: Internal error: java.lang.ArrayIndexOutOfBoundsException
java.util.concurrent.CompletionException: java.lang.ArrayIndexOutOfBoundsException
	at java.base/java.util.concurrent.CompletableFuture.wrapInCompletionException(CompletableFuture.java:325)
	at java.base/java.util.concurrent.CompletableFuture.encodeThrowable(CompletableFuture.java:378)
	at java.base/java.util.concurrent.CompletableFuture.completeThrowable(CompletableFuture.java:393)
	at java.base/java.util.concurrent.CompletableFuture$UniAccept.tryFire(CompletableFuture.java:754)
	at java.base/java.util.concurrent.CompletableFuture.postComplete(CompletableFuture.java:556)
	at java.base/java.util.concurrent.CompletableFuture.completeExceptionally(CompletableFuture.java:2246)
	at scala.meta.internal.metals.CancelTokens$.$anonfun$future$1(CancelTokens.scala:40)
	at scala.meta.internal.metals.CancelTokens$.$anonfun$future$1$adapted(CancelTokens.scala:38)
	at scala.concurrent.impl.Promise$Transformation.run(Promise.scala:484)
	at java.base/java.util.concurrent.ThreadPoolExecutor.runWorker(ThreadPoolExecutor.java:1095)
	at java.base/java.util.concurrent.ThreadPoolExecutor$Worker.run(ThreadPoolExecutor.java:619)
	at java.base/java.lang.Thread.run(Thread.java:1447)
Caused by: java.lang.ArrayIndexOutOfBoundsException

2025.10.07 10:16:36 INFO  no build target found for C:\Users\panlu\Documents\Cours\M1_Mod_Archi_Patrons_Concep\app\src\main\java\org\example\tds\td3\conception\Hand.java. Using fallback presentation compiler.
oct. 07, 2025 10:16:37 A.M. org.eclipse.lsp4j.jsonrpc.RemoteEndpoint fallbackResponseError
SEVERE: Internal error: java.lang.ArrayIndexOutOfBoundsException
java.util.concurrent.CompletionException: java.lang.ArrayIndexOutOfBoundsException
	at java.base/java.util.concurrent.CompletableFuture.wrapInCompletionException(CompletableFuture.java:325)
	at java.base/java.util.concurrent.CompletableFuture.encodeThrowable(CompletableFuture.java:378)
	at java.base/java.util.concurrent.CompletableFuture.completeThrowable(CompletableFuture.java:393)
	at java.base/java.util.concurrent.CompletableFuture$UniAccept.tryFire(CompletableFuture.java:754)
	at java.base/java.util.concurrent.CompletableFuture.postComplete(CompletableFuture.java:556)
	at java.base/java.util.concurrent.CompletableFuture.completeExceptionally(CompletableFuture.java:2246)
	at scala.meta.internal.metals.CancelTokens$.$anonfun$future$1(CancelTokens.scala:40)
	at scala.meta.internal.metals.CancelTokens$.$anonfun$future$1$adapted(CancelTokens.scala:38)
	at scala.concurrent.impl.Promise$Transformation.run(Promise.scala:484)
	at java.base/java.util.concurrent.ThreadPoolExecutor.runWorker(ThreadPoolExecutor.java:1095)
	at java.base/java.util.concurrent.ThreadPoolExecutor$Worker.run(ThreadPoolExecutor.java:619)
	at java.base/java.lang.Thread.run(Thread.java:1447)
Caused by: java.lang.ArrayIndexOutOfBoundsException

2025.10.07 10:16:38 INFO  no build target found for C:\Users\panlu\Documents\Cours\M1_Mod_Archi_Patrons_Concep\app\src\main\java\org\example\tds\td3\conception\Hand.java. Using fallback presentation compiler.
2025.10.07 10:16:38 INFO  no build target found for C:\Users\panlu\Documents\Cours\M1_Mod_Archi_Patrons_Concep\app\src\main\java\org\example\tds\td3\conception\Hand.java. Using fallback presentation compiler.
oct. 07, 2025 10:16:38 A.M. org.eclipse.lsp4j.jsonrpc.RemoteEndpoint fallbackResponseError
SEVERE: Internal error: null
java.lang.ArrayIndexOutOfBoundsException

oct. 07, 2025 10:16:38 A.M. org.eclipse.lsp4j.jsonrpc.RemoteEndpoint fallbackResponseError
SEVERE: Internal error: null
java.lang.ArrayIndexOutOfBoundsException

2025.10.07 10:16:39 INFO  no build target found for C:\Users\panlu\Documents\Cours\M1_Mod_Archi_Patrons_Concep\app\src\main\java\org\example\tds\td3\conception\Hand.java. Using fallback presentation compiler.
2025.10.07 10:16:39 INFO  no build target found for C:\Users\panlu\Documents\Cours\M1_Mod_Archi_Patrons_Concep\app\src\main\java\org\example\tds\td3\conception\Hand.java. Using fallback presentation compiler.
2025.10.07 10:16:39 INFO  no build target found for C:\Users\panlu\Documents\Cours\M1_Mod_Archi_Patrons_Concep\app\src\main\java\org\example\tds\td3\conception\Hand.java. Using fallback presentation compiler.
2025.10.07 10:16:41 INFO  no build target found for C:\Users\panlu\Documents\Cours\M1_Mod_Archi_Patrons_Concep\app\src\main\java\org\example\tds\td3\conception\Hand.java. Using fallback presentation compiler.
2025.10.07 10:16:41 INFO  no build target found for C:\Users\panlu\Documents\Cours\M1_Mod_Archi_Patrons_Concep\app\src\main\java\org\example\tds\td3\conception\Hand.java. Using fallback presentation compiler.
2025.10.07 10:16:41 INFO  no build target found for C:\Users\panlu\Documents\Cours\M1_Mod_Archi_Patrons_Concep\app\src\main\java\org\example\tds\td3\conception\Hand.java. Using fallback presentation compiler.
2025.10.07 10:16:51 INFO  no build target found for C:\Users\panlu\Documents\Cours\M1_Mod_Archi_Patrons_Concep\app\src\main\java\org\example\tds\td3\conception\Hand.java. Using fallback presentation compiler.
2025.10.07 10:16:51 INFO  no build target found for C:\Users\panlu\Documents\Cours\M1_Mod_Archi_Patrons_Concep\app\src\main\java\org\example\tds\td3\conception\Hand.java. Using fallback presentation compiler.
2025.10.07 10:16:51 INFO  no build target found for C:\Users\panlu\Documents\Cours\M1_Mod_Archi_Patrons_Concep\app\src\main\java\org\example\tds\td3\conception\Hand.java. Using fallback presentation compiler.
oct. 07, 2025 10:16:51 A.M. org.eclipse.lsp4j.jsonrpc.RemoteEndpoint handleCancellation
WARNING: Unmatched cancel notification for request id 3294
2025.10.07 10:16:51 INFO  no build target found for C:\Users\panlu\Documents\Cours\M1_Mod_Archi_Patrons_Concep\app\src\main\java\org\example\tds\td3\conception\Hand.java. Using fallback presentation compiler.
2025.10.07 10:16:51 INFO  no build target found for C:\Users\panlu\Documents\Cours\M1_Mod_Archi_Patrons_Concep\app\src\main\java\org\example\tds\td3\conception\Hand.java. Using fallback presentation compiler.
2025.10.07 10:16:51 INFO  no build target found for C:\Users\panlu\Documents\Cours\M1_Mod_Archi_Patrons_Concep\app\src\main\java\org\example\tds\td3\conception\Hand.java. Using fallback presentation compiler.
2025.10.07 10:16:51 INFO  no build target found for C:\Users\panlu\Documents\Cours\M1_Mod_Archi_Patrons_Concep\app\src\main\java\org\example\tds\td3\conception\Hand.java. Using fallback presentation compiler.
2025.10.07 10:16:51 INFO  no build target found for C:\Users\panlu\Documents\Cours\M1_Mod_Archi_Patrons_Concep\app\src\main\java\org\example\tds\td3\conception\Hand.java. Using fallback presentation compiler.
2025.10.07 10:16:51 INFO  no build target found for C:\Users\panlu\Documents\Cours\M1_Mod_Archi_Patrons_Concep\app\src\main\java\org\example\tds\td3\conception\Hand.java. Using fallback presentation compiler.
oct. 07, 2025 10:16:51 A.M. org.eclipse.lsp4j.jsonrpc.RemoteEndpoint handleCancellation
WARNING: Unmatched cancel notification for request id 3300
2025.10.07 10:16:51 INFO  no build target found for C:\Users\panlu\Documents\Cours\M1_Mod_Archi_Patrons_Concep\app\src\main\java\org\example\tds\td3\conception\Hand.java. Using fallback presentation compiler.
oct. 07, 2025 10:16:51 A.M. org.eclipse.lsp4j.jsonrpc.RemoteEndpoint handleCancellation
WARNING: Unmatched cancel notification for request id 3301
2025.10.07 10:16:51 INFO  no build target found for C:\Users\panlu\Documents\Cours\M1_Mod_Archi_Patrons_Concep\app\src\main\java\org\example\tds\td3\conception\Hand.java. Using fallback presentation compiler.
oct. 07, 2025 10:16:51 A.M. org.eclipse.lsp4j.jsonrpc.RemoteEndpoint handleCancellation
WARNING: Unmatched cancel notification for request id 3302
2025.10.07 10:16:51 INFO  no build target found for C:\Users\panlu\Documents\Cours\M1_Mod_Archi_Patrons_Concep\app\src\main\java\org\example\tds\td3\conception\Hand.java. Using fallback presentation compiler.
2025.10.07 10:16:51 INFO  no build target found for C:\Users\panlu\Documents\Cours\M1_Mod_Archi_Patrons_Concep\app\src\main\java\org\example\tds\td3\conception\Hand.java. Using fallback presentation compiler.
2025.10.07 10:16:51 INFO  no build target found for C:\Users\panlu\Documents\Cours\M1_Mod_Archi_Patrons_Concep\app\src\main\java\org\example\tds\td3\conception\Hand.java. Using fallback presentation compiler.
2025.10.07 10:16:51 INFO  no build target found for C:\Users\panlu\Documents\Cours\M1_Mod_Archi_Patrons_Concep\app\src\main\java\org\example\tds\td3\conception\Hand.java. Using fallback presentation compiler.
2025.10.07 10:16:51 INFO  no build target found for C:\Users\panlu\Documents\Cours\M1_Mod_Archi_Patrons_Concep\app\src\main\java\org\example\tds\td3\conception\Hand.java. Using fallback presentation compiler.
oct. 07, 2025 10:16:52 A.M. org.eclipse.lsp4j.jsonrpc.RemoteEndpoint handleCancellation
WARNING: Unmatched cancel notification for request id 3307
2025.10.07 10:16:51 INFO  no build target found for C:\Users\panlu\Documents\Cours\M1_Mod_Archi_Patrons_Concep\app\src\main\java\org\example\tds\td3\conception\Hand.java. Using fallback presentation compiler.
oct. 07, 2025 10:16:52 A.M. org.eclipse.lsp4j.jsonrpc.RemoteEndpoint handleCancellation
WARNING: Unmatched cancel notification for request id 3309
2025.10.07 10:16:51 INFO  no build target found for C:\Users\panlu\Documents\Cours\M1_Mod_Archi_Patrons_Concep\app\src\main\java\org\example\tds\td3\conception\Hand.java. Using fallback presentation compiler.
oct. 07, 2025 10:16:52 A.M. org.eclipse.lsp4j.jsonrpc.RemoteEndpoint handleCancellation
WARNING: Unmatched cancel notification for request id 3310
2025.10.07 10:16:51 INFO  no build target found for C:\Users\panlu\Documents\Cours\M1_Mod_Archi_Patrons_Concep\app\src\main\java\org\example\tds\td3\conception\Hand.java. Using fallback presentation compiler.
oct. 07, 2025 10:16:52 A.M. org.eclipse.lsp4j.jsonrpc.RemoteEndpoint handleCancellation
WARNING: Unmatched cancel notification for request id 3311
2025.10.07 10:16:51 INFO  no build target found for C:\Users\panlu\Documents\Cours\M1_Mod_Archi_Patrons_Concep\app\src\main\java\org\example\tds\td3\conception\Hand.java. Using fallback presentation compiler.
oct. 07, 2025 10:16:52 A.M. org.eclipse.lsp4j.jsonrpc.RemoteEndpoint handleCancellation
WARNING: Unmatched cancel notification for request id 3312
2025.10.07 10:16:51 INFO  no build target found for C:\Users\panlu\Documents\Cours\M1_Mod_Archi_Patrons_Concep\app\src\main\java\org\example\tds\td3\conception\Hand.java. Using fallback presentation compiler.
2025.10.07 10:16:51 INFO  no build target found for C:\Users\panlu\Documents\Cours\M1_Mod_Archi_Patrons_Concep\app\src\main\java\org\example\tds\td3\conception\Hand.java. Using fallback presentation compiler.
2025.10.07 10:16:51 INFO  no build target found for C:\Users\panlu\Documents\Cours\M1_Mod_Archi_Patrons_Concep\app\src\main\java\org\example\tds\td3\conception\Hand.java. Using fallback presentation compiler.
2025.10.07 10:16:51 INFO  no build target found for C:\Users\panlu\Documents\Cours\M1_Mod_Archi_Patrons_Concep\app\src\main\java\org\example\tds\td3\conception\Hand.java. Using fallback presentation compiler.
2025.10.07 10:16:52 INFO  no build target found for C:\Users\panlu\Documents\Cours\M1_Mod_Archi_Patrons_Concep\app\src\main\java\org\example\tds\td3\conception\Hand.java. Using fallback presentation compiler.
2025.10.07 10:16:51 INFO  no build target found for C:\Users\panlu\Documents\Cours\M1_Mod_Archi_Patrons_Concep\app\src\main\java\org\example\tds\td3\conception\Hand.java. Using fallback presentation compiler.
2025.10.07 10:16:52 INFO  no build target found for C:\Users\panlu\Documents\Cours\M1_Mod_Archi_Patrons_Concep\app\src\main\java\org\example\tds\td3\conception\Hand.java. Using fallback presentation compiler.
oct. 07, 2025 10:16:52 A.M. org.eclipse.lsp4j.jsonrpc.RemoteEndpoint handleCancellation
WARNING: Unmatched cancel notification for request id 3319
2025.10.07 10:16:52 INFO  no build target found for C:\Users\panlu\Documents\Cours\M1_Mod_Archi_Patrons_Concep\app\src\main\java\org\example\tds\td3\conception\Hand.java. Using fallback presentation compiler.
2025.10.07 10:16:52 INFO  no build target found for C:\Users\panlu\Documents\Cours\M1_Mod_Archi_Patrons_Concep\app\src\main\java\org\example\tds\td3\conception\Hand.java. Using fallback presentation compiler.
2025.10.07 10:16:52 INFO  no build target found for C:\Users\panlu\Documents\Cours\M1_Mod_Archi_Patrons_Concep\app\src\main\java\org\example\tds\td3\conception\Hand.java. Using fallback presentation compiler.
2025.10.07 10:16:52 INFO  no build target found for C:\Users\panlu\Documents\Cours\M1_Mod_Archi_Patrons_Concep\app\src\main\java\org\example\tds\td3\conception\Hand.java. Using fallback presentation compiler.
2025.10.07 10:16:52 INFO  no build target found for C:\Users\panlu\Documents\Cours\M1_Mod_Archi_Patrons_Concep\app\src\main\java\org\example\tds\td3\conception\Hand.java. Using fallback presentation compiler.
2025.10.07 10:16:52 INFO  no build target found for C:\Users\panlu\Documents\Cours\M1_Mod_Archi_Patrons_Concep\app\src\main\java\org\example\tds\td3\conception\Hand.java. Using fallback presentation compiler.
oct. 07, 2025 10:16:52 A.M. org.eclipse.lsp4j.jsonrpc.RemoteEndpoint handleCancellation
WARNING: Unmatched cancel notification for request id 3325
2025.10.07 10:16:52 INFO  no build target found for C:\Users\panlu\Documents\Cours\M1_Mod_Archi_Patrons_Concep\app\src\main\java\org\example\tds\td3\conception\Hand.java. Using fallback presentation compiler.
2025.10.07 10:16:52 INFO  no build target found for C:\Users\panlu\Documents\Cours\M1_Mod_Archi_Patrons_Concep\app\src\main\java\org\example\tds\td3\conception\Hand.java. Using fallback presentation compiler.
2025.10.07 10:16:52 INFO  no build target found for C:\Users\panlu\Documents\Cours\M1_Mod_Archi_Patrons_Concep\app\src\main\java\org\example\tds\td3\conception\Hand.java. Using fallback presentation compiler.
2025.10.07 10:16:52 INFO  no build target found for C:\Users\panlu\Documents\Cours\M1_Mod_Archi_Patrons_Concep\app\src\main\java\org\example\tds\td3\conception\Hand.java. Using fallback presentation compiler.
2025.10.07 10:16:52 INFO  no build target found for C:\Users\panlu\Documents\Cours\M1_Mod_Archi_Patrons_Concep\app\src\main\java\org\example\tds\td3\conception\Hand.java. Using fallback presentation compiler.
2025.10.07 10:16:52 INFO  no build target found for C:\Users\panlu\Documents\Cours\M1_Mod_Archi_Patrons_Concep\app\src\main\java\org\example\tds\td3\conception\Hand.java. Using fallback presentation compiler.
2025.10.07 10:16:52 INFO  no build target found for C:\Users\panlu\Documents\Cours\M1_Mod_Archi_Patrons_Concep\app\src\main\java\org\example\tds\td3\conception\Hand.java. Using fallback presentation compiler.
2025.10.07 10:16:52 INFO  no build target found for C:\Users\panlu\Documents\Cours\M1_Mod_Archi_Patrons_Concep\app\src\main\java\org\example\tds\td3\conception\Hand.java. Using fallback presentation compiler.
oct. 07, 2025 10:16:52 A.M. org.eclipse.lsp4j.jsonrpc.RemoteEndpoint handleCancellation
WARNING: Unmatched cancel notification for request id 3333
2025.10.07 10:16:52 INFO  no build target found for C:\Users\panlu\Documents\Cours\M1_Mod_Archi_Patrons_Concep\app\src\main\java\org\example\tds\td3\conception\Hand.java. Using fallback presentation compiler.
oct. 07, 2025 10:16:52 A.M. org.eclipse.lsp4j.jsonrpc.RemoteEndpoint handleCancellation
WARNING: Unmatched cancel notification for request id 3334
2025.10.07 10:16:52 INFO  no build target found for C:\Users\panlu\Documents\Cours\M1_Mod_Archi_Patrons_Concep\app\src\main\java\org\example\tds\td3\conception\Hand.java. Using fallback presentation compiler.
2025.10.07 10:16:52 INFO  no build target found for C:\Users\panlu\Documents\Cours\M1_Mod_Archi_Patrons_Concep\app\src\main\java\org\example\tds\td3\conception\Hand.java. Using fallback presentation compiler.
2025.10.07 10:16:52 INFO  no build target found for C:\Users\panlu\Documents\Cours\M1_Mod_Archi_Patrons_Concep\app\src\main\java\org\example\tds\td3\conception\Hand.java. Using fallback presentation compiler.
oct. 07, 2025 10:16:53 A.M. org.eclipse.lsp4j.jsonrpc.RemoteEndpoint handleCancellation
WARNING: Unmatched cancel notification for request id 3337
2025.10.07 10:16:52 INFO  no build target found for C:\Users\panlu\Documents\Cours\M1_Mod_Archi_Patrons_Concep\app\src\main\java\org\example\tds\td3\conception\Hand.java. Using fallback presentation compiler.
2025.10.07 10:16:52 INFO  no build target found for C:\Users\panlu\Documents\Cours\M1_Mod_Archi_Patrons_Concep\app\src\main\java\org\example\tds\td3\conception\Hand.java. Using fallback presentation compiler.
2025.10.07 10:16:52 INFO  no build target found for C:\Users\panlu\Documents\Cours\M1_Mod_Archi_Patrons_Concep\app\src\main\java\org\example\tds\td3\conception\Hand.java. Using fallback presentation compiler.
2025.10.07 10:16:52 INFO  no build target found for C:\Users\panlu\Documents\Cours\M1_Mod_Archi_Patrons_Concep\app\src\main\java\org\example\tds\td3\conception\Hand.java. Using fallback presentation compiler.
2025.10.07 10:16:52 INFO  no build target found for C:\Users\panlu\Documents\Cours\M1_Mod_Archi_Patrons_Concep\app\src\main\java\org\example\tds\td3\conception\Hand.java. Using fallback presentation compiler.
2025.10.07 10:16:53 INFO  no build target found for C:\Users\panlu\Documents\Cours\M1_Mod_Archi_Patrons_Concep\app\src\main\java\org\example\tds\td3\conception\Hand.java. Using fallback presentation compiler.
2025.10.07 10:16:52 INFO  no build target found for C:\Users\panlu\Documents\Cours\M1_Mod_Archi_Patrons_Concep\app\src\main\java\org\example\tds\td3\conception\Hand.java. Using fallback presentation compiler.
2025.10.07 10:16:53 INFO  no build target found for C:\Users\panlu\Documents\Cours\M1_Mod_Archi_Patrons_Concep\app\src\main\java\org\example\tds\td3\conception\Hand.java. Using fallback presentation compiler.
2025.10.07 10:16:53 INFO  no build target found for C:\Users\panlu\Documents\Cours\M1_Mod_Archi_Patrons_Concep\app\src\main\java\org\example\tds\td3\conception\Hand.java. Using fallback presentation compiler.
2025.10.07 10:16:53 INFO  no build target found for C:\Users\panlu\Documents\Cours\M1_Mod_Archi_Patrons_Concep\app\src\main\java\org\example\tds\td3\conception\Hand.java. Using fallback presentation compiler.
2025.10.07 10:16:53 INFO  no build target found for C:\Users\panlu\Documents\Cours\M1_Mod_Archi_Patrons_Concep\app\src\main\java\org\example\tds\td3\conception\Hand.java. Using fallback presentation compiler.
oct. 07, 2025 10:16:53 A.M. org.eclipse.lsp4j.jsonrpc.RemoteEndpoint handleCancellation
WARNING: Unmatched cancel notification for request id 3348
2025.10.07 10:16:53 INFO  no build target found for C:\Users\panlu\Documents\Cours\M1_Mod_Archi_Patrons_Concep\app\src\main\java\org\example\tds\td3\conception\Hand.java. Using fallback presentation compiler.
2025.10.07 10:16:53 INFO  no build target found for C:\Users\panlu\Documents\Cours\M1_Mod_Archi_Patrons_Concep\app\src\main\java\org\example\tds\td3\conception\Hand.java. Using fallback presentation compiler.
2025.10.07 10:16:53 INFO  no build target found for C:\Users\panlu\Documents\Cours\M1_Mod_Archi_Patrons_Concep\app\src\main\java\org\example\tds\td3\conception\Hand.java. Using fallback presentation compiler.
oct. 07, 2025 10:16:53 A.M. org.eclipse.lsp4j.jsonrpc.RemoteEndpoint handleCancellation
WARNING: Unmatched cancel notification for request id 3351
2025.10.07 10:16:53 INFO  no build target found for C:\Users\panlu\Documents\Cours\M1_Mod_Archi_Patrons_Concep\app\src\main\java\org\example\tds\td3\conception\Hand.java. Using fallback presentation compiler.
2025.10.07 10:16:53 INFO  no build target found for C:\Users\panlu\Documents\Cours\M1_Mod_Archi_Patrons_Concep\app\src\main\java\org\example\tds\td3\conception\Hand.java. Using fallback presentation compiler.
2025.10.07 10:16:53 INFO  no build target found for C:\Users\panlu\Documents\Cours\M1_Mod_Archi_Patrons_Concep\app\src\main\java\org\example\tds\td3\conception\Hand.java. Using fallback presentation compiler.
2025.10.07 10:16:53 INFO  no build target found for C:\Users\panlu\Documents\Cours\M1_Mod_Archi_Patrons_Concep\app\src\main\java\org\example\tds\td3\conception\Hand.java. Using fallback presentation compiler.
2025.10.07 10:16:53 INFO  no build target found for C:\Users\panlu\Documents\Cours\M1_Mod_Archi_Patrons_Concep\app\src\main\java\org\example\tds\td3\conception\Hand.java. Using fallback presentation compiler.
2025.10.07 10:16:53 INFO  no build target found for C:\Users\panlu\Documents\Cours\M1_Mod_Archi_Patrons_Concep\app\src\main\java\org\example\tds\td3\conception\Hand.java. Using fallback presentation compiler.
2025.10.07 10:16:53 INFO  no build target found for C:\Users\panlu\Documents\Cours\M1_Mod_Archi_Patrons_Concep\app\src\main\java\org\example\tds\td3\conception\Hand.java. Using fallback presentation compiler.
2025.10.07 10:16:53 INFO  no build target found for C:\Users\panlu\Documents\Cours\M1_Mod_Archi_Patrons_Concep\app\src\main\java\org\example\tds\td3\conception\Hand.java. Using fallback presentation compiler.
2025.10.07 10:16:53 INFO  no build target found for C:\Users\panlu\Documents\Cours\M1_Mod_Archi_Patrons_Concep\app\src\main\java\org\example\tds\td3\conception\Hand.java. Using fallback presentation compiler.
2025.10.07 10:16:53 INFO  no build target found for C:\Users\panlu\Documents\Cours\M1_Mod_Archi_Patrons_Concep\app\src\main\java\org\example\tds\td3\conception\Hand.java. Using fallback presentation compiler.
2025.10.07 10:16:53 INFO  no build target found for C:\Users\panlu\Documents\Cours\M1_Mod_Archi_Patrons_Concep\app\src\main\java\org\example\tds\td3\conception\Hand.java. Using fallback presentation compiler.
2025.10.07 10:16:54 INFO  no build target found for C:\Users\panlu\Documents\Cours\M1_Mod_Archi_Patrons_Concep\app\src\main\java\org\example\tds\td3\conception\Hand.java. Using fallback presentation compiler.
2025.10.07 10:16:53 INFO  no build target found for C:\Users\panlu\Documents\Cours\M1_Mod_Archi_Patrons_Concep\app\src\main\java\org\example\tds\td3\conception\Hand.java. Using fallback presentation compiler.
2025.10.07 10:16:54 INFO  no build target found for C:\Users\panlu\Documents\Cours\M1_Mod_Archi_Patrons_Concep\app\src\main\java\org\example\tds\td3\conception\Hand.java. Using fallback presentation compiler.
2025.10.07 10:16:54 INFO  no build target found for C:\Users\panlu\Documents\Cours\M1_Mod_Archi_Patrons_Concep\app\src\main\java\org\example\tds\td3\conception\Hand.java. Using fallback presentation compiler.
2025.10.07 10:16:54 INFO  no build target found for C:\Users\panlu\Documents\Cours\M1_Mod_Archi_Patrons_Concep\app\src\main\java\org\example\tds\td3\conception\Hand.java. Using fallback presentation compiler.
2025.10.07 10:16:54 INFO  no build target found for C:\Users\panlu\Documents\Cours\M1_Mod_Archi_Patrons_Concep\app\src\main\java\org\example\tds\td3\conception\Hand.java. Using fallback presentation compiler.
2025.10.07 10:16:54 INFO  no build target found for C:\Users\panlu\Documents\Cours\M1_Mod_Archi_Patrons_Concep\app\src\main\java\org\example\tds\td3\conception\Hand.java. Using fallback presentation compiler.
2025.10.07 10:16:54 INFO  no build target found for C:\Users\panlu\Documents\Cours\M1_Mod_Archi_Patrons_Concep\app\src\main\java\org\example\tds\td3\conception\Hand.java. Using fallback presentation compiler.
2025.10.07 10:16:54 INFO  no build target found for C:\Users\panlu\Documents\Cours\M1_Mod_Archi_Patrons_Concep\app\src\main\java\org\example\tds\td3\conception\Hand.java. Using fallback presentation compiler.
2025.10.07 10:16:54 INFO  no build target found for C:\Users\panlu\Documents\Cours\M1_Mod_Archi_Patrons_Concep\app\src\main\java\org\example\tds\td3\conception\Hand.java. Using fallback presentation compiler.
2025.10.07 10:16:54 INFO  no build target found for C:\Users\panlu\Documents\Cours\M1_Mod_Archi_Patrons_Concep\app\src\main\java\org\example\tds\td3\conception\Hand.java. Using fallback presentation compiler.
oct. 07, 2025 10:16:54 A.M. org.eclipse.lsp4j.jsonrpc.RemoteEndpoint handleCancellation
WARNING: Unmatched cancel notification for request id 3373
2025.10.07 10:16:54 INFO  no build target found for C:\Users\panlu\Documents\Cours\M1_Mod_Archi_Patrons_Concep\app\src\main\java\org\example\tds\td3\conception\Hand.java. Using fallback presentation compiler.
2025.10.07 10:16:54 INFO  no build target found for C:\Users\panlu\Documents\Cours\M1_Mod_Archi_Patrons_Concep\app\src\main\java\org\example\tds\td3\conception\Hand.java. Using fallback presentation compiler.
2025.10.07 10:16:54 INFO  no build target found for C:\Users\panlu\Documents\Cours\M1_Mod_Archi_Patrons_Concep\app\src\main\java\org\example\tds\td3\conception\Hand.java. Using fallback presentation compiler.
2025.10.07 10:16:54 INFO  no build target found for C:\Users\panlu\Documents\Cours\M1_Mod_Archi_Patrons_Concep\app\src\main\java\org\example\tds\td3\conception\Hand.java. Using fallback presentation compiler.
2025.10.07 10:16:55 INFO  no build target found for C:\Users\panlu\Documents\Cours\M1_Mod_Archi_Patrons_Concep\app\src\main\java\org\example\tds\td3\conception\Hand.java. Using fallback presentation compiler.
2025.10.07 10:16:54 INFO  no build target found for C:\Users\panlu\Documents\Cours\M1_Mod_Archi_Patrons_Concep\app\src\main\java\org\example\tds\td3\conception\Hand.java. Using fallback presentation compiler.
2025.10.07 10:16:54 INFO  no build target found for C:\Users\panlu\Documents\Cours\M1_Mod_Archi_Patrons_Concep\app\src\main\java\org\example\tds\td3\conception\Hand.java. Using fallback presentation compiler.
oct. 07, 2025 10:16:55 A.M. org.eclipse.lsp4j.jsonrpc.RemoteEndpoint handleCancellation
WARNING: Unmatched cancel notification for request id 3379
2025.10.07 10:16:54 INFO  no build target found for C:\Users\panlu\Documents\Cours\M1_Mod_Archi_Patrons_Concep\app\src\main\java\org\example\tds\td3\conception\Hand.java. Using fallback presentation compiler.
2025.10.07 10:16:54 INFO  no build target found for C:\Users\panlu\Documents\Cours\M1_Mod_Archi_Patrons_Concep\app\src\main\java\org\example\tds\td3\conception\Hand.java. Using fallback presentation compiler.
2025.10.07 10:16:55 INFO  no build target found for C:\Users\panlu\Documents\Cours\M1_Mod_Archi_Patrons_Concep\app\src\main\java\org\example\tds\td3\conception\Hand.java. Using fallback presentation compiler.
2025.10.07 10:16:54 INFO  no build target found for C:\Users\panlu\Documents\Cours\M1_Mod_Archi_Patrons_Concep\app\src\main\java\org\example\tds\td3\conception\Hand.java. Using fallback presentation compiler.
oct. 07, 2025 10:16:55 A.M. org.eclipse.lsp4j.jsonrpc.RemoteEndpoint handleCancellation
WARNING: Unmatched cancel notification for request id 3383
2025.10.07 10:16:54 INFO  no build target found for C:\Users\panlu\Documents\Cours\M1_Mod_Archi_Patrons_Concep\app\src\main\java\org\example\tds\td3\conception\Hand.java. Using fallback presentation compiler.
2025.10.07 10:16:55 INFO  no build target found for C:\Users\panlu\Documents\Cours\M1_Mod_Archi_Patrons_Concep\app\src\main\java\org\example\tds\td3\conception\Hand.java. Using fallback presentation compiler.
2025.10.07 10:16:55 INFO  no build target found for C:\Users\panlu\Documents\Cours\M1_Mod_Archi_Patrons_Concep\app\src\main\java\org\example\tds\td3\conception\Hand.java. Using fallback presentation compiler.
2025.10.07 10:16:55 INFO  no build target found for C:\Users\panlu\Documents\Cours\M1_Mod_Archi_Patrons_Concep\app\src\main\java\org\example\tds\td3\conception\Hand.java. Using fallback presentation compiler.
2025.10.07 10:16:55 INFO  no build target found for C:\Users\panlu\Documents\Cours\M1_Mod_Archi_Patrons_Concep\app\src\main\java\org\example\tds\td3\conception\Hand.java. Using fallback presentation compiler.
2025.10.07 10:16:56 WARN  no build target for: C:\Users\panlu\Documents\Cours\M1_Mod_Archi_Patrons_Concep\app\src\main\java\org\example\tds\td3\conception\Hand.java
2025.10.07 10:16:56 INFO  no build target found for C:\Users\panlu\Documents\Cours\M1_Mod_Archi_Patrons_Concep\app\src\main\java\org\example\tds\td3\conception\Hand.java. Using fallback presentation compiler.
2025.10.07 10:16:58 INFO  no build target found for C:\Users\panlu\Documents\Cours\M1_Mod_Archi_Patrons_Concep\app\src\main\java\org\example\tds\td3\conception\Hand.java. Using fallback presentation compiler.
2025.10.07 10:17:02 INFO  no build target found for C:\Users\panlu\Documents\Cours\M1_Mod_Archi_Patrons_Concep\app\src\main\java\org\example\tds\td3\conception\Hand.java. Using fallback presentation compiler.
2025.10.07 10:17:02 INFO  no build target found for C:\Users\panlu\Documents\Cours\M1_Mod_Archi_Patrons_Concep\app\src\main\java\org\example\tds\td3\conception\Hand.java. Using fallback presentation compiler.
2025.10.07 10:17:04 INFO  no build target found for C:\Users\panlu\Documents\Cours\M1_Mod_Archi_Patrons_Concep\app\src\main\java\org\example\tds\td3\conception\Hand.java. Using fallback presentation compiler.
2025.10.07 10:17:07 INFO  no build target found for C:\Users\panlu\Documents\Cours\M1_Mod_Archi_Patrons_Concep\app\src\main\java\org\example\tds\td3\conception\Hand.java. Using fallback presentation compiler.
2025.10.07 10:17:07 INFO  no build target found for C:\Users\panlu\Documents\Cours\M1_Mod_Archi_Patrons_Concep\app\src\main\java\org\example\tds\td3\conception\Hand.java. Using fallback presentation compiler.
2025.10.07 10:17:07 INFO  no build target found for C:\Users\panlu\Documents\Cours\M1_Mod_Archi_Patrons_Concep\app\src\main\java\org\example\tds\td3\conception\Hand.java. Using fallback presentation compiler.
2025.10.07 10:17:08 INFO  no build target found for C:\Users\panlu\Documents\Cours\M1_Mod_Archi_Patrons_Concep\app\src\main\java\org\example\tds\td3\conception\Hand.java. Using fallback presentation compiler.
2025.10.07 10:17:08 INFO  no build target found for C:\Users\panlu\Documents\Cours\M1_Mod_Archi_Patrons_Concep\app\src\main\java\org\example\tds\td3\conception\Hand.java. Using fallback presentation compiler.
2025.10.07 10:17:10 INFO  no build target found for C:\Users\panlu\Documents\Cours\M1_Mod_Archi_Patrons_Concep\app\src\main\java\org\example\tds\td3\conception\Hand.java. Using fallback presentation compiler.
2025.10.07 10:17:11 INFO  no build target found for C:\Users\panlu\Documents\Cours\M1_Mod_Archi_Patrons_Concep\app\src\main\java\org\example\tds\td3\conception\Hand.java. Using fallback presentation compiler.
2025.10.07 10:17:13 INFO  no build target found for C:\Users\panlu\Documents\Cours\M1_Mod_Archi_Patrons_Concep\app\src\main\java\org\example\tds\td3\conception\Hand.java. Using fallback presentation compiler.
2025.10.07 10:17:13 INFO  no build target found for C:\Users\panlu\Documents\Cours\M1_Mod_Archi_Patrons_Concep\app\src\main\java\org\example\tds\td3\conception\Hand.java. Using fallback presentation compiler.
2025.10.07 10:17:13 INFO  no build target found for C:\Users\panlu\Documents\Cours\M1_Mod_Archi_Patrons_Concep\app\src\main\java\org\example\tds\td3\conception\Hand.java. Using fallback presentation compiler.
2025.10.07 10:17:13 INFO  no build target found for C:\Users\panlu\Documents\Cours\M1_Mod_Archi_Patrons_Concep\app\src\main\java\org\example\tds\td3\conception\Hand.java. Using fallback presentation compiler.
2025.10.07 10:17:14 INFO  no build target found for C:\Users\panlu\Documents\Cours\M1_Mod_Archi_Patrons_Concep\app\src\main\java\org\example\tds\td3\conception\Hand.java. Using fallback presentation compiler.
2025.10.07 10:17:14 INFO  no build target found for C:\Users\panlu\Documents\Cours\M1_Mod_Archi_Patrons_Concep\app\src\main\java\org\example\tds\td3\conception\Hand.java. Using fallback presentation compiler.
2025.10.07 10:17:14 INFO  no build target found for C:\Users\panlu\Documents\Cours\M1_Mod_Archi_Patrons_Concep\app\src\main\java\org\example\tds\td3\conception\Hand.java. Using fallback presentation compiler.
2025.10.07 10:17:16 INFO  no build target found for C:\Users\panlu\Documents\Cours\M1_Mod_Archi_Patrons_Concep\app\src\main\java\org\example\tds\td3\conception\Hand.java. Using fallback presentation compiler.
2025.10.07 10:17:16 INFO  no build target found for C:\Users\panlu\Documents\Cours\M1_Mod_Archi_Patrons_Concep\app\src\main\java\org\example\tds\td3\conception\Hand.java. Using fallback presentation compiler.
2025.10.07 10:17:16 INFO  no build target found for C:\Users\panlu\Documents\Cours\M1_Mod_Archi_Patrons_Concep\app\src\main\java\org\example\tds\td3\conception\Hand.java. Using fallback presentation compiler.
2025.10.07 10:17:17 INFO  no build target found for C:\Users\panlu\Documents\Cours\M1_Mod_Archi_Patrons_Concep\app\src\main\java\org\example\tds\td3\conception\Hand.java. Using fallback presentation compiler.
2025.10.07 10:17:17 INFO  no build target found for C:\Users\panlu\Documents\Cours\M1_Mod_Archi_Patrons_Concep\app\src\main\java\org\example\tds\td3\conception\Hand.java. Using fallback presentation compiler.
2025.10.07 10:17:17 INFO  no build target found for C:\Users\panlu\Documents\Cours\M1_Mod_Archi_Patrons_Concep\app\src\main\java\org\example\tds\td3\conception\Hand.java. Using fallback presentation compiler.
2025.10.07 10:17:17 INFO  no build target found for C:\Users\panlu\Documents\Cours\M1_Mod_Archi_Patrons_Concep\app\src\main\java\org\example\tds\td3\conception\Hand.java. Using fallback presentation compiler.
2025.10.07 10:17:17 INFO  no build target found for C:\Users\panlu\Documents\Cours\M1_Mod_Archi_Patrons_Concep\app\src\main\java\org\example\tds\td3\conception\Hand.java. Using fallback presentation compiler.
2025.10.07 10:17:18 INFO  no build target found for C:\Users\panlu\Documents\Cours\M1_Mod_Archi_Patrons_Concep\app\src\main\java\org\example\tds\td3\conception\Hand.java. Using fallback presentation compiler.
2025.10.07 10:17:18 INFO  no build target found for C:\Users\panlu\Documents\Cours\M1_Mod_Archi_Patrons_Concep\app\src\main\java\org\example\tds\td3\conception\Hand.java. Using fallback presentation compiler.
2025.10.07 10:17:18 INFO  no build target found for C:\Users\panlu\Documents\Cours\M1_Mod_Archi_Patrons_Concep\app\src\main\java\org\example\tds\td3\conception\Hand.java. Using fallback presentation compiler.
2025.10.07 10:17:18 INFO  no build target found for C:\Users\panlu\Documents\Cours\M1_Mod_Archi_Patrons_Concep\app\src\main\java\org\example\tds\td3\conception\Hand.java. Using fallback presentation compiler.
2025.10.07 10:17:18 INFO  no build target found for C:\Users\panlu\Documents\Cours\M1_Mod_Archi_Patrons_Concep\app\src\main\java\org\example\tds\td3\conception\Hand.java. Using fallback presentation compiler.
2025.10.07 10:17:18 INFO  no build target found for C:\Users\panlu\Documents\Cours\M1_Mod_Archi_Patrons_Concep\app\src\main\java\org\example\tds\td3\conception\Hand.java. Using fallback presentation compiler.
2025.10.07 10:17:18 INFO  no build target found for C:\Users\panlu\Documents\Cours\M1_Mod_Archi_Patrons_Concep\app\src\main\java\org\example\tds\td3\conception\Hand.java. Using fallback presentation compiler.
2025.10.07 10:17:18 INFO  no build target found for C:\Users\panlu\Documents\Cours\M1_Mod_Archi_Patrons_Concep\app\src\main\java\org\example\tds\td3\conception\Hand.java. Using fallback presentation compiler.
2025.10.07 10:17:18 INFO  no build target found for C:\Users\panlu\Documents\Cours\M1_Mod_Archi_Patrons_Concep\app\src\main\java\org\example\tds\td3\conception\Hand.java. Using fallback presentation compiler.
2025.10.07 10:17:19 INFO  no build target found for C:\Users\panlu\Documents\Cours\M1_Mod_Archi_Patrons_Concep\app\src\main\java\org\example\tds\td3\conception\Hand.java. Using fallback presentation compiler.
2025.10.07 10:17:19 INFO  no build target found for C:\Users\panlu\Documents\Cours\M1_Mod_Archi_Patrons_Concep\app\src\main\java\org\example\tds\td3\conception\Hand.java. Using fallback presentation compiler.
2025.10.07 10:17:19 INFO  no build target found for C:\Users\panlu\Documents\Cours\M1_Mod_Archi_Patrons_Concep\app\src\main\java\org\example\tds\td3\conception\Hand.java. Using fallback presentation compiler.
2025.10.07 10:17:19 INFO  no build target found for C:\Users\panlu\Documents\Cours\M1_Mod_Archi_Patrons_Concep\app\src\main\java\org\example\tds\td3\conception\Hand.java. Using fallback presentation compiler.
2025.10.07 10:17:19 INFO  no build target found for C:\Users\panlu\Documents\Cours\M1_Mod_Archi_Patrons_Concep\app\src\main\java\org\example\tds\td3\conception\Hand.java. Using fallback presentation compiler.
2025.10.07 10:17:20 INFO  no build target found for C:\Users\panlu\Documents\Cours\M1_Mod_Archi_Patrons_Concep\app\src\main\java\org\example\tds\td3\conception\Hand.java. Using fallback presentation compiler.
2025.10.07 10:17:20 INFO  no build target found for C:\Users\panlu\Documents\Cours\M1_Mod_Archi_Patrons_Concep\app\src\main\java\org\example\tds\td3\conception\Hand.java. Using fallback presentation compiler.
2025.10.07 10:17:21 WARN  no build target for: C:\Users\panlu\Documents\Cours\M1_Mod_Archi_Patrons_Concep\app\src\main\java\org\example\tds\td3\conception\Hand.java
2025.10.07 10:17:21 INFO  no build target found for C:\Users\panlu\Documents\Cours\M1_Mod_Archi_Patrons_Concep\app\src\main\java\org\example\tds\td3\conception\Hand.java. Using fallback presentation compiler.
2025.10.07 10:17:21 INFO  no build target found for C:\Users\panlu\Documents\Cours\M1_Mod_Archi_Patrons_Concep\app\src\main\java\org\example\tds\td3\conception\Hand.java. Using fallback presentation compiler.
2025.10.07 10:17:21 INFO  no build target found for C:\Users\panlu\Documents\Cours\M1_Mod_Archi_Patrons_Concep\app\src\main\java\org\example\tds\td3\conception\Hand.java. Using fallback presentation compiler.
2025.10.07 10:17:21 INFO  no build target found for C:\Users\panlu\Documents\Cours\M1_Mod_Archi_Patrons_Concep\app\src\main\java\org\example\tds\td3\conception\Hand.java. Using fallback presentation compiler.
2025.10.07 10:17:21 INFO  no build target found for C:\Users\panlu\Documents\Cours\M1_Mod_Archi_Patrons_Concep\app\src\main\java\org\example\tds\td3\conception\Hand.java. Using fallback presentation compiler.
2025.10.07 10:17:23 INFO  no build target found for C:\Users\panlu\Documents\Cours\M1_Mod_Archi_Patrons_Concep\app\src\main\java\org\example\tds\td3\conception\Hand.java. Using fallback presentation compiler.
2025.10.07 10:17:23 INFO  no build target found for C:\Users\panlu\Documents\Cours\M1_Mod_Archi_Patrons_Concep\app\src\main\java\org\example\tds\td3\conception\Hand.java. Using fallback presentation compiler.
2025.10.07 10:17:23 INFO  no build target found for C:\Users\panlu\Documents\Cours\M1_Mod_Archi_Patrons_Concep\app\src\main\java\org\example\tds\td3\conception\Hand.java. Using fallback presentation compiler.
2025.10.07 10:17:24 INFO  no build target found for C:\Users\panlu\Documents\Cours\M1_Mod_Archi_Patrons_Concep\app\src\main\java\org\example\tds\td3\conception\Hand.java. Using fallback presentation compiler.
2025.10.07 10:17:25 INFO  no build target found for C:\Users\panlu\Documents\Cours\M1_Mod_Archi_Patrons_Concep\app\src\main\java\org\example\tds\td3\conception\Hand.java. Using fallback presentation compiler.
2025.10.07 10:17:25 INFO  no build target found for C:\Users\panlu\Documents\Cours\M1_Mod_Archi_Patrons_Concep\app\src\main\java\org\example\tds\td3\conception\Hand.java. Using fallback presentation compiler.
2025.10.07 10:17:25 INFO  no build target found for C:\Users\panlu\Documents\Cours\M1_Mod_Archi_Patrons_Concep\app\src\main\java\org\example\tds\td3\conception\Hand.java. Using fallback presentation compiler.
2025.10.07 10:17:25 INFO  no build target found for C:\Users\panlu\Documents\Cours\M1_Mod_Archi_Patrons_Concep\app\src\main\java\org\example\tds\td3\conception\Hand.java. Using fallback presentation compiler.
2025.10.07 10:17:25 INFO  no build target found for C:\Users\panlu\Documents\Cours\M1_Mod_Archi_Patrons_Concep\app\src\main\java\org\example\tds\td3\conception\Hand.java. Using fallback presentation compiler.
2025.10.07 10:17:26 WARN  no build target for: C:\Users\panlu\Documents\Cours\M1_Mod_Archi_Patrons_Concep\app\src\main\java\org\example\tds\td3\conception\Hand.java
2025.10.07 10:17:25 INFO  no build target found for C:\Users\panlu\Documents\Cours\M1_Mod_Archi_Patrons_Concep\app\src\main\java\org\example\tds\td3\conception\Hand.java. Using fallback presentation compiler.
2025.10.07 10:17:26 INFO  no build target found for C:\Users\panlu\Documents\Cours\M1_Mod_Archi_Patrons_Concep\app\src\main\java\org\example\tds\td3\conception\Hand.java. Using fallback presentation compiler.
2025.10.07 10:17:26 INFO  no build target found for C:\Users\panlu\Documents\Cours\M1_Mod_Archi_Patrons_Concep\app\src\main\java\org\example\tds\td3\conception\Hand.java. Using fallback presentation compiler.
2025.10.07 10:17:29 INFO  no build target found for C:\Users\panlu\Documents\Cours\M1_Mod_Archi_Patrons_Concep\app\src\main\java\org\example\tds\td3\conception\Hand.java. Using fallback presentation compiler.
2025.10.07 10:17:29 INFO  no build target found for C:\Users\panlu\Documents\Cours\M1_Mod_Archi_Patrons_Concep\app\src\main\java\org\example\tds\td3\conception\Hand.java. Using fallback presentation compiler.
2025.10.07 10:17:30 INFO  no build target found for C:\Users\panlu\Documents\Cours\M1_Mod_Archi_Patrons_Concep\app\src\main\java\org\example\tds\td3\conception\Hand.java. Using fallback presentation compiler.
2025.10.07 10:17:30 INFO  no build target found for C:\Users\panlu\Documents\Cours\M1_Mod_Archi_Patrons_Concep\app\src\main\java\org\example\tds\td3\conception\Hand.java. Using fallback presentation compiler.
2025.10.07 10:17:30 INFO  no build target found for C:\Users\panlu\Documents\Cours\M1_Mod_Archi_Patrons_Concep\app\src\main\java\org\example\tds\td3\conception\Hand.java. Using fallback presentation compiler.
2025.10.07 10:17:31 INFO  no build target found for C:\Users\panlu\Documents\Cours\M1_Mod_Archi_Patrons_Concep\app\src\main\java\org\example\tds\td3\conception\Hand.java. Using fallback presentation compiler.
2025.10.07 10:17:31 INFO  no build target found for C:\Users\panlu\Documents\Cours\M1_Mod_Archi_Patrons_Concep\app\src\main\java\org\example\tds\td3\conception\Hand.java. Using fallback presentation compiler.
2025.10.07 10:17:31 INFO  no build target found for C:\Users\panlu\Documents\Cours\M1_Mod_Archi_Patrons_Concep\app\src\main\java\org\example\tds\td3\conception\Hand.java. Using fallback presentation compiler.
2025.10.07 10:17:32 INFO  no build target found for C:\Users\panlu\Documents\Cours\M1_Mod_Archi_Patrons_Concep\app\src\main\java\org\example\tds\td3\conception\Hand.java. Using fallback presentation compiler.
2025.10.07 10:17:31 INFO  no build target found for C:\Users\panlu\Documents\Cours\M1_Mod_Archi_Patrons_Concep\app\src\main\java\org\example\tds\td3\conception\Hand.java. Using fallback presentation compiler.
2025.10.07 10:17:31 INFO  no build target found for C:\Users\panlu\Documents\Cours\M1_Mod_Archi_Patrons_Concep\app\src\main\java\org\example\tds\td3\conception\Hand.java. Using fallback presentation compiler.
2025.10.07 10:17:32 WARN  no build target for: C:\Users\panlu\Documents\Cours\M1_Mod_Archi_Patrons_Concep\app\src\main\java\org\example\tds\td3\conception\Hand.java
2025.10.07 10:17:32 INFO  no build target found for C:\Users\panlu\Documents\Cours\M1_Mod_Archi_Patrons_Concep\app\src\main\java\org\example\tds\td3\conception\Hand.java. Using fallback presentation compiler.
2025.10.07 10:17:32 INFO  no build target found for C:\Users\panlu\Documents\Cours\M1_Mod_Archi_Patrons_Concep\app\src\main\java\org\example\tds\td3\conception\Hand.java. Using fallback presentation compiler.
2025.10.07 10:17:32 INFO  no build target found for C:\Users\panlu\Documents\Cours\M1_Mod_Archi_Patrons_Concep\app\src\main\java\org\example\tds\td3\conception\Hand.java. Using fallback presentation compiler.
2025.10.07 10:17:32 INFO  no build target found for C:\Users\panlu\Documents\Cours\M1_Mod_Archi_Patrons_Concep\app\src\main\java\org\example\tds\td3\conception\Hand.java. Using fallback presentation compiler.
2025.10.07 10:17:34 INFO  no build target found for C:\Users\panlu\Documents\Cours\M1_Mod_Archi_Patrons_Concep\app\src\main\java\org\example\tds\td3\conception\Hand.java. Using fallback presentation compiler.
2025.10.07 10:17:34 INFO  no build target found for C:\Users\panlu\Documents\Cours\M1_Mod_Archi_Patrons_Concep\app\src\main\java\org\example\tds\td3\conception\Hand.java. Using fallback presentation compiler.
2025.10.07 10:17:34 INFO  no build target found for C:\Users\panlu\Documents\Cours\M1_Mod_Archi_Patrons_Concep\app\src\main\java\org\example\tds\td3\conception\Hand.java. Using fallback presentation compiler.
2025.10.07 10:17:34 INFO  no build target found for C:\Users\panlu\Documents\Cours\M1_Mod_Archi_Patrons_Concep\app\src\main\java\org\example\tds\td3\conception\Hand.java. Using fallback presentation compiler.
2025.10.07 10:17:34 INFO  no build target found for C:\Users\panlu\Documents\Cours\M1_Mod_Archi_Patrons_Concep\app\src\main\java\org\example\tds\td3\conception\Hand.java. Using fallback presentation compiler.
2025.10.07 10:17:34 INFO  no build target found for C:\Users\panlu\Documents\Cours\M1_Mod_Archi_Patrons_Concep\app\src\main\java\org\example\tds\td3\conception\Hand.java. Using fallback presentation compiler.
2025.10.07 10:17:34 INFO  no build target found for C:\Users\panlu\Documents\Cours\M1_Mod_Archi_Patrons_Concep\app\src\main\java\org\example\tds\td3\conception\Hand.java. Using fallback presentation compiler.
2025.10.07 10:17:34 INFO  no build target found for C:\Users\panlu\Documents\Cours\M1_Mod_Archi_Patrons_Concep\app\src\main\java\org\example\tds\td3\conception\Hand.java. Using fallback presentation compiler.
2025.10.07 10:17:34 INFO  no build target found for C:\Users\panlu\Documents\Cours\M1_Mod_Archi_Patrons_Concep\app\src\main\java\org\example\tds\td3\conception\Hand.java. Using fallback presentation compiler.
2025.10.07 10:17:34 INFO  no build target found for C:\Users\panlu\Documents\Cours\M1_Mod_Archi_Patrons_Concep\app\src\main\java\org\example\tds\td3\conception\Hand.java. Using fallback presentation compiler.
2025.10.07 10:17:35 INFO  no build target found for C:\Users\panlu\Documents\Cours\M1_Mod_Archi_Patrons_Concep\app\src\main\java\org\example\tds\td3\conception\Hand.java. Using fallback presentation compiler.
2025.10.07 10:17:35 INFO  no build target found for C:\Users\panlu\Documents\Cours\M1_Mod_Archi_Patrons_Concep\app\src\main\java\org\example\tds\td3\conception\Hand.java. Using fallback presentation compiler.
2025.10.07 10:17:35 INFO  no build target found for C:\Users\panlu\Documents\Cours\M1_Mod_Archi_Patrons_Concep\app\src\main\java\org\example\tds\td3\conception\Hand.java. Using fallback presentation compiler.
2025.10.07 10:17:36 WARN  no build target for: C:\Users\panlu\Documents\Cours\M1_Mod_Archi_Patrons_Concep\app\src\main\java\org\example\tds\td3\conception\Hand.java
2025.10.07 10:17:36 INFO  no build target found for C:\Users\panlu\Documents\Cours\M1_Mod_Archi_Patrons_Concep\app\src\main\java\org\example\tds\td3\conception\Hand.java. Using fallback presentation compiler.
2025.10.07 10:17:37 INFO  no build target found for C:\Users\panlu\Documents\Cours\M1_Mod_Archi_Patrons_Concep\app\src\main\java\org\example\tds\td3\conception\Hand.java. Using fallback presentation compiler.
2025.10.07 10:17:39 INFO  no build target found for C:\Users\panlu\Documents\Cours\M1_Mod_Archi_Patrons_Concep\app\src\main\java\org\example\tds\td3\conception\Hand.java. Using fallback presentation compiler.
2025.10.07 10:17:39 INFO  no build target found for C:\Users\panlu\Documents\Cours\M1_Mod_Archi_Patrons_Concep\app\src\main\java\org\example\tds\td3\conception\Hand.java. Using fallback presentation compiler.
2025.10.07 10:17:39 INFO  no build target found for C:\Users\panlu\Documents\Cours\M1_Mod_Archi_Patrons_Concep\app\src\main\java\org\example\tds\td3\conception\Hand.java. Using fallback presentation compiler.
2025.10.07 10:17:39 INFO  no build target found for C:\Users\panlu\Documents\Cours\M1_Mod_Archi_Patrons_Concep\app\src\main\java\org\example\tds\td3\conception\Hand.java. Using fallback presentation compiler.
2025.10.07 10:17:40 INFO  no build target found for C:\Users\panlu\Documents\Cours\M1_Mod_Archi_Patrons_Concep\app\src\main\java\org\example\tds\td3\conception\Hand.java. Using fallback presentation compiler.
2025.10.07 10:17:40 INFO  no build target found for C:\Users\panlu\Documents\Cours\M1_Mod_Archi_Patrons_Concep\app\src\main\java\org\example\tds\td3\conception\Hand.java. Using fallback presentation compiler.
2025.10.07 10:17:40 INFO  no build target found for C:\Users\panlu\Documents\Cours\M1_Mod_Archi_Patrons_Concep\app\src\main\java\org\example\tds\td3\conception\Hand.java. Using fallback presentation compiler.
2025.10.07 10:17:41 INFO  no build target found for C:\Users\panlu\Documents\Cours\M1_Mod_Archi_Patrons_Concep\app\src\main\java\org\example\tds\td3\conception\Hand.java. Using fallback presentation compiler.
2025.10.07 10:17:41 INFO  no build target found for C:\Users\panlu\Documents\Cours\M1_Mod_Archi_Patrons_Concep\app\src\main\java\org\example\tds\td3\conception\Hand.java. Using fallback presentation compiler.
2025.10.07 10:17:41 INFO  no build target found for C:\Users\panlu\Documents\Cours\M1_Mod_Archi_Patrons_Concep\app\src\main\java\org\example\tds\td3\conception\Hand.java. Using fallback presentation compiler.
2025.10.07 10:17:43 INFO  no build target found for C:\Users\panlu\Documents\Cours\M1_Mod_Archi_Patrons_Concep\app\src\main\java\org\example\tds\td3\conception\Hand.java. Using fallback presentation compiler.
2025.10.07 10:17:43 INFO  no build target found for C:\Users\panlu\Documents\Cours\M1_Mod_Archi_Patrons_Concep\app\src\main\java\org\example\tds\td3\conception\Hand.java. Using fallback presentation compiler.
2025.10.07 10:17:43 INFO  no build target found for C:\Users\panlu\Documents\Cours\M1_Mod_Archi_Patrons_Concep\app\src\main\java\org\example\tds\td3\conception\Hand.java. Using fallback presentation compiler.
2025.10.07 10:17:43 INFO  no build target found for C:\Users\panlu\Documents\Cours\M1_Mod_Archi_Patrons_Concep\app\src\main\java\org\example\tds\td3\conception\Hand.java. Using fallback presentation compiler.
2025.10.07 10:17:43 WARN  no build target for: C:\Users\panlu\Documents\Cours\M1_Mod_Archi_Patrons_Concep\app\src\main\java\org\example\tds\td3\conception\Hand.java
2025.10.07 10:17:43 INFO  no build target found for C:\Users\panlu\Documents\Cours\M1_Mod_Archi_Patrons_Concep\app\src\main\java\org\example\tds\td3\conception\Hand.java. Using fallback presentation compiler.
2025.10.07 10:17:44 INFO  no build target found for C:\Users\panlu\Documents\Cours\M1_Mod_Archi_Patrons_Concep\app\src\main\java\org\example\tds\td3\conception\Hand.java. Using fallback presentation compiler.
2025.10.07 10:17:44 INFO  no build target found for C:\Users\panlu\Documents\Cours\M1_Mod_Archi_Patrons_Concep\app\src\main\java\org\example\tds\td3\conception\Hand.java. Using fallback presentation compiler.
2025.10.07 10:17:45 INFO  no build target found for C:\Users\panlu\Documents\Cours\M1_Mod_Archi_Patrons_Concep\app\src\main\java\org\example\tds\td3\conception\Hand.java. Using fallback presentation compiler.
2025.10.07 10:17:45 INFO  no build target found for C:\Users\panlu\Documents\Cours\M1_Mod_Archi_Patrons_Concep\app\src\main\java\org\example\tds\td3\conception\Hand.java. Using fallback presentation compiler.
oct. 07, 2025 10:17:45 A.M. org.eclipse.lsp4j.jsonrpc.RemoteEndpoint handleCancellation
WARNING: Unmatched cancel notification for request id 3601
2025.10.07 10:17:47 INFO  no build target found for C:\Users\panlu\Documents\Cours\M1_Mod_Archi_Patrons_Concep\app\src\main\java\org\example\tds\td3\conception\Hand.java. Using fallback presentation compiler.
2025.10.07 10:17:47 INFO  no build target found for C:\Users\panlu\Documents\Cours\M1_Mod_Archi_Patrons_Concep\app\src\main\java\org\example\tds\td3\conception\Hand.java. Using fallback presentation compiler.
2025.10.07 10:17:48 INFO  no build target found for C:\Users\panlu\Documents\Cours\M1_Mod_Archi_Patrons_Concep\app\src\main\java\org\example\tds\td3\conception\Hand.java. Using fallback presentation compiler.
2025.10.07 10:17:48 INFO  no build target found for C:\Users\panlu\Documents\Cours\M1_Mod_Archi_Patrons_Concep\app\src\main\java\org\example\tds\td3\conception\Hand.java. Using fallback presentation compiler.
2025.10.07 10:17:48 INFO  no build target found for C:\Users\panlu\Documents\Cours\M1_Mod_Archi_Patrons_Concep\app\src\main\java\org\example\tds\td3\conception\Hand.java. Using fallback presentation compiler.
2025.10.07 10:17:48 INFO  no build target found for C:\Users\panlu\Documents\Cours\M1_Mod_Archi_Patrons_Concep\app\src\main\java\org\example\tds\td3\conception\Hand.java. Using fallback presentation compiler.
2025.10.07 10:17:49 WARN  no build target for: C:\Users\panlu\Documents\Cours\M1_Mod_Archi_Patrons_Concep\app\src\main\java\org\example\tds\td3\conception\Hand.java
2025.10.07 10:17:49 INFO  no build target found for C:\Users\panlu\Documents\Cours\M1_Mod_Archi_Patrons_Concep\app\src\main\java\org\example\tds\td3\conception\Hand.java. Using fallback presentation compiler.
2025.10.07 10:17:50 INFO  no build target found for C:\Users\panlu\Documents\Cours\M1_Mod_Archi_Patrons_Concep\app\src\main\java\org\example\tds\td3\conception\Hand.java. Using fallback presentation compiler.
2025.10.07 10:17:50 INFO  no build target found for C:\Users\panlu\Documents\Cours\M1_Mod_Archi_Patrons_Concep\app\src\main\java\org\example\tds\td3\conception\Hand.java. Using fallback presentation compiler.
2025.10.07 10:17:50 INFO  no build target found for C:\Users\panlu\Documents\Cours\M1_Mod_Archi_Patrons_Concep\app\src\main\java\org\example\tds\td3\conception\Hand.java. Using fallback presentation compiler.
2025.10.07 10:17:52 INFO  no build target found for C:\Users\panlu\Documents\Cours\M1_Mod_Archi_Patrons_Concep\app\src\main\java\org\example\tds\td3\conception\Hand.java. Using fallback presentation compiler.
2025.10.07 10:17:53 INFO  no build target found for C:\Users\panlu\Documents\Cours\M1_Mod_Archi_Patrons_Concep\app\src\main\java\org\example\tds\td3\conception\Hand.java. Using fallback presentation compiler.
2025.10.07 10:17:53 INFO  no build target found for C:\Users\panlu\Documents\Cours\M1_Mod_Archi_Patrons_Concep\app\src\main\java\org\example\tds\td3\conception\Hand.java. Using fallback presentation compiler.
2025.10.07 10:17:56 INFO  no build target found for C:\Users\panlu\Documents\Cours\M1_Mod_Archi_Patrons_Concep\app\src\main\java\org\example\tds\td3\conception\Hand.java. Using fallback presentation compiler.
2025.10.07 10:17:56 INFO  no build target found for C:\Users\panlu\Documents\Cours\M1_Mod_Archi_Patrons_Concep\app\src\main\java\org\example\tds\td3\conception\Hand.java. Using fallback presentation compiler.
2025.10.07 10:18:02 INFO  no build target found for C:\Users\panlu\Documents\Cours\M1_Mod_Archi_Patrons_Concep\app\src\main\java\org\example\tds\td3\conception\Hand.java. Using fallback presentation compiler.
2025.10.07 10:18:02 INFO  no build target found for C:\Users\panlu\Documents\Cours\M1_Mod_Archi_Patrons_Concep\app\src\main\java\org\example\tds\td3\conception\Hand.java. Using fallback presentation compiler.
2025.10.07 10:18:02 INFO  no build target found for C:\Users\panlu\Documents\Cours\M1_Mod_Archi_Patrons_Concep\app\src\main\java\org\example\tds\td3\conception\Hand.java. Using fallback presentation compiler.
2025.10.07 10:18:05 INFO  no build target found for C:\Users\panlu\Documents\Cours\M1_Mod_Archi_Patrons_Concep\app\src\main\java\org\example\tds\td3\conception\Hand.java. Using fallback presentation compiler.
2025.10.07 10:18:06 INFO  no build target found for C:\Users\panlu\Documents\Cours\M1_Mod_Archi_Patrons_Concep\app\src\main\java\org\example\tds\td3\conception\Hand.java. Using fallback presentation compiler.
2025.10.07 10:18:06 INFO  no build target found for C:\Users\panlu\Documents\Cours\M1_Mod_Archi_Patrons_Concep\app\src\main\java\org\example\tds\td3\conception\Hand.java. Using fallback presentation compiler.
2025.10.07 10:18:07 INFO  no build target found for C:\Users\panlu\Documents\Cours\M1_Mod_Archi_Patrons_Concep\app\src\main\java\org\example\tds\td3\conception\Hand.java. Using fallback presentation compiler.
2025.10.07 10:18:12 INFO  no build target found for C:\Users\panlu\Documents\Cours\M1_Mod_Archi_Patrons_Concep\app\src\main\java\org\example\tds\td3\conception\Hand.java. Using fallback presentation compiler.
2025.10.07 10:18:12 INFO  no build target found for C:\Users\panlu\Documents\Cours\M1_Mod_Archi_Patrons_Concep\app\src\main\java\org\example\tds\td3\conception\Hand.java. Using fallback presentation compiler.
2025.10.07 10:18:12 INFO  no build target found for C:\Users\panlu\Documents\Cours\M1_Mod_Archi_Patrons_Concep\app\src\main\java\org\example\tds\td3\conception\Hand.java. Using fallback presentation compiler.
2025.10.07 10:18:12 INFO  no build target found for C:\Users\panlu\Documents\Cours\M1_Mod_Archi_Patrons_Concep\app\src\main\java\org\example\tds\td3\conception\Hand.java. Using fallback presentation compiler.
2025.10.07 10:18:12 INFO  no build target found for C:\Users\panlu\Documents\Cours\M1_Mod_Archi_Patrons_Concep\app\src\main\java\org\example\tds\td3\conception\Hand.java. Using fallback presentation compiler.
2025.10.07 10:18:12 INFO  no build target found for C:\Users\panlu\Documents\Cours\M1_Mod_Archi_Patrons_Concep\app\src\main\java\org\example\tds\td3\conception\Hand.java. Using fallback presentation compiler.
2025.10.07 10:18:12 INFO  no build target found for C:\Users\panlu\Documents\Cours\M1_Mod_Archi_Patrons_Concep\app\src\main\java\org\example\tds\td3\conception\Hand.java. Using fallback presentation compiler.
2025.10.07 10:18:12 INFO  no build target found for C:\Users\panlu\Documents\Cours\M1_Mod_Archi_Patrons_Concep\app\src\main\java\org\example\tds\td3\conception\Hand.java. Using fallback presentation compiler.
2025.10.07 10:18:12 INFO  no build target found for C:\Users\panlu\Documents\Cours\M1_Mod_Archi_Patrons_Concep\app\src\main\java\org\example\tds\td3\conception\Hand.java. Using fallback presentation compiler.
2025.10.07 10:18:12 INFO  no build target found for C:\Users\panlu\Documents\Cours\M1_Mod_Archi_Patrons_Concep\app\src\main\java\org\example\tds\td3\conception\Hand.java. Using fallback presentation compiler.
2025.10.07 10:18:12 INFO  no build target found for C:\Users\panlu\Documents\Cours\M1_Mod_Archi_Patrons_Concep\app\src\main\java\org\example\tds\td3\conception\Hand.java. Using fallback presentation compiler.
2025.10.07 10:18:14 WARN  no build target for: C:\Users\panlu\Documents\Cours\M1_Mod_Archi_Patrons_Concep\app\src\main\java\org\example\tds\td3\conception\Hand.java
2025.10.07 10:18:14 INFO  QDox parse error in file:///C:/Users/panlu/Documents/Cours/M1_Mod_Archi_Patrons_Concep/app/src/main/java/org/example/tds/td3/conception/Hand.java (full report at: "C:\Users\panlu\Documents\Cours\M1_Mod_Archi_Patrons_Concep\.metals\.reports\metals-full\2025-10-07\r_qdox-error_10-00-07-593.md")
2025.10.07 10:18:14 INFO  no build target found for C:\Users\panlu\Documents\Cours\M1_Mod_Archi_Patrons_Concep\app\src\main\java\org\example\tds\td3\conception\Hand.java. Using fallback presentation compiler.
2025.10.07 10:18:14 WARN  Running javac-semanticdb failed for file:///C:/Users/panlu/Documents/Cours/M1_Mod_Archi_Patrons_Concep/app/src/main/java/org/example/tds/td3/conception/Hand.java. Output:

2025.10.07 10:18:15 INFO  no build target found for C:\Users\panlu\Documents\Cours\M1_Mod_Archi_Patrons_Concep\app\src\main\java\org\example\tds\td3\conception\Hand.java. Using fallback presentation compiler.
2025.10.07 10:18:15 INFO  no build target found for C:\Users\panlu\Documents\Cours\M1_Mod_Archi_Patrons_Concep\app\src\main\java\org\example\tds\td3\conception\Hand.java. Using fallback presentation compiler.
2025.10.07 10:18:15 INFO  no build target found for C:\Users\panlu\Documents\Cours\M1_Mod_Archi_Patrons_Concep\app\src\main\java\org\example\tds\td3\conception\Hand.java. Using fallback presentation compiler.
2025.10.07 10:18:15 INFO  no build target found for C:\Users\panlu\Documents\Cours\M1_Mod_Archi_Patrons_Concep\app\src\main\java\org\example\tds\td3\conception\Hand.java. Using fallback presentation compiler.
2025.10.07 10:18:16 WARN  Running javac-semanticdb failed for file:///C:/Users/panlu/Documents/Cours/M1_Mod_Archi_Patrons_Concep/app/src/main/java/org/example/tds/td3/conception/Hand.java. Output:

2025.10.07 10:18:16 INFO  QDox parse error in file:///C:/Users/panlu/Documents/Cours/M1_Mod_Archi_Patrons_Concep/app/src/main/java/org/example/tds/td3/conception/Hand.java (full report at: "C:\Users\panlu\Documents\Cours\M1_Mod_Archi_Patrons_Concep\.metals\.reports\metals-full\2025-10-07\r_qdox-error_10-00-07-593.md")
2025.10.07 10:18:16 WARN  no build target for: C:\Users\panlu\Documents\Cours\M1_Mod_Archi_Patrons_Concep\app\src\main\java\org\example\tds\td3\conception\Hand.java
2025.10.07 10:18:16 INFO  no build target found for C:\Users\panlu\Documents\Cours\M1_Mod_Archi_Patrons_Concep\app\src\main\java\org\example\tds\td3\conception\Hand.java. Using fallback presentation compiler.
2025.10.07 10:18:16 INFO  no build target found for C:\Users\panlu\Documents\Cours\M1_Mod_Archi_Patrons_Concep\app\src\main\java\org\example\tds\td3\conception\Hand.java. Using fallback presentation compiler.
2025.10.07 10:18:16 INFO  no build target found for C:\Users\panlu\Documents\Cours\M1_Mod_Archi_Patrons_Concep\app\src\main\java\org\example\tds\td3\conception\Hand.java. Using fallback presentation compiler.
2025.10.07 10:18:16 INFO  no build target found for C:\Users\panlu\Documents\Cours\M1_Mod_Archi_Patrons_Concep\app\src\main\java\org\example\tds\td3\conception\Hand.java. Using fallback presentation compiler.
2025.10.07 10:18:16 INFO  no build target found for C:\Users\panlu\Documents\Cours\M1_Mod_Archi_Patrons_Concep\app\src\main\java\org\example\tds\td3\conception\Hand.java. Using fallback presentation compiler.
2025.10.07 10:18:16 INFO  no build target found for C:\Users\panlu\Documents\Cours\M1_Mod_Archi_Patrons_Concep\app\src\main\java\org\example\tds\td3\conception\Hand.java. Using fallback presentation compiler.
2025.10.07 10:18:16 INFO  no build target found for C:\Users\panlu\Documents\Cours\M1_Mod_Archi_Patrons_Concep\app\src\main\java\org\example\tds\td3\conception\Hand.java. Using fallback presentation compiler.
2025.10.07 10:18:16 INFO  no build target found for C:\Users\panlu\Documents\Cours\M1_Mod_Archi_Patrons_Concep\app\src\main\java\org\example\tds\td3\conception\Hand.java. Using fallback presentation compiler.
2025.10.07 10:18:17 INFO  no build target found for C:\Users\panlu\Documents\Cours\M1_Mod_Archi_Patrons_Concep\app\src\main\java\org\example\tds\td3\conception\Hand.java. Using fallback presentation compiler.
2025.10.07 10:18:17 INFO  no build target found for C:\Users\panlu\Documents\Cours\M1_Mod_Archi_Patrons_Concep\app\src\main\java\org\example\tds\td3\conception\Hand.java. Using fallback presentation compiler.
2025.10.07 10:18:17 INFO  no build target found for C:\Users\panlu\Documents\Cours\M1_Mod_Archi_Patrons_Concep\app\src\main\java\org\example\tds\td3\conception\Hand.java. Using fallback presentation compiler.
2025.10.07 10:18:18 INFO  no build target found for C:\Users\panlu\Documents\Cours\M1_Mod_Archi_Patrons_Concep\app\src\main\java\org\example\tds\td3\conception\Hand.java. Using fallback presentation compiler.
2025.10.07 10:18:17 INFO  no build target found for C:\Users\panlu\Documents\Cours\M1_Mod_Archi_Patrons_Concep\app\src\main\java\org\example\tds\td3\conception\Hand.java. Using fallback presentation compiler.
2025.10.07 10:18:17 INFO  no build target found for C:\Users\panlu\Documents\Cours\M1_Mod_Archi_Patrons_Concep\app\src\main\java\org\example\tds\td3\conception\Hand.java. Using fallback presentation compiler.
2025.10.07 10:18:18 INFO  no build target found for C:\Users\panlu\Documents\Cours\M1_Mod_Archi_Patrons_Concep\app\src\main\java\org\example\tds\td3\conception\Hand.java. Using fallback presentation compiler.
2025.10.07 10:18:17 INFO  no build target found for C:\Users\panlu\Documents\Cours\M1_Mod_Archi_Patrons_Concep\app\src\main\java\org\example\tds\td3\conception\Hand.java. Using fallback presentation compiler.
2025.10.07 10:18:17 INFO  no build target found for C:\Users\panlu\Documents\Cours\M1_Mod_Archi_Patrons_Concep\app\src\main\java\org\example\tds\td3\conception\Hand.java. Using fallback presentation compiler.
2025.10.07 10:18:18 INFO  no build target found for C:\Users\panlu\Documents\Cours\M1_Mod_Archi_Patrons_Concep\app\src\main\java\org\example\tds\td3\conception\Hand.java. Using fallback presentation compiler.
2025.10.07 10:18:19 INFO  no build target found for C:\Users\panlu\Documents\Cours\M1_Mod_Archi_Patrons_Concep\app\src\main\java\org\example\tds\td3\conception\Hand.java. Using fallback presentation compiler.
2025.10.07 10:18:19 INFO  no build target found for C:\Users\panlu\Documents\Cours\M1_Mod_Archi_Patrons_Concep\app\src\main\java\org\example\tds\td3\conception\Hand.java. Using fallback presentation compiler.
2025.10.07 10:18:19 INFO  no build target found for C:\Users\panlu\Documents\Cours\M1_Mod_Archi_Patrons_Concep\app\src\main\java\org\example\tds\td3\conception\Hand.java. Using fallback presentation compiler.
2025.10.07 10:18:19 INFO  no build target found for C:\Users\panlu\Documents\Cours\M1_Mod_Archi_Patrons_Concep\app\src\main\java\org\example\tds\td3\conception\Hand.java. Using fallback presentation compiler.
2025.10.07 10:18:19 INFO  no build target found for C:\Users\panlu\Documents\Cours\M1_Mod_Archi_Patrons_Concep\app\src\main\java\org\example\tds\td3\conception\Hand.java. Using fallback presentation compiler.
2025.10.07 10:18:19 INFO  no build target found for C:\Users\panlu\Documents\Cours\M1_Mod_Archi_Patrons_Concep\app\src\main\java\org\example\tds\td3\conception\Hand.java. Using fallback presentation compiler.
2025.10.07 10:18:19 INFO  no build target found for C:\Users\panlu\Documents\Cours\M1_Mod_Archi_Patrons_Concep\app\src\main\java\org\example\tds\td3\conception\Hand.java. Using fallback presentation compiler.
2025.10.07 10:18:20 INFO  no build target found for C:\Users\panlu\Documents\Cours\M1_Mod_Archi_Patrons_Concep\app\src\main\java\org\example\tds\td3\conception\Hand.java. Using fallback presentation compiler.
2025.10.07 10:18:20 WARN  no build target for: C:\Users\panlu\Documents\Cours\M1_Mod_Archi_Patrons_Concep\app\src\main\java\org\example\tds\td3\conception\Hand.java
2025.10.07 10:18:20 INFO  no build target found for C:\Users\panlu\Documents\Cours\M1_Mod_Archi_Patrons_Concep\app\src\main\java\org\example\tds\td3\conception\Hand.java. Using fallback presentation compiler.
2025.10.07 10:18:20 INFO  no build target found for C:\Users\panlu\Documents\Cours\M1_Mod_Archi_Patrons_Concep\app\src\main\java\org\example\tds\td3\conception\Hand.java. Using fallback presentation compiler.
2025.10.07 10:18:20 INFO  no build target found for C:\Users\panlu\Documents\Cours\M1_Mod_Archi_Patrons_Concep\app\src\main\java\org\example\tds\td3\conception\Hand.java. Using fallback presentation compiler.
2025.10.07 10:18:20 INFO  no build target found for C:\Users\panlu\Documents\Cours\M1_Mod_Archi_Patrons_Concep\app\src\main\java\org\example\tds\td3\conception\Hand.java. Using fallback presentation compiler.
2025.10.07 10:18:21 INFO  no build target found for C:\Users\panlu\Documents\Cours\M1_Mod_Archi_Patrons_Concep\app\src\main\java\org\example\tds\td3\conception\Hand.java. Using fallback presentation compiler.
2025.10.07 10:18:21 INFO  no build target found for C:\Users\panlu\Documents\Cours\M1_Mod_Archi_Patrons_Concep\app\src\main\java\org\example\tds\td3\conception\Hand.java. Using fallback presentation compiler.
2025.10.07 10:18:21 INFO  no build target found for C:\Users\panlu\Documents\Cours\M1_Mod_Archi_Patrons_Concep\app\src\main\java\org\example\tds\td3\conception\Hand.java. Using fallback presentation compiler.
2025.10.07 10:18:21 INFO  no build target found for C:\Users\panlu\Documents\Cours\M1_Mod_Archi_Patrons_Concep\app\src\main\java\org\example\tds\td3\conception\Hand.java. Using fallback presentation compiler.
2025.10.07 10:18:21 INFO  no build target found for C:\Users\panlu\Documents\Cours\M1_Mod_Archi_Patrons_Concep\app\src\main\java\org\example\tds\td3\conception\Hand.java. Using fallback presentation compiler.
2025.10.07 10:18:21 INFO  no build target found for C:\Users\panlu\Documents\Cours\M1_Mod_Archi_Patrons_Concep\app\src\main\java\org\example\tds\td3\conception\Hand.java. Using fallback presentation compiler.
2025.10.07 10:18:22 INFO  no build target found for C:\Users\panlu\Documents\Cours\M1_Mod_Archi_Patrons_Concep\app\src\main\java\org\example\tds\td3\conception\Hand.java. Using fallback presentation compiler.
2025.10.07 10:18:22 WARN  no build target for: C:\Users\panlu\Documents\Cours\M1_Mod_Archi_Patrons_Concep\app\src\main\java\org\example\tds\td3\conception\Hand.java
2025.10.07 10:18:22 INFO  no build target found for C:\Users\panlu\Documents\Cours\M1_Mod_Archi_Patrons_Concep\app\src\main\java\org\example\tds\td3\conception\Hand.java. Using fallback presentation compiler.
2025.10.07 10:18:22 INFO  no build target found for C:\Users\panlu\Documents\Cours\M1_Mod_Archi_Patrons_Concep\app\src\main\java\org\example\tds\td3\conception\Hand.java. Using fallback presentation compiler.
2025.10.07 10:18:22 INFO  no build target found for C:\Users\panlu\Documents\Cours\M1_Mod_Archi_Patrons_Concep\app\src\main\java\org\example\tds\td3\conception\Hand.java. Using fallback presentation compiler.
2025.10.07 10:18:23 WARN  no build target for: C:\Users\panlu\Documents\Cours\M1_Mod_Archi_Patrons_Concep\app\src\main\java\org\example\tds\td3\conception\Hand.java
2025.10.07 10:18:23 INFO  no build target found for C:\Users\panlu\Documents\Cours\M1_Mod_Archi_Patrons_Concep\app\src\main\java\org\example\tds\td3\conception\Hand.java. Using fallback presentation compiler.
2025.10.07 10:18:25 INFO  no build target found for C:\Users\panlu\Documents\Cours\M1_Mod_Archi_Patrons_Concep\app\src\main\java\org\example\tds\td3\conception\Hand.java. Using fallback presentation compiler.
2025.10.07 10:18:25 INFO  no build target found for C:\Users\panlu\Documents\Cours\M1_Mod_Archi_Patrons_Concep\app\src\main\java\org\example\tds\td3\conception\Hand.java. Using fallback presentation compiler.
2025.10.07 10:18:25 INFO  no build target found for C:\Users\panlu\Documents\Cours\M1_Mod_Archi_Patrons_Concep\app\src\main\java\org\example\tds\td3\conception\Hand.java. Using fallback presentation compiler.
2025.10.07 10:18:25 INFO  no build target found for C:\Users\panlu\Documents\Cours\M1_Mod_Archi_Patrons_Concep\app\src\main\java\org\example\tds\td3\conception\Hand.java. Using fallback presentation compiler.
2025.10.07 10:18:31 INFO  no build target found for C:\Users\panlu\Documents\Cours\M1_Mod_Archi_Patrons_Concep\app\src\main\java\org\example\tds\td3\conception\Hand.java. Using fallback presentation compiler.
2025.10.07 10:18:43 INFO  no build target found for C:\Users\panlu\Documents\Cours\M1_Mod_Archi_Patrons_Concep\app\src\main\java\org\example\tds\td3\conception\Hand.java. Using fallback presentation compiler.
2025.10.07 10:18:43 INFO  no build target found for C:\Users\panlu\Documents\Cours\M1_Mod_Archi_Patrons_Concep\app\src\main\java\org\example\tds\td3\conception\Hand.java. Using fallback presentation compiler.
2025.10.07 10:18:43 INFO  no build target found for C:\Users\panlu\Documents\Cours\M1_Mod_Archi_Patrons_Concep\app\src\main\java\org\example\tds\td3\conception\Hand.java. Using fallback presentation compiler.
2025.10.07 10:18:45 INFO  no build target found for C:\Users\panlu\Documents\Cours\M1_Mod_Archi_Patrons_Concep\app\src\main\java\org\example\tds\td3\conception\Hand.java. Using fallback presentation compiler.
2025.10.07 10:18:45 INFO  no build target found for C:\Users\panlu\Documents\Cours\M1_Mod_Archi_Patrons_Concep\app\src\main\java\org\example\tds\td3\conception\Hand.java. Using fallback presentation compiler.
2025.10.07 10:18:45 INFO  no build target found for C:\Users\panlu\Documents\Cours\M1_Mod_Archi_Patrons_Concep\app\src\main\java\org\example\tds\td3\conception\Hand.java. Using fallback presentation compiler.
2025.10.07 10:18:45 INFO  no build target found for C:\Users\panlu\Documents\Cours\M1_Mod_Archi_Patrons_Concep\app\src\main\java\org\example\tds\td3\conception\Hand.java. Using fallback presentation compiler.
2025.10.07 10:18:45 INFO  no build target found for C:\Users\panlu\Documents\Cours\M1_Mod_Archi_Patrons_Concep\app\src\main\java\org\example\tds\td3\conception\Hand.java. Using fallback presentation compiler.
2025.10.07 10:18:45 INFO  no build target found for C:\Users\panlu\Documents\Cours\M1_Mod_Archi_Patrons_Concep\app\src\main\java\org\example\tds\td3\conception\Hand.java. Using fallback presentation compiler.
2025.10.07 10:18:45 INFO  no build target found for C:\Users\panlu\Documents\Cours\M1_Mod_Archi_Patrons_Concep\app\src\main\java\org\example\tds\td3\conception\Hand.java. Using fallback presentation compiler.
2025.10.07 10:18:45 INFO  no build target found for C:\Users\panlu\Documents\Cours\M1_Mod_Archi_Patrons_Concep\app\src\main\java\org\example\tds\td3\conception\Hand.java. Using fallback presentation compiler.
2025.10.07 10:18:45 INFO  no build target found for C:\Users\panlu\Documents\Cours\M1_Mod_Archi_Patrons_Concep\app\src\main\java\org\example\tds\td3\conception\Hand.java. Using fallback presentation compiler.
2025.10.07 10:18:45 INFO  no build target found for C:\Users\panlu\Documents\Cours\M1_Mod_Archi_Patrons_Concep\app\src\main\java\org\example\tds\td3\conception\Hand.java. Using fallback presentation compiler.
2025.10.07 10:18:45 INFO  no build target found for C:\Users\panlu\Documents\Cours\M1_Mod_Archi_Patrons_Concep\app\src\main\java\org\example\tds\td3\conception\Hand.java. Using fallback presentation compiler.
2025.10.07 10:18:46 WARN  no build target for: C:\Users\panlu\Documents\Cours\M1_Mod_Archi_Patrons_Concep\app\src\main\java\org\example\tds\td3\conception\Hand.java
2025.10.07 10:18:47 INFO  no build target found for C:\Users\panlu\Documents\Cours\M1_Mod_Archi_Patrons_Concep\app\src\main\java\org\example\tds\td3\conception\Hand.java. Using fallback presentation compiler.
2025.10.07 10:18:47 WARN  Running javac-semanticdb failed for file:///C:/Users/panlu/Documents/Cours/M1_Mod_Archi_Patrons_Concep/app/src/main/java/org/example/tds/td3/conception/Hand.java. Output:

2025.10.07 10:18:47 INFO  no build target found for C:\Users\panlu\Documents\Cours\M1_Mod_Archi_Patrons_Concep\app\src\main\java\org\example\tds\td3\conception\Hand.java. Using fallback presentation compiler.
2025.10.07 10:18:47 INFO  no build target found for C:\Users\panlu\Documents\Cours\M1_Mod_Archi_Patrons_Concep\app\src\main\java\org\example\tds\td3\conception\Hand.java. Using fallback presentation compiler.
2025.10.07 10:18:47 INFO  no build target found for C:\Users\panlu\Documents\Cours\M1_Mod_Archi_Patrons_Concep\app\src\main\java\org\example\tds\td3\conception\Hand.java. Using fallback presentation compiler.
2025.10.07 10:18:47 INFO  no build target found for C:\Users\panlu\Documents\Cours\M1_Mod_Archi_Patrons_Concep\app\src\main\java\org\example\tds\td3\conception\Hand.java. Using fallback presentation compiler.
2025.10.07 10:18:48 WARN  no build target for: C:\Users\panlu\Documents\Cours\M1_Mod_Archi_Patrons_Concep\app\src\main\java\org\example\tds\td3\conception\Hand.java
2025.10.07 10:18:48 INFO  no build target found for C:\Users\panlu\Documents\Cours\M1_Mod_Archi_Patrons_Concep\app\src\main\java\org\example\tds\td3\conception\Hand.java. Using fallback presentation compiler.
2025.10.07 10:18:48 INFO  no build target found for C:\Users\panlu\Documents\Cours\M1_Mod_Archi_Patrons_Concep\app\src\main\java\org\example\tds\td3\conception\Hand.java. Using fallback presentation compiler.
2025.10.07 10:18:48 INFO  no build target found for C:\Users\panlu\Documents\Cours\M1_Mod_Archi_Patrons_Concep\app\src\main\java\org\example\tds\td3\conception\Hand.java. Using fallback presentation compiler.
2025.10.07 10:18:48 INFO  no build target found for C:\Users\panlu\Documents\Cours\M1_Mod_Archi_Patrons_Concep\app\src\main\java\org\example\tds\td3\conception\Hand.java. Using fallback presentation compiler.
2025.10.07 10:18:48 INFO  no build target found for C:\Users\panlu\Documents\Cours\M1_Mod_Archi_Patrons_Concep\app\src\main\java\org\example\tds\td3\conception\Hand.java. Using fallback presentation compiler.
2025.10.07 10:18:48 INFO  no build target found for C:\Users\panlu\Documents\Cours\M1_Mod_Archi_Patrons_Concep\app\src\main\java\org\example\tds\td3\conception\Hand.java. Using fallback presentation compiler.
2025.10.07 10:18:49 INFO  no build target found for C:\Users\panlu\Documents\Cours\M1_Mod_Archi_Patrons_Concep\app\src\main\java\org\example\tds\td3\conception\Hand.java. Using fallback presentation compiler.
2025.10.07 10:18:50 WARN  no build target for: C:\Users\panlu\Documents\Cours\M1_Mod_Archi_Patrons_Concep\app\src\main\java\org\example\tds\td3\conception\Hand.java
2025.10.07 10:18:50 INFO  no build target found for C:\Users\panlu\Documents\Cours\M1_Mod_Archi_Patrons_Concep\app\src\main\java\org\example\tds\td3\conception\Hand.java. Using fallback presentation compiler.
2025.10.07 10:18:50 INFO  no build target found for C:\Users\panlu\Documents\Cours\M1_Mod_Archi_Patrons_Concep\app\src\main\java\org\example\tds\td3\conception\Hand.java. Using fallback presentation compiler.
2025.10.07 10:18:53 INFO  no build target found for C:\Users\panlu\Documents\Cours\M1_Mod_Archi_Patrons_Concep\app\src\main\java\org\example\tds\td3\conception\Hand.java. Using fallback presentation compiler.
2025.10.07 10:18:55 INFO  no build target found for C:\Users\panlu\Documents\Cours\M1_Mod_Archi_Patrons_Concep\app\src\main\java\org\example\tds\td3\conception\Hand.java. Using fallback presentation compiler.
2025.10.07 10:19:25 INFO  no build target found for C:\Users\panlu\Documents\Cours\M1_Mod_Archi_Patrons_Concep\app\src\main\java\org\example\tds\td3\conception\Hand.java. Using fallback presentation compiler.
2025.10.07 10:19:33 INFO  no build target found for C:\Users\panlu\Documents\Cours\M1_Mod_Archi_Patrons_Concep\app\src\main\java\org\example\tds\td3\conception\Hand.java. Using fallback presentation compiler.
2025.10.07 10:19:35 INFO  no build target found for C:\Users\panlu\Documents\Cours\M1_Mod_Archi_Patrons_Concep\app\src\main\java\org\example\tds\td3\conception\Hand.java. Using fallback presentation compiler.
2025.10.07 10:19:40 INFO  no build target found for C:\Users\panlu\Documents\Cours\M1_Mod_Archi_Patrons_Concep\app\src\main\java\org\example\tds\td3\conception\Hand.java. Using fallback presentation compiler.
2025.10.07 10:19:40 INFO  no build target found for C:\Users\panlu\Documents\Cours\M1_Mod_Archi_Patrons_Concep\app\src\main\java\org\example\tds\td3\conception\Hand.java. Using fallback presentation compiler.
2025.10.07 10:19:40 INFO  no build target found for C:\Users\panlu\Documents\Cours\M1_Mod_Archi_Patrons_Concep\app\src\main\java\org\example\tds\td3\conception\Hand.java. Using fallback presentation compiler.
2025.10.07 10:19:42 INFO  no build target found for C:\Users\panlu\Documents\Cours\M1_Mod_Archi_Patrons_Concep\app\src\main\java\org\example\tds\td3\conception\Hand.java. Using fallback presentation compiler.
2025.10.07 10:19:42 INFO  no build target found for C:\Users\panlu\Documents\Cours\M1_Mod_Archi_Patrons_Concep\app\src\main\java\org\example\tds\td3\conception\Hand.java. Using fallback presentation compiler.
2025.10.07 10:19:43 WARN  no build target for: C:\Users\panlu\Documents\Cours\M1_Mod_Archi_Patrons_Concep\app\src\main\java\org\example\tds\td3\conception\Hand.java
2025.10.07 10:19:43 INFO  no build target found for C:\Users\panlu\Documents\Cours\M1_Mod_Archi_Patrons_Concep\app\src\main\java\org\example\tds\td3\conception\Hand.java. Using fallback presentation compiler.
2025.10.07 10:19:58 INFO  no build target found for C:\Users\panlu\Documents\Cours\M1_Mod_Archi_Patrons_Concep\app\src\main\java\org\example\tds\td3\conception\Hand.java. Using fallback presentation compiler.
2025.10.07 10:19:58 INFO  no build target found for C:\Users\panlu\Documents\Cours\M1_Mod_Archi_Patrons_Concep\app\src\main\java\org\example\tds\td3\conception\Hand.java. Using fallback presentation compiler.
2025.10.07 10:19:58 INFO  no build target found for C:\Users\panlu\Documents\Cours\M1_Mod_Archi_Patrons_Concep\app\src\main\java\org\example\tds\td3\conception\Hand.java. Using fallback presentation compiler.
2025.10.07 10:19:58 INFO  no build target found for C:\Users\panlu\Documents\Cours\M1_Mod_Archi_Patrons_Concep\app\src\main\java\org\example\tds\td3\conception\Hand.java. Using fallback presentation compiler.
2025.10.07 10:19:59 WARN  no build target for: C:\Users\panlu\Documents\Cours\M1_Mod_Archi_Patrons_Concep\app\src\main\java\org\example\tds\td3\conception\Hand.java
2025.10.07 10:19:59 INFO  QDox parse error in file:///C:/Users/panlu/Documents/Cours/M1_Mod_Archi_Patrons_Concep/app/src/main/java/org/example/tds/td3/conception/Hand.java (full report at: "C:\Users\panlu\Documents\Cours\M1_Mod_Archi_Patrons_Concep\.metals\.reports\metals-full\2025-10-07\r_qdox-error_10-00-07-593.md")
2025.10.07 10:19:59 INFO  no build target found for C:\Users\panlu\Documents\Cours\M1_Mod_Archi_Patrons_Concep\app\src\main\java\org\example\tds\td3\conception\Hand.java. Using fallback presentation compiler.
2025.10.07 10:19:59 WARN  Running javac-semanticdb failed for file:///C:/Users/panlu/Documents/Cours/M1_Mod_Archi_Patrons_Concep/app/src/main/java/org/example/tds/td3/conception/Hand.java. Output:

2025.10.07 10:20:00 INFO  no build target found for C:\Users\panlu\Documents\Cours\M1_Mod_Archi_Patrons_Concep\app\src\main\java\org\example\tds\td3\conception\Hand.java. Using fallback presentation compiler.
2025.10.07 10:20:00 INFO  no build target found for C:\Users\panlu\Documents\Cours\M1_Mod_Archi_Patrons_Concep\app\src\main\java\org\example\tds\td3\conception\Hand.java. Using fallback presentation compiler.
2025.10.07 10:20:00 INFO  no build target found for C:\Users\panlu\Documents\Cours\M1_Mod_Archi_Patrons_Concep\app\src\main\java\org\example\tds\td3\conception\Hand.java. Using fallback presentation compiler.
2025.10.07 10:20:01 INFO  no build target found for C:\Users\panlu\Documents\Cours\M1_Mod_Archi_Patrons_Concep\app\src\main\java\org\example\tds\td3\conception\Hand.java. Using fallback presentation compiler.
2025.10.07 10:20:01 INFO  no build target found for C:\Users\panlu\Documents\Cours\M1_Mod_Archi_Patrons_Concep\app\src\main\java\org\example\tds\td3\conception\Hand.java. Using fallback presentation compiler.
2025.10.07 10:20:01 INFO  no build target found for C:\Users\panlu\Documents\Cours\M1_Mod_Archi_Patrons_Concep\app\src\main\java\org\example\tds\td3\conception\Hand.java. Using fallback presentation compiler.
2025.10.07 10:20:01 WARN  no build target for: C:\Users\panlu\Documents\Cours\M1_Mod_Archi_Patrons_Concep\app\src\main\java\org\example\tds\td3\conception\Hand.java
2025.10.07 10:20:01 INFO  QDox parse error in file:///C:/Users/panlu/Documents/Cours/M1_Mod_Archi_Patrons_Concep/app/src/main/java/org/example/tds/td3/conception/Hand.java (full report at: "C:\Users\panlu\Documents\Cours\M1_Mod_Archi_Patrons_Concep\.metals\.reports\metals-full\2025-10-07\r_qdox-error_10-00-07-593.md")
2025.10.07 10:20:01 INFO  no build target found for C:\Users\panlu\Documents\Cours\M1_Mod_Archi_Patrons_Concep\app\src\main\java\org\example\tds\td3\conception\Hand.java. Using fallback presentation compiler.
2025.10.07 10:20:02 WARN  Running javac-semanticdb failed for file:///C:/Users/panlu/Documents/Cours/M1_Mod_Archi_Patrons_Concep/app/src/main/java/org/example/tds/td3/conception/Hand.java. Output:

2025.10.07 10:20:01 WARN  no build target for: C:\Users\panlu\Documents\Cours\M1_Mod_Archi_Patrons_Concep\app\src\main\java\org\example\tds\td3\conception\Hand.java
2025.10.07 10:20:02 INFO  no build target found for C:\Users\panlu\Documents\Cours\M1_Mod_Archi_Patrons_Concep\app\src\main\java\org\example\tds\td3\conception\Hand.java. Using fallback presentation compiler.
2025.10.07 10:20:02 INFO  QDox parse error in file:///C:/Users/panlu/Documents/Cours/M1_Mod_Archi_Patrons_Concep/app/src/main/java/org/example/tds/td3/conception/Hand.java (full report at: "C:\Users\panlu\Documents\Cours\M1_Mod_Archi_Patrons_Concep\.metals\.reports\metals-full\2025-10-07\r_qdox-error_10-00-07-593.md")
2025.10.07 10:20:03 INFO  no build target found for C:\Users\panlu\Documents\Cours\M1_Mod_Archi_Patrons_Concep\app\src\main\java\org\example\tds\td3\conception\Hand.java. Using fallback presentation compiler.
2025.10.07 10:20:07 INFO  no build target found for C:\Users\panlu\Documents\Cours\M1_Mod_Archi_Patrons_Concep\app\src\main\java\org\example\tds\td3\conception\Hand.java. Using fallback presentation compiler.
2025.10.07 10:20:07 INFO  no build target found for C:\Users\panlu\Documents\Cours\M1_Mod_Archi_Patrons_Concep\app\src\main\java\org\example\tds\td3\conception\Hand.java. Using fallback presentation compiler.
2025.10.07 10:20:07 INFO  no build target found for C:\Users\panlu\Documents\Cours\M1_Mod_Archi_Patrons_Concep\app\src\main\java\org\example\tds\td3\conception\Hand.java. Using fallback presentation compiler.
2025.10.07 10:20:08 INFO  no build target found for C:\Users\panlu\Documents\Cours\M1_Mod_Archi_Patrons_Concep\app\src\main\java\org\example\tds\td3\conception\Hand.java. Using fallback presentation compiler.
2025.10.07 10:20:07 INFO  no build target found for C:\Users\panlu\Documents\Cours\M1_Mod_Archi_Patrons_Concep\app\src\main\java\org\example\tds\td3\conception\Hand.java. Using fallback presentation compiler.
2025.10.07 10:20:07 INFO  no build target found for C:\Users\panlu\Documents\Cours\M1_Mod_Archi_Patrons_Concep\app\src\main\java\org\example\tds\td3\conception\Hand.java. Using fallback presentation compiler.
2025.10.07 10:20:07 INFO  no build target found for C:\Users\panlu\Documents\Cours\M1_Mod_Archi_Patrons_Concep\app\src\main\java\org\example\tds\td3\conception\Hand.java. Using fallback presentation compiler.
2025.10.07 10:20:08 INFO  no build target found for C:\Users\panlu\Documents\Cours\M1_Mod_Archi_Patrons_Concep\app\src\main\java\org\example\tds\td3\conception\Hand.java. Using fallback presentation compiler.
2025.10.07 10:20:07 INFO  no build target found for C:\Users\panlu\Documents\Cours\M1_Mod_Archi_Patrons_Concep\app\src\main\java\org\example\tds\td3\conception\Hand.java. Using fallback presentation compiler.
2025.10.07 10:20:07 INFO  no build target found for C:\Users\panlu\Documents\Cours\M1_Mod_Archi_Patrons_Concep\app\src\main\java\org\example\tds\td3\conception\Hand.java. Using fallback presentation compiler.
2025.10.07 10:20:09 INFO  no build target found for C:\Users\panlu\Documents\Cours\M1_Mod_Archi_Patrons_Concep\app\src\main\java\org\example\tds\td3\conception\Hand.java. Using fallback presentation compiler.
2025.10.07 10:20:08 INFO  no build target found for C:\Users\panlu\Documents\Cours\M1_Mod_Archi_Patrons_Concep\app\src\main\java\org\example\tds\td3\conception\Hand.java. Using fallback presentation compiler.
2025.10.07 10:20:10 WARN  no build target for: C:\Users\panlu\Documents\Cours\M1_Mod_Archi_Patrons_Concep\app\src\main\java\org\example\tds\td3\conception\Hand.java
2025.10.07 10:20:10 INFO  QDox parse error in file:///C:/Users/panlu/Documents/Cours/M1_Mod_Archi_Patrons_Concep/app/src/main/java/org/example/tds/td3/conception/Hand.java (full report at: "C:\Users\panlu\Documents\Cours\M1_Mod_Archi_Patrons_Concep\.metals\.reports\metals-full\2025-10-07\r_qdox-error_10-00-07-593.md")
2025.10.07 10:20:10 INFO  no build target found for C:\Users\panlu\Documents\Cours\M1_Mod_Archi_Patrons_Concep\app\src\main\java\org\example\tds\td3\conception\Hand.java. Using fallback presentation compiler.
2025.10.07 10:20:10 WARN  Running javac-semanticdb failed for file:///C:/Users/panlu/Documents/Cours/M1_Mod_Archi_Patrons_Concep/app/src/main/java/org/example/tds/td3/conception/Hand.java. Output:

2025.10.07 10:20:10 INFO  no build target found for C:\Users\panlu\Documents\Cours\M1_Mod_Archi_Patrons_Concep\app\src\main\java\org\example\tds\td3\conception\Hand.java. Using fallback presentation compiler.
2025.10.07 10:20:10 INFO  no build target found for C:\Users\panlu\Documents\Cours\M1_Mod_Archi_Patrons_Concep\app\src\main\java\org\example\tds\td3\conception\Hand.java. Using fallback presentation compiler.
2025.10.07 10:20:10 INFO  no build target found for C:\Users\panlu\Documents\Cours\M1_Mod_Archi_Patrons_Concep\app\src\main\java\org\example\tds\td3\conception\Hand.java. Using fallback presentation compiler.
2025.10.07 10:20:10 INFO  no build target found for C:\Users\panlu\Documents\Cours\M1_Mod_Archi_Patrons_Concep\app\src\main\java\org\example\tds\td3\conception\Hand.java. Using fallback presentation compiler.
2025.10.07 10:20:11 WARN  no build target for: C:\Users\panlu\Documents\Cours\M1_Mod_Archi_Patrons_Concep\app\src\main\java\org\example\tds\td3\conception\Hand.java
2025.10.07 10:20:11 INFO  QDox parse error in file:///C:/Users/panlu/Documents/Cours/M1_Mod_Archi_Patrons_Concep/app/src/main/java/org/example/tds/td3/conception/Hand.java (full report at: "C:\Users\panlu\Documents\Cours\M1_Mod_Archi_Patrons_Concep\.metals\.reports\metals-full\2025-10-07\r_qdox-error_10-00-07-593.md")
2025.10.07 10:20:11 INFO  no build target found for C:\Users\panlu\Documents\Cours\M1_Mod_Archi_Patrons_Concep\app\src\main\java\org\example\tds\td3\conception\Hand.java. Using fallback presentation compiler.
2025.10.07 10:20:11 WARN  Running javac-semanticdb failed for file:///C:/Users/panlu/Documents/Cours/M1_Mod_Archi_Patrons_Concep/app/src/main/java/org/example/tds/td3/conception/Hand.java. Output:

2025.10.07 10:20:12 INFO  no build target found for C:\Users\panlu\Documents\Cours\M1_Mod_Archi_Patrons_Concep\app\src\main\java\org\example\tds\td3\conception\Hand.java. Using fallback presentation compiler.
2025.10.07 10:20:12 INFO  no build target found for C:\Users\panlu\Documents\Cours\M1_Mod_Archi_Patrons_Concep\app\src\main\java\org\example\tds\td3\conception\Hand.java. Using fallback presentation compiler.
2025.10.07 10:20:14 INFO  no build target found for C:\Users\panlu\Documents\Cours\M1_Mod_Archi_Patrons_Concep\app\src\main\java\org\example\tds\td3\conception\Hand.java. Using fallback presentation compiler.
2025.10.07 10:20:16 INFO  no build target found for C:\Users\panlu\Documents\Cours\M1_Mod_Archi_Patrons_Concep\app\src\main\java\org\example\tds\td3\conception\Hand.java. Using fallback presentation compiler.
2025.10.07 10:20:16 INFO  no build target found for C:\Users\panlu\Documents\Cours\M1_Mod_Archi_Patrons_Concep\app\src\main\java\org\example\tds\td3\conception\Hand.java. Using fallback presentation compiler.
2025.10.07 10:20:17 INFO  no build target found for C:\Users\panlu\Documents\Cours\M1_Mod_Archi_Patrons_Concep\app\src\main\java\org\example\tds\td3\conception\Hand.java. Using fallback presentation compiler.
2025.10.07 10:20:17 INFO  no build target found for C:\Users\panlu\Documents\Cours\M1_Mod_Archi_Patrons_Concep\app\src\main\java\org\example\tds\td3\conception\Hand.java. Using fallback presentation compiler.
2025.10.07 10:20:17 INFO  no build target found for C:\Users\panlu\Documents\Cours\M1_Mod_Archi_Patrons_Concep\app\src\main\java\org\example\tds\td3\conception\Hand.java. Using fallback presentation compiler.
2025.10.07 10:20:17 INFO  no build target found for C:\Users\panlu\Documents\Cours\M1_Mod_Archi_Patrons_Concep\app\src\main\java\org\example\tds\td3\conception\Hand.java. Using fallback presentation compiler.
2025.10.07 10:20:18 INFO  no build target found for C:\Users\panlu\Documents\Cours\M1_Mod_Archi_Patrons_Concep\app\src\main\java\org\example\tds\td3\conception\Hand.java. Using fallback presentation compiler.
2025.10.07 10:20:18 INFO  no build target found for C:\Users\panlu\Documents\Cours\M1_Mod_Archi_Patrons_Concep\app\src\main\java\org\example\tds\td3\conception\Hand.java. Using fallback presentation compiler.
2025.10.07 10:20:18 INFO  no build target found for C:\Users\panlu\Documents\Cours\M1_Mod_Archi_Patrons_Concep\app\src\main\java\org\example\tds\td3\conception\Hand.java. Using fallback presentation compiler.
2025.10.07 10:20:18 INFO  no build target found for C:\Users\panlu\Documents\Cours\M1_Mod_Archi_Patrons_Concep\app\src\main\java\org\example\tds\td3\conception\Hand.java. Using fallback presentation compiler.
2025.10.07 10:20:19 INFO  no build target found for C:\Users\panlu\Documents\Cours\M1_Mod_Archi_Patrons_Concep\app\src\main\java\org\example\tds\td3\conception\Hand.java. Using fallback presentation compiler.
2025.10.07 10:20:18 INFO  no build target found for C:\Users\panlu\Documents\Cours\M1_Mod_Archi_Patrons_Concep\app\src\main\java\org\example\tds\td3\conception\Hand.java. Using fallback presentation compiler.
2025.10.07 10:20:18 INFO  no build target found for C:\Users\panlu\Documents\Cours\M1_Mod_Archi_Patrons_Concep\app\src\main\java\org\example\tds\td3\conception\Hand.java. Using fallback presentation compiler.
2025.10.07 10:20:18 INFO  no build target found for C:\Users\panlu\Documents\Cours\M1_Mod_Archi_Patrons_Concep\app\src\main\java\org\example\tds\td3\conception\Hand.java. Using fallback presentation compiler.
2025.10.07 10:20:19 INFO  no build target found for C:\Users\panlu\Documents\Cours\M1_Mod_Archi_Patrons_Concep\app\src\main\java\org\example\tds\td3\conception\Hand.java. Using fallback presentation compiler.
2025.10.07 10:20:18 INFO  no build target found for C:\Users\panlu\Documents\Cours\M1_Mod_Archi_Patrons_Concep\app\src\main\java\org\example\tds\td3\conception\Hand.java. Using fallback presentation compiler.
2025.10.07 10:20:20 INFO  no build target found for C:\Users\panlu\Documents\Cours\M1_Mod_Archi_Patrons_Concep\app\src\main\java\org\example\tds\td3\conception\Hand.java. Using fallback presentation compiler.
2025.10.07 10:20:20 WARN  no build target for: C:\Users\panlu\Documents\Cours\M1_Mod_Archi_Patrons_Concep\app\src\main\java\org\example\tds\td3\conception\Hand.java
2025.10.07 10:20:20 INFO  no build target found for C:\Users\panlu\Documents\Cours\M1_Mod_Archi_Patrons_Concep\app\src\main\java\org\example\tds\td3\conception\Hand.java. Using fallback presentation compiler.
2025.10.07 10:20:20 INFO  QDox parse error in file:///C:/Users/panlu/Documents/Cours/M1_Mod_Archi_Patrons_Concep/app/src/main/java/org/example/tds/td3/conception/Hand.java (full report at: "C:\Users\panlu\Documents\Cours\M1_Mod_Archi_Patrons_Concep\.metals\.reports\metals-full\2025-10-07\r_qdox-error_10-00-07-593.md")
2025.10.07 10:20:20 WARN  Running javac-semanticdb failed for file:///C:/Users/panlu/Documents/Cours/M1_Mod_Archi_Patrons_Concep/app/src/main/java/org/example/tds/td3/conception/Hand.java. Output:

2025.10.07 10:20:28 INFO  no build target found for C:\Users\panlu\Documents\Cours\M1_Mod_Archi_Patrons_Concep\app\src\main\java\org\example\tds\td3\conception\Hand.java. Using fallback presentation compiler.
2025.10.07 10:20:28 INFO  no build target found for C:\Users\panlu\Documents\Cours\M1_Mod_Archi_Patrons_Concep\app\src\main\java\org\example\tds\td3\conception\Hand.java. Using fallback presentation compiler.
2025.10.07 10:20:28 INFO  no build target found for C:\Users\panlu\Documents\Cours\M1_Mod_Archi_Patrons_Concep\app\src\main\java\org\example\tds\td3\conception\Hand.java. Using fallback presentation compiler.
2025.10.07 10:20:28 INFO  no build target found for C:\Users\panlu\Documents\Cours\M1_Mod_Archi_Patrons_Concep\app\src\main\java\org\example\tds\td3\conception\Hand.java. Using fallback presentation compiler.
2025.10.07 10:20:28 INFO  no build target found for C:\Users\panlu\Documents\Cours\M1_Mod_Archi_Patrons_Concep\app\src\main\java\org\example\tds\td3\conception\Hand.java. Using fallback presentation compiler.
2025.10.07 10:20:28 INFO  no build target found for C:\Users\panlu\Documents\Cours\M1_Mod_Archi_Patrons_Concep\app\src\main\java\org\example\tds\td3\conception\Hand.java. Using fallback presentation compiler.
2025.10.07 10:20:28 INFO  no build target found for C:\Users\panlu\Documents\Cours\M1_Mod_Archi_Patrons_Concep\app\src\main\java\org\example\tds\td3\conception\Hand.java. Using fallback presentation compiler.
2025.10.07 10:20:28 INFO  no build target found for C:\Users\panlu\Documents\Cours\M1_Mod_Archi_Patrons_Concep\app\src\main\java\org\example\tds\td3\conception\Hand.java. Using fallback presentation compiler.
2025.10.07 10:20:29 INFO  no build target found for C:\Users\panlu\Documents\Cours\M1_Mod_Archi_Patrons_Concep\app\src\main\java\org\example\tds\td3\conception\Hand.java. Using fallback presentation compiler.
2025.10.07 10:20:29 INFO  no build target found for C:\Users\panlu\Documents\Cours\M1_Mod_Archi_Patrons_Concep\app\src\main\java\org\example\tds\td3\conception\Hand.java. Using fallback presentation compiler.
2025.10.07 10:20:29 INFO  no build target found for C:\Users\panlu\Documents\Cours\M1_Mod_Archi_Patrons_Concep\app\src\main\java\org\example\tds\td3\conception\Hand.java. Using fallback presentation compiler.
2025.10.07 10:20:29 INFO  no build target found for C:\Users\panlu\Documents\Cours\M1_Mod_Archi_Patrons_Concep\app\src\main\java\org\example\tds\td3\conception\Hand.java. Using fallback presentation compiler.
2025.10.07 10:20:29 INFO  no build target found for C:\Users\panlu\Documents\Cours\M1_Mod_Archi_Patrons_Concep\app\src\main\java\org\example\tds\td3\conception\Hand.java. Using fallback presentation compiler.
2025.10.07 10:20:30 INFO  no build target found for C:\Users\panlu\Documents\Cours\M1_Mod_Archi_Patrons_Concep\app\src\main\java\org\example\tds\td3\conception\Hand.java. Using fallback presentation compiler.
2025.10.07 10:20:29 INFO  no build target found for C:\Users\panlu\Documents\Cours\M1_Mod_Archi_Patrons_Concep\app\src\main\java\org\example\tds\td3\conception\Hand.java. Using fallback presentation compiler.
2025.10.07 10:20:30 INFO  no build target found for C:\Users\panlu\Documents\Cours\M1_Mod_Archi_Patrons_Concep\app\src\main\java\org\example\tds\td3\conception\Hand.java. Using fallback presentation compiler.
2025.10.07 10:20:30 INFO  no build target found for C:\Users\panlu\Documents\Cours\M1_Mod_Archi_Patrons_Concep\app\src\main\java\org\example\tds\td3\conception\Hand.java. Using fallback presentation compiler.
2025.10.07 10:20:30 INFO  no build target found for C:\Users\panlu\Documents\Cours\M1_Mod_Archi_Patrons_Concep\app\src\main\java\org\example\tds\td3\conception\Hand.java. Using fallback presentation compiler.
2025.10.07 10:20:30 INFO  no build target found for C:\Users\panlu\Documents\Cours\M1_Mod_Archi_Patrons_Concep\app\src\main\java\org\example\tds\td3\conception\Hand.java. Using fallback presentation compiler.
2025.10.07 10:20:30 INFO  no build target found for C:\Users\panlu\Documents\Cours\M1_Mod_Archi_Patrons_Concep\app\src\main\java\org\example\tds\td3\conception\Hand.java. Using fallback presentation compiler.
2025.10.07 10:20:30 INFO  no build target found for C:\Users\panlu\Documents\Cours\M1_Mod_Archi_Patrons_Concep\app\src\main\java\org\example\tds\td3\conception\Hand.java. Using fallback presentation compiler.
2025.10.07 10:20:31 INFO  no build target found for C:\Users\panlu\Documents\Cours\M1_Mod_Archi_Patrons_Concep\app\src\main\java\org\example\tds\td3\conception\Hand.java. Using fallback presentation compiler.
2025.10.07 10:20:31 INFO  no build target found for C:\Users\panlu\Documents\Cours\M1_Mod_Archi_Patrons_Concep\app\src\main\java\org\example\tds\td3\conception\Hand.java. Using fallback presentation compiler.
2025.10.07 10:20:32 INFO  QDox parse error in file:///C:/Users/panlu/Documents/Cours/M1_Mod_Archi_Patrons_Concep/app/src/main/java/org/example/tds/td3/conception/Hand.java (full report at: "C:\Users\panlu\Documents\Cours\M1_Mod_Archi_Patrons_Concep\.metals\.reports\metals-full\2025-10-07\r_qdox-error_10-00-07-593.md")
2025.10.07 10:20:32 WARN  no build target for: C:\Users\panlu\Documents\Cours\M1_Mod_Archi_Patrons_Concep\app\src\main\java\org\example\tds\td3\conception\Hand.java
2025.10.07 10:20:32 INFO  no build target found for C:\Users\panlu\Documents\Cours\M1_Mod_Archi_Patrons_Concep\app\src\main\java\org\example\tds\td3\conception\Hand.java. Using fallback presentation compiler.
2025.10.07 10:20:32 WARN  Running javac-semanticdb failed for file:///C:/Users/panlu/Documents/Cours/M1_Mod_Archi_Patrons_Concep/app/src/main/java/org/example/tds/td3/conception/Hand.java. Output:

2025.10.07 10:20:31 INFO  no build target found for C:\Users\panlu\Documents\Cours\M1_Mod_Archi_Patrons_Concep\app\src\main\java\org\example\tds\td3\conception\Hand.java. Using fallback presentation compiler.
2025.10.07 10:20:31 INFO  no build target found for C:\Users\panlu\Documents\Cours\M1_Mod_Archi_Patrons_Concep\app\src\main\java\org\example\tds\td3\conception\Hand.java. Using fallback presentation compiler.
2025.10.07 10:20:33 INFO  no build target found for C:\Users\panlu\Documents\Cours\M1_Mod_Archi_Patrons_Concep\app\src\main\java\org\example\tds\td3\conception\Hand.java. Using fallback presentation compiler.
2025.10.07 10:20:32 INFO  no build target found for C:\Users\panlu\Documents\Cours\M1_Mod_Archi_Patrons_Concep\app\src\main\java\org\example\tds\td3\conception\Hand.java. Using fallback presentation compiler.
2025.10.07 10:20:33 INFO  no build target found for C:\Users\panlu\Documents\Cours\M1_Mod_Archi_Patrons_Concep\app\src\main\java\org\example\tds\td3\conception\Hand.java. Using fallback presentation compiler.
2025.10.07 10:20:33 INFO  no build target found for C:\Users\panlu\Documents\Cours\M1_Mod_Archi_Patrons_Concep\app\src\main\java\org\example\tds\td3\conception\Hand.java. Using fallback presentation compiler.
2025.10.07 10:20:33 INFO  no build target found for C:\Users\panlu\Documents\Cours\M1_Mod_Archi_Patrons_Concep\app\src\main\java\org\example\tds\td3\conception\Hand.java. Using fallback presentation compiler.
2025.10.07 10:20:34 INFO  no build target found for C:\Users\panlu\Documents\Cours\M1_Mod_Archi_Patrons_Concep\app\src\main\java\org\example\tds\td3\conception\Hand.java. Using fallback presentation compiler.
2025.10.07 10:20:34 INFO  no build target found for C:\Users\panlu\Documents\Cours\M1_Mod_Archi_Patrons_Concep\app\src\main\java\org\example\tds\td3\conception\Hand.java. Using fallback presentation compiler.
2025.10.07 10:20:34 INFO  no build target found for C:\Users\panlu\Documents\Cours\M1_Mod_Archi_Patrons_Concep\app\src\main\java\org\example\tds\td3\conception\Hand.java. Using fallback presentation compiler.
2025.10.07 10:20:34 INFO  no build target found for C:\Users\panlu\Documents\Cours\M1_Mod_Archi_Patrons_Concep\app\src\main\java\org\example\tds\td3\conception\Hand.java. Using fallback presentation compiler.
2025.10.07 10:20:34 INFO  no build target found for C:\Users\panlu\Documents\Cours\M1_Mod_Archi_Patrons_Concep\app\src\main\java\org\example\tds\td3\conception\Hand.java. Using fallback presentation compiler.
2025.10.07 10:20:34 INFO  no build target found for C:\Users\panlu\Documents\Cours\M1_Mod_Archi_Patrons_Concep\app\src\main\java\org\example\tds\td3\conception\Hand.java. Using fallback presentation compiler.
2025.10.07 10:20:34 INFO  no build target found for C:\Users\panlu\Documents\Cours\M1_Mod_Archi_Patrons_Concep\app\src\main\java\org\example\tds\td3\conception\Hand.java. Using fallback presentation compiler.
2025.10.07 10:20:34 INFO  no build target found for C:\Users\panlu\Documents\Cours\M1_Mod_Archi_Patrons_Concep\app\src\main\java\org\example\tds\td3\conception\Hand.java. Using fallback presentation compiler.
2025.10.07 10:20:35 INFO  no build target found for C:\Users\panlu\Documents\Cours\M1_Mod_Archi_Patrons_Concep\app\src\main\java\org\example\tds\td3\conception\Hand.java. Using fallback presentation compiler.
2025.10.07 10:20:35 INFO  no build target found for C:\Users\panlu\Documents\Cours\M1_Mod_Archi_Patrons_Concep\app\src\main\java\org\example\tds\td3\conception\Hand.java. Using fallback presentation compiler.
2025.10.07 10:20:35 WARN  no build target for: C:\Users\panlu\Documents\Cours\M1_Mod_Archi_Patrons_Concep\app\src\main\java\org\example\tds\td3\conception\Hand.java
2025.10.07 10:20:35 INFO  QDox parse error in file:///C:/Users/panlu/Documents/Cours/M1_Mod_Archi_Patrons_Concep/app/src/main/java/org/example/tds/td3/conception/Hand.java (full report at: "C:\Users\panlu\Documents\Cours\M1_Mod_Archi_Patrons_Concep\.metals\.reports\metals-full\2025-10-07\r_qdox-error_10-00-07-593.md")
2025.10.07 10:20:35 INFO  no build target found for C:\Users\panlu\Documents\Cours\M1_Mod_Archi_Patrons_Concep\app\src\main\java\org\example\tds\td3\conception\Hand.java. Using fallback presentation compiler.
2025.10.07 10:20:35 WARN  Running javac-semanticdb failed for file:///C:/Users/panlu/Documents/Cours/M1_Mod_Archi_Patrons_Concep/app/src/main/java/org/example/tds/td3/conception/Hand.java. Output:

2025.10.07 10:20:36 INFO  no build target found for C:\Users\panlu\Documents\Cours\M1_Mod_Archi_Patrons_Concep\app\src\main\java\org\example\tds\td3\conception\Hand.java. Using fallback presentation compiler.
2025.10.07 10:20:36 INFO  no build target found for C:\Users\panlu\Documents\Cours\M1_Mod_Archi_Patrons_Concep\app\src\main\java\org\example\tds\td3\conception\Hand.java. Using fallback presentation compiler.
2025.10.07 10:20:37 INFO  no build target found for C:\Users\panlu\Documents\Cours\M1_Mod_Archi_Patrons_Concep\app\src\main\java\org\example\tds\td3\conception\Hand.java. Using fallback presentation compiler.
2025.10.07 10:20:38 WARN  no build target for: C:\Users\panlu\Documents\Cours\M1_Mod_Archi_Patrons_Concep\app\src\main\java\org\example\tds\td3\conception\Hand.java
2025.10.07 10:20:37 INFO  QDox parse error in file:///C:/Users/panlu/Documents/Cours/M1_Mod_Archi_Patrons_Concep/app/src/main/java/org/example/tds/td3/conception/Hand.java (full report at: "C:\Users\panlu\Documents\Cours\M1_Mod_Archi_Patrons_Concep\.metals\.reports\metals-full\2025-10-07\r_qdox-error_10-00-07-593.md")
2025.10.07 10:20:38 INFO  no build target found for C:\Users\panlu\Documents\Cours\M1_Mod_Archi_Patrons_Concep\app\src\main\java\org\example\tds\td3\conception\Hand.java. Using fallback presentation compiler.
2025.10.07 10:20:38 WARN  Running javac-semanticdb failed for file:///C:/Users/panlu/Documents/Cours/M1_Mod_Archi_Patrons_Concep/app/src/main/java/org/example/tds/td3/conception/Hand.java. Output:

2025.10.07 10:20:39 INFO  no build target found for C:\Users\panlu\Documents\Cours\M1_Mod_Archi_Patrons_Concep\app\src\main\java\org\example\tds\td3\conception\Hand.java. Using fallback presentation compiler.
2025.10.07 10:20:39 INFO  no build target found for C:\Users\panlu\Documents\Cours\M1_Mod_Archi_Patrons_Concep\app\src\main\java\org\example\tds\td3\conception\Hand.java. Using fallback presentation compiler.
2025.10.07 10:20:39 INFO  no build target found for C:\Users\panlu\Documents\Cours\M1_Mod_Archi_Patrons_Concep\app\src\main\java\org\example\tds\td3\conception\Hand.java. Using fallback presentation compiler.
2025.10.07 10:20:39 INFO  no build target found for C:\Users\panlu\Documents\Cours\M1_Mod_Archi_Patrons_Concep\app\src\main\java\org\example\tds\td3\conception\Hand.java. Using fallback presentation compiler.
2025.10.07 10:20:39 INFO  no build target found for C:\Users\panlu\Documents\Cours\M1_Mod_Archi_Patrons_Concep\app\src\main\java\org\example\tds\td3\conception\Hand.java. Using fallback presentation compiler.
2025.10.07 10:20:39 INFO  no build target found for C:\Users\panlu\Documents\Cours\M1_Mod_Archi_Patrons_Concep\app\src\main\java\org\example\tds\td3\conception\Hand.java. Using fallback presentation compiler.
2025.10.07 10:20:40 INFO  no build target found for C:\Users\panlu\Documents\Cours\M1_Mod_Archi_Patrons_Concep\app\src\main\java\org\example\tds\td3\conception\Hand.java. Using fallback presentation compiler.
2025.10.07 10:20:40 INFO  no build target found for C:\Users\panlu\Documents\Cours\M1_Mod_Archi_Patrons_Concep\app\src\main\java\org\example\tds\td3\conception\Hand.java. Using fallback presentation compiler.
2025.10.07 10:20:40 INFO  no build target found for C:\Users\panlu\Documents\Cours\M1_Mod_Archi_Patrons_Concep\app\src\main\java\org\example\tds\td3\conception\Hand.java. Using fallback presentation compiler.
2025.10.07 10:20:40 INFO  no build target found for C:\Users\panlu\Documents\Cours\M1_Mod_Archi_Patrons_Concep\app\src\main\java\org\example\tds\td3\conception\Hand.java. Using fallback presentation compiler.
2025.10.07 10:20:40 INFO  no build target found for C:\Users\panlu\Documents\Cours\M1_Mod_Archi_Patrons_Concep\app\src\main\java\org\example\tds\td3\conception\Hand.java. Using fallback presentation compiler.
oct. 07, 2025 10:20:41 A.M. org.eclipse.lsp4j.jsonrpc.RemoteEndpoint handleCancellation
WARNING: Unmatched cancel notification for request id 4090
2025.10.07 10:20:40 INFO  no build target found for C:\Users\panlu\Documents\Cours\M1_Mod_Archi_Patrons_Concep\app\src\main\java\org\example\tds\td3\conception\Hand.java. Using fallback presentation compiler.
2025.10.07 10:20:41 INFO  no build target found for C:\Users\panlu\Documents\Cours\M1_Mod_Archi_Patrons_Concep\app\src\main\java\org\example\tds\td3\conception\Hand.java. Using fallback presentation compiler.
2025.10.07 10:20:41 INFO  no build target found for C:\Users\panlu\Documents\Cours\M1_Mod_Archi_Patrons_Concep\app\src\main\java\org\example\tds\td3\conception\Hand.java. Using fallback presentation compiler.
2025.10.07 10:20:41 INFO  no build target found for C:\Users\panlu\Documents\Cours\M1_Mod_Archi_Patrons_Concep\app\src\main\java\org\example\tds\td3\conception\Hand.java. Using fallback presentation compiler.
2025.10.07 10:20:42 WARN  Running javac-semanticdb failed for file:///C:/Users/panlu/Documents/Cours/M1_Mod_Archi_Patrons_Concep/app/src/main/java/org/example/tds/td3/conception/Hand.java. Output:

2025.10.07 10:20:42 INFO  QDox parse error in file:///C:/Users/panlu/Documents/Cours/M1_Mod_Archi_Patrons_Concep/app/src/main/java/org/example/tds/td3/conception/Hand.java (full report at: "C:\Users\panlu\Documents\Cours\M1_Mod_Archi_Patrons_Concep\.metals\.reports\metals-full\2025-10-07\r_qdox-error_10-00-07-593.md")
2025.10.07 10:20:42 WARN  no build target for: C:\Users\panlu\Documents\Cours\M1_Mod_Archi_Patrons_Concep\app\src\main\java\org\example\tds\td3\conception\Hand.java
2025.10.07 10:20:41 INFO  no build target found for C:\Users\panlu\Documents\Cours\M1_Mod_Archi_Patrons_Concep\app\src\main\java\org\example\tds\td3\conception\Hand.java. Using fallback presentation compiler.
2025.10.07 10:20:42 INFO  QDox parse error in file:///C:/Users/panlu/Documents/Cours/M1_Mod_Archi_Patrons_Concep/app/src/main/java/org/example/tds/td3/conception/Hand.java (full report at: "C:\Users\panlu\Documents\Cours\M1_Mod_Archi_Patrons_Concep\.metals\.reports\metals-full\2025-10-07\r_qdox-error_10-00-07-593.md")
2025.10.07 10:20:42 INFO  no build target found for C:\Users\panlu\Documents\Cours\M1_Mod_Archi_Patrons_Concep\app\src\main\java\org\example\tds\td3\conception\Hand.java. Using fallback presentation compiler.
2025.10.07 10:20:42 INFO  no build target found for C:\Users\panlu\Documents\Cours\M1_Mod_Archi_Patrons_Concep\app\src\main\java\org\example\tds\td3\conception\Hand.java. Using fallback presentation compiler.
2025.10.07 10:20:42 INFO  no build target found for C:\Users\panlu\Documents\Cours\M1_Mod_Archi_Patrons_Concep\app\src\main\java\org\example\tds\td3\conception\Hand.java. Using fallback presentation compiler.
2025.10.07 10:20:42 INFO  no build target found for C:\Users\panlu\Documents\Cours\M1_Mod_Archi_Patrons_Concep\app\src\main\java\org\example\tds\td3\conception\Hand.java. Using fallback presentation compiler.
2025.10.07 10:20:42 INFO  no build target found for C:\Users\panlu\Documents\Cours\M1_Mod_Archi_Patrons_Concep\app\src\main\java\org\example\tds\td3\conception\Hand.java. Using fallback presentation compiler.
2025.10.07 10:20:42 INFO  no build target found for C:\Users\panlu\Documents\Cours\M1_Mod_Archi_Patrons_Concep\app\src\main\java\org\example\tds\td3\conception\Hand.java. Using fallback presentation compiler.
2025.10.07 10:20:42 INFO  no build target found for C:\Users\panlu\Documents\Cours\M1_Mod_Archi_Patrons_Concep\app\src\main\java\org\example\tds\td3\conception\Hand.java. Using fallback presentation compiler.
2025.10.07 10:20:42 INFO  no build target found for C:\Users\panlu\Documents\Cours\M1_Mod_Archi_Patrons_Concep\app\src\main\java\org\example\tds\td3\conception\Hand.java. Using fallback presentation compiler.
2025.10.07 10:20:42 INFO  no build target found for C:\Users\panlu\Documents\Cours\M1_Mod_Archi_Patrons_Concep\app\src\main\java\org\example\tds\td3\conception\Hand.java. Using fallback presentation compiler.
2025.10.07 10:20:43 INFO  no build target found for C:\Users\panlu\Documents\Cours\M1_Mod_Archi_Patrons_Concep\app\src\main\java\org\example\tds\td3\conception\Hand.java. Using fallback presentation compiler.
2025.10.07 10:20:43 INFO  no build target found for C:\Users\panlu\Documents\Cours\M1_Mod_Archi_Patrons_Concep\app\src\main\java\org\example\tds\td3\conception\Hand.java. Using fallback presentation compiler.
2025.10.07 10:20:43 INFO  no build target found for C:\Users\panlu\Documents\Cours\M1_Mod_Archi_Patrons_Concep\app\src\main\java\org\example\tds\td3\conception\Hand.java. Using fallback presentation compiler.
2025.10.07 10:20:43 INFO  no build target found for C:\Users\panlu\Documents\Cours\M1_Mod_Archi_Patrons_Concep\app\src\main\java\org\example\tds\td3\conception\Hand.java. Using fallback presentation compiler.
2025.10.07 10:20:43 INFO  no build target found for C:\Users\panlu\Documents\Cours\M1_Mod_Archi_Patrons_Concep\app\src\main\java\org\example\tds\td3\conception\Hand.java. Using fallback presentation compiler.
2025.10.07 10:20:43 INFO  no build target found for C:\Users\panlu\Documents\Cours\M1_Mod_Archi_Patrons_Concep\app\src\main\java\org\example\tds\td3\conception\Hand.java. Using fallback presentation compiler.
2025.10.07 10:20:44 INFO  no build target found for C:\Users\panlu\Documents\Cours\M1_Mod_Archi_Patrons_Concep\app\src\main\java\org\example\tds\td3\conception\Hand.java. Using fallback presentation compiler.
2025.10.07 10:20:44 INFO  no build target found for C:\Users\panlu\Documents\Cours\M1_Mod_Archi_Patrons_Concep\app\src\main\java\org\example\tds\td3\conception\Hand.java. Using fallback presentation compiler.
2025.10.07 10:20:45 WARN  no build target for: C:\Users\panlu\Documents\Cours\M1_Mod_Archi_Patrons_Concep\app\src\main\java\org\example\tds\td3\conception\Hand.java
2025.10.07 10:20:45 INFO  no build target found for C:\Users\panlu\Documents\Cours\M1_Mod_Archi_Patrons_Concep\app\src\main\java\org\example\tds\td3\conception\Hand.java. Using fallback presentation compiler.
2025.10.07 10:20:45 INFO  QDox parse error in file:///C:/Users/panlu/Documents/Cours/M1_Mod_Archi_Patrons_Concep/app/src/main/java/org/example/tds/td3/conception/Hand.java (full report at: "C:\Users\panlu\Documents\Cours\M1_Mod_Archi_Patrons_Concep\.metals\.reports\metals-full\2025-10-07\r_qdox-error_10-00-07-593.md")
2025.10.07 10:20:45 WARN  Running javac-semanticdb failed for file:///C:/Users/panlu/Documents/Cours/M1_Mod_Archi_Patrons_Concep/app/src/main/java/org/example/tds/td3/conception/Hand.java. Output:

2025.10.07 10:20:45 INFO  no build target found for C:\Users\panlu\Documents\Cours\M1_Mod_Archi_Patrons_Concep\app\src\main\java\org\example\tds\td3\conception\Hand.java. Using fallback presentation compiler.
2025.10.07 10:20:45 INFO  no build target found for C:\Users\panlu\Documents\Cours\M1_Mod_Archi_Patrons_Concep\app\src\main\java\org\example\tds\td3\conception\Hand.java. Using fallback presentation compiler.
2025.10.07 10:20:45 INFO  no build target found for C:\Users\panlu\Documents\Cours\M1_Mod_Archi_Patrons_Concep\app\src\main\java\org\example\tds\td3\conception\Hand.java. Using fallback presentation compiler.
2025.10.07 10:20:46 INFO  no build target found for C:\Users\panlu\Documents\Cours\M1_Mod_Archi_Patrons_Concep\app\src\main\java\org\example\tds\td3\conception\Hand.java. Using fallback presentation compiler.
2025.10.07 10:20:45 INFO  no build target found for C:\Users\panlu\Documents\Cours\M1_Mod_Archi_Patrons_Concep\app\src\main\java\org\example\tds\td3\conception\Hand.java. Using fallback presentation compiler.
2025.10.07 10:20:45 INFO  no build target found for C:\Users\panlu\Documents\Cours\M1_Mod_Archi_Patrons_Concep\app\src\main\java\org\example\tds\td3\conception\Hand.java. Using fallback presentation compiler.
2025.10.07 10:20:46 INFO  no build target found for C:\Users\panlu\Documents\Cours\M1_Mod_Archi_Patrons_Concep\app\src\main\java\org\example\tds\td3\conception\Hand.java. Using fallback presentation compiler.
2025.10.07 10:20:47 INFO  no build target found for C:\Users\panlu\Documents\Cours\M1_Mod_Archi_Patrons_Concep\app\src\main\java\org\example\tds\td3\conception\Hand.java. Using fallback presentation compiler.
2025.10.07 10:20:47 WARN  no build target for: C:\Users\panlu\Documents\Cours\M1_Mod_Archi_Patrons_Concep\app\src\main\java\org\example\tds\td3\conception\Hand.java
2025.10.07 10:20:47 INFO  no build target found for C:\Users\panlu\Documents\Cours\M1_Mod_Archi_Patrons_Concep\app\src\main\java\org\example\tds\td3\conception\Hand.java. Using fallback presentation compiler.
2025.10.07 10:20:47 INFO  QDox parse error in file:///C:/Users/panlu/Documents/Cours/M1_Mod_Archi_Patrons_Concep/app/src/main/java/org/example/tds/td3/conception/Hand.java (full report at: "C:\Users\panlu\Documents\Cours\M1_Mod_Archi_Patrons_Concep\.metals\.reports\metals-full\2025-10-07\r_qdox-error_10-00-07-593.md")
2025.10.07 10:20:47 WARN  Running javac-semanticdb failed for file:///C:/Users/panlu/Documents/Cours/M1_Mod_Archi_Patrons_Concep/app/src/main/java/org/example/tds/td3/conception/Hand.java. Output:

2025.10.07 10:20:47 INFO  no build target found for C:\Users\panlu\Documents\Cours\M1_Mod_Archi_Patrons_Concep\app\src\main\java\org\example\tds\td3\conception\Hand.java. Using fallback presentation compiler.
2025.10.07 10:20:48 INFO  no build target found for C:\Users\panlu\Documents\Cours\M1_Mod_Archi_Patrons_Concep\app\src\main\java\org\example\tds\td3\conception\Hand.java. Using fallback presentation compiler.
2025.10.07 10:20:49 INFO  no build target found for C:\Users\panlu\Documents\Cours\M1_Mod_Archi_Patrons_Concep\app\src\main\java\org\example\tds\td3\conception\Hand.java. Using fallback presentation compiler.
2025.10.07 10:20:50 INFO  no build target found for C:\Users\panlu\Documents\Cours\M1_Mod_Archi_Patrons_Concep\app\src\main\java\org\example\tds\td3\conception\Hand.java. Using fallback presentation compiler.
2025.10.07 10:20:50 WARN  no build target for: C:\Users\panlu\Documents\Cours\M1_Mod_Archi_Patrons_Concep\app\src\main\java\org\example\tds\td3\conception\Hand.java
2025.10.07 10:20:50 INFO  QDox parse error in file:///C:/Users/panlu/Documents/Cours/M1_Mod_Archi_Patrons_Concep/app/src/main/java/org/example/tds/td3/conception/Hand.java (full report at: "C:\Users\panlu\Documents\Cours\M1_Mod_Archi_Patrons_Concep\.metals\.reports\metals-full\2025-10-07\r_qdox-error_10-00-07-593.md")
2025.10.07 10:20:50 INFO  no build target found for C:\Users\panlu\Documents\Cours\M1_Mod_Archi_Patrons_Concep\app\src\main\java\org\example\tds\td3\conception\Hand.java. Using fallback presentation compiler.
2025.10.07 10:20:50 WARN  Running javac-semanticdb failed for file:///C:/Users/panlu/Documents/Cours/M1_Mod_Archi_Patrons_Concep/app/src/main/java/org/example/tds/td3/conception/Hand.java. Output:

2025.10.07 10:20:53 INFO  no build target found for C:\Users\panlu\Documents\Cours\M1_Mod_Archi_Patrons_Concep\app\src\main\java\org\example\tds\td3\conception\Hand.java. Using fallback presentation compiler.
2025.10.07 10:20:53 INFO  no build target found for C:\Users\panlu\Documents\Cours\M1_Mod_Archi_Patrons_Concep\app\src\main\java\org\example\tds\td3\conception\Hand.java. Using fallback presentation compiler.
2025.10.07 10:20:54 INFO  no build target found for C:\Users\panlu\Documents\Cours\M1_Mod_Archi_Patrons_Concep\app\src\main\java\org\example\tds\td3\conception\Hand.java. Using fallback presentation compiler.
2025.10.07 10:20:53 INFO  no build target found for C:\Users\panlu\Documents\Cours\M1_Mod_Archi_Patrons_Concep\app\src\main\java\org\example\tds\td3\conception\Hand.java. Using fallback presentation compiler.
2025.10.07 10:20:54 INFO  no build target found for C:\Users\panlu\Documents\Cours\M1_Mod_Archi_Patrons_Concep\app\src\main\java\org\example\tds\td3\conception\Hand.java. Using fallback presentation compiler.
2025.10.07 10:20:55 WARN  no build target for: C:\Users\panlu\Documents\Cours\M1_Mod_Archi_Patrons_Concep\app\src\main\java\org\example\tds\td3\conception\Hand.java
2025.10.07 10:20:54 INFO  QDox parse error in file:///C:/Users/panlu/Documents/Cours/M1_Mod_Archi_Patrons_Concep/app/src/main/java/org/example/tds/td3/conception/Hand.java (full report at: "C:\Users\panlu\Documents\Cours\M1_Mod_Archi_Patrons_Concep\.metals\.reports\metals-full\2025-10-07\r_qdox-error_10-00-07-593.md")
2025.10.07 10:20:55 INFO  no build target found for C:\Users\panlu\Documents\Cours\M1_Mod_Archi_Patrons_Concep\app\src\main\java\org\example\tds\td3\conception\Hand.java. Using fallback presentation compiler.
2025.10.07 10:20:55 WARN  Running javac-semanticdb failed for file:///C:/Users/panlu/Documents/Cours/M1_Mod_Archi_Patrons_Concep/app/src/main/java/org/example/tds/td3/conception/Hand.java. Output:

2025.10.07 10:20:55 INFO  no build target found for C:\Users\panlu\Documents\Cours\M1_Mod_Archi_Patrons_Concep\app\src\main\java\org\example\tds\td3\conception\Hand.java. Using fallback presentation compiler.
2025.10.07 10:20:56 INFO  no build target found for C:\Users\panlu\Documents\Cours\M1_Mod_Archi_Patrons_Concep\app\src\main\java\org\example\tds\td3\conception\Hand.java. Using fallback presentation compiler.
2025.10.07 10:20:55 INFO  no build target found for C:\Users\panlu\Documents\Cours\M1_Mod_Archi_Patrons_Concep\app\src\main\java\org\example\tds\td3\conception\Hand.java. Using fallback presentation compiler.
2025.10.07 10:20:56 INFO  no build target found for C:\Users\panlu\Documents\Cours\M1_Mod_Archi_Patrons_Concep\app\src\main\java\org\example\tds\td3\conception\Hand.java. Using fallback presentation compiler.
2025.10.07 10:20:57 WARN  no build target for: C:\Users\panlu\Documents\Cours\M1_Mod_Archi_Patrons_Concep\app\src\main\java\org\example\tds\td3\conception\Hand.java
2025.10.07 10:20:57 INFO  no build target found for C:\Users\panlu\Documents\Cours\M1_Mod_Archi_Patrons_Concep\app\src\main\java\org\example\tds\td3\conception\Hand.java. Using fallback presentation compiler.
2025.10.07 10:20:57 INFO  QDox parse error in file:///C:/Users/panlu/Documents/Cours/M1_Mod_Archi_Patrons_Concep/app/src/main/java/org/example/tds/td3/conception/Hand.java (full report at: "C:\Users\panlu\Documents\Cours\M1_Mod_Archi_Patrons_Concep\.metals\.reports\metals-full\2025-10-07\r_qdox-error_10-00-07-593.md")
2025.10.07 10:20:57 WARN  Running javac-semanticdb failed for file:///C:/Users/panlu/Documents/Cours/M1_Mod_Archi_Patrons_Concep/app/src/main/java/org/example/tds/td3/conception/Hand.java. Output:

2025.10.07 10:21:00 INFO  no build target found for C:\Users\panlu\Documents\Cours\M1_Mod_Archi_Patrons_Concep\app\src\main\java\org\example\tds\td3\conception\Hand.java. Using fallback presentation compiler.
2025.10.07 10:21:00 INFO  no build target found for C:\Users\panlu\Documents\Cours\M1_Mod_Archi_Patrons_Concep\app\src\main\java\org\example\tds\td3\conception\Hand.java. Using fallback presentation compiler.
2025.10.07 10:21:01 INFO  no build target found for C:\Users\panlu\Documents\Cours\M1_Mod_Archi_Patrons_Concep\app\src\main\java\org\example\tds\td3\conception\Hand.java. Using fallback presentation compiler.
2025.10.07 10:21:00 INFO  no build target found for C:\Users\panlu\Documents\Cours\M1_Mod_Archi_Patrons_Concep\app\src\main\java\org\example\tds\td3\conception\Hand.java. Using fallback presentation compiler.
2025.10.07 10:21:01 WARN  no build target for: C:\Users\panlu\Documents\Cours\M1_Mod_Archi_Patrons_Concep\app\src\main\java\org\example\tds\td3\conception\Hand.java
2025.10.07 10:21:01 INFO  QDox parse error in file:///C:/Users/panlu/Documents/Cours/M1_Mod_Archi_Patrons_Concep/app/src/main/java/org/example/tds/td3/conception/Hand.java (full report at: "C:\Users\panlu\Documents\Cours\M1_Mod_Archi_Patrons_Concep\.metals\.reports\metals-full\2025-10-07\r_qdox-error_10-00-07-593.md")
2025.10.07 10:21:01 INFO  no build target found for C:\Users\panlu\Documents\Cours\M1_Mod_Archi_Patrons_Concep\app\src\main\java\org\example\tds\td3\conception\Hand.java. Using fallback presentation compiler.
2025.10.07 10:21:01 WARN  Running javac-semanticdb failed for file:///C:/Users/panlu/Documents/Cours/M1_Mod_Archi_Patrons_Concep/app/src/main/java/org/example/tds/td3/conception/Hand.java. Output:

2025.10.07 10:21:02 INFO  no build target found for C:\Users\panlu\Documents\Cours\M1_Mod_Archi_Patrons_Concep\app\src\main\java\org\example\tds\td3\conception\Hand.java. Using fallback presentation compiler.
2025.10.07 10:21:04 INFO  no build target found for C:\Users\panlu\Documents\Cours\M1_Mod_Archi_Patrons_Concep\app\src\main\java\org\example\tds\td3\conception\Hand.java. Using fallback presentation compiler.
2025.10.07 10:21:04 INFO  no build target found for C:\Users\panlu\Documents\Cours\M1_Mod_Archi_Patrons_Concep\app\src\main\java\org\example\tds\td3\conception\Hand.java. Using fallback presentation compiler.
2025.10.07 10:21:05 WARN  no build target for: C:\Users\panlu\Documents\Cours\M1_Mod_Archi_Patrons_Concep\app\src\main\java\org\example\tds\td3\conception\Hand.java
2025.10.07 10:21:05 INFO  QDox parse error in file:///C:/Users/panlu/Documents/Cours/M1_Mod_Archi_Patrons_Concep/app/src/main/java/org/example/tds/td3/conception/Hand.java (full report at: "C:\Users\panlu\Documents\Cours\M1_Mod_Archi_Patrons_Concep\.metals\.reports\metals-full\2025-10-07\r_qdox-error_10-00-07-593.md")
2025.10.07 10:21:05 INFO  no build target found for C:\Users\panlu\Documents\Cours\M1_Mod_Archi_Patrons_Concep\app\src\main\java\org\example\tds\td3\conception\Hand.java. Using fallback presentation compiler.
2025.10.07 10:21:05 WARN  Running javac-semanticdb failed for file:///C:/Users/panlu/Documents/Cours/M1_Mod_Archi_Patrons_Concep/app/src/main/java/org/example/tds/td3/conception/Hand.java. Output:

2025.10.07 10:21:05 INFO  no build target found for C:\Users\panlu\Documents\Cours\M1_Mod_Archi_Patrons_Concep\app\src\main\java\org\example\tds\td3\conception\Hand.java. Using fallback presentation compiler.
2025.10.07 10:21:05 INFO  no build target found for C:\Users\panlu\Documents\Cours\M1_Mod_Archi_Patrons_Concep\app\src\main\java\org\example\tds\td3\conception\Hand.java. Using fallback presentation compiler.
2025.10.07 10:21:05 INFO  no build target found for C:\Users\panlu\Documents\Cours\M1_Mod_Archi_Patrons_Concep\app\src\main\java\org\example\tds\td3\conception\Hand.java. Using fallback presentation compiler.
2025.10.07 10:21:05 INFO  no build target found for C:\Users\panlu\Documents\Cours\M1_Mod_Archi_Patrons_Concep\app\src\main\java\org\example\tds\td3\conception\Hand.java. Using fallback presentation compiler.
2025.10.07 10:21:06 WARN  no build target for: C:\Users\panlu\Documents\Cours\M1_Mod_Archi_Patrons_Concep\app\src\main\java\org\example\tds\td3\conception\Hand.java
2025.10.07 10:21:06 INFO  no build target found for C:\Users\panlu\Documents\Cours\M1_Mod_Archi_Patrons_Concep\app\src\main\java\org\example\tds\td3\conception\Hand.java. Using fallback presentation compiler.
2025.10.07 10:21:06 INFO  no build target found for C:\Users\panlu\Documents\Cours\M1_Mod_Archi_Patrons_Concep\app\src\main\java\org\example\tds\td3\conception\Hand.java. Using fallback presentation compiler.
2025.10.07 10:21:06 INFO  no build target found for C:\Users\panlu\Documents\Cours\M1_Mod_Archi_Patrons_Concep\app\src\main\java\org\example\tds\td3\conception\Hand.java. Using fallback presentation compiler.
2025.10.07 10:21:49 INFO  no build target found for C:\Users\panlu\Documents\Cours\M1_Mod_Archi_Patrons_Concep\app\src\main\java\org\example\tds\td3\conception\Hand.java. Using fallback presentation compiler.
2025.10.07 10:21:49 INFO  no build target found for C:\Users\panlu\Documents\Cours\M1_Mod_Archi_Patrons_Concep\app\src\main\java\org\example\tds\td3\conception\Hand.java. Using fallback presentation compiler.
2025.10.07 10:21:50 INFO  no build target found for C:\Users\panlu\Documents\Cours\M1_Mod_Archi_Patrons_Concep\app\src\main\java\org\example\tds\td3\conception\Hand.java. Using fallback presentation compiler.
2025.10.07 10:21:50 INFO  no build target found for C:\Users\panlu\Documents\Cours\M1_Mod_Archi_Patrons_Concep\app\src\main\java\org\example\tds\td3\conception\Hand.java. Using fallback presentation compiler.
2025.10.07 10:21:50 INFO  no build target found for C:\Users\panlu\Documents\Cours\M1_Mod_Archi_Patrons_Concep\app\src\main\java\org\example\tds\td3\conception\Hand.java. Using fallback presentation compiler.
2025.10.07 10:21:50 INFO  no build target found for C:\Users\panlu\Documents\Cours\M1_Mod_Archi_Patrons_Concep\app\src\main\java\org\example\tds\td3\conception\Hand.java. Using fallback presentation compiler.
2025.10.07 10:21:50 INFO  no build target found for C:\Users\panlu\Documents\Cours\M1_Mod_Archi_Patrons_Concep\app\src\main\java\org\example\tds\td3\conception\Hand.java. Using fallback presentation compiler.
2025.10.07 10:21:50 INFO  no build target found for C:\Users\panlu\Documents\Cours\M1_Mod_Archi_Patrons_Concep\app\src\main\java\org\example\tds\td3\conception\Hand.java. Using fallback presentation compiler.
2025.10.07 10:21:50 INFO  no build target found for C:\Users\panlu\Documents\Cours\M1_Mod_Archi_Patrons_Concep\app\src\main\java\org\example\tds\td3\conception\Hand.java. Using fallback presentation compiler.
2025.10.07 10:21:51 INFO  no build target found for C:\Users\panlu\Documents\Cours\M1_Mod_Archi_Patrons_Concep\app\src\main\java\org\example\tds\td3\conception\Hand.java. Using fallback presentation compiler.
2025.10.07 10:21:51 INFO  no build target found for C:\Users\panlu\Documents\Cours\M1_Mod_Archi_Patrons_Concep\app\src\main\java\org\example\tds\td3\conception\Hand.java. Using fallback presentation compiler.
2025.10.07 10:21:52 INFO  no build target found for C:\Users\panlu\Documents\Cours\M1_Mod_Archi_Patrons_Concep\app\src\main\java\org\example\tds\td3\conception\Hand.java. Using fallback presentation compiler.
2025.10.07 10:21:51 INFO  no build target found for C:\Users\panlu\Documents\Cours\M1_Mod_Archi_Patrons_Concep\app\src\main\java\org\example\tds\td3\conception\Hand.java. Using fallback presentation compiler.
2025.10.07 10:21:51 INFO  no build target found for C:\Users\panlu\Documents\Cours\M1_Mod_Archi_Patrons_Concep\app\src\main\java\org\example\tds\td3\conception\Hand.java. Using fallback presentation compiler.
2025.10.07 10:21:52 INFO  no build target found for C:\Users\panlu\Documents\Cours\M1_Mod_Archi_Patrons_Concep\app\src\main\java\org\example\tds\td3\conception\Hand.java. Using fallback presentation compiler.
2025.10.07 10:21:53 INFO  no build target found for C:\Users\panlu\Documents\Cours\M1_Mod_Archi_Patrons_Concep\app\src\main\java\org\example\tds\td3\conception\Hand.java. Using fallback presentation compiler.
2025.10.07 10:21:53 INFO  no build target found for C:\Users\panlu\Documents\Cours\M1_Mod_Archi_Patrons_Concep\app\src\main\java\org\example\tds\td3\conception\Hand.java. Using fallback presentation compiler.
2025.10.07 10:21:53 INFO  no build target found for C:\Users\panlu\Documents\Cours\M1_Mod_Archi_Patrons_Concep\app\src\main\java\org\example\tds\td3\conception\Hand.java. Using fallback presentation compiler.
2025.10.07 10:21:53 INFO  no build target found for C:\Users\panlu\Documents\Cours\M1_Mod_Archi_Patrons_Concep\app\src\main\java\org\example\tds\td3\conception\Hand.java. Using fallback presentation compiler.
2025.10.07 10:21:53 INFO  no build target found for C:\Users\panlu\Documents\Cours\M1_Mod_Archi_Patrons_Concep\app\src\main\java\org\example\tds\td3\conception\Hand.java. Using fallback presentation compiler.
2025.10.07 10:21:53 INFO  no build target found for C:\Users\panlu\Documents\Cours\M1_Mod_Archi_Patrons_Concep\app\src\main\java\org\example\tds\td3\conception\Hand.java. Using fallback presentation compiler.
2025.10.07 10:21:53 INFO  no build target found for C:\Users\panlu\Documents\Cours\M1_Mod_Archi_Patrons_Concep\app\src\main\java\org\example\tds\td3\conception\Hand.java. Using fallback presentation compiler.
2025.10.07 10:21:53 INFO  no build target found for C:\Users\panlu\Documents\Cours\M1_Mod_Archi_Patrons_Concep\app\src\main\java\org\example\tds\td3\conception\Hand.java. Using fallback presentation compiler.
2025.10.07 10:21:54 INFO  no build target found for C:\Users\panlu\Documents\Cours\M1_Mod_Archi_Patrons_Concep\app\src\main\java\org\example\tds\td3\conception\Hand.java. Using fallback presentation compiler.
2025.10.07 10:21:54 INFO  no build target found for C:\Users\panlu\Documents\Cours\M1_Mod_Archi_Patrons_Concep\app\src\main\java\org\example\tds\td3\conception\Hand.java. Using fallback presentation compiler.
2025.10.07 10:21:55 INFO  no build target found for C:\Users\panlu\Documents\Cours\M1_Mod_Archi_Patrons_Concep\app\src\main\java\org\example\tds\td3\conception\Hand.java. Using fallback presentation compiler.
2025.10.07 10:21:56 WARN  no build target for: C:\Users\panlu\Documents\Cours\M1_Mod_Archi_Patrons_Concep\app\src\main\java\org\example\tds\td3\conception\Hand.java
2025.10.07 10:21:56 INFO  no build target found for C:\Users\panlu\Documents\Cours\M1_Mod_Archi_Patrons_Concep\app\src\main\java\org\example\tds\td3\conception\Hand.java. Using fallback presentation compiler.
2025.10.07 10:22:44 INFO  no build target found for C:\Users\panlu\Documents\Cours\M1_Mod_Archi_Patrons_Concep\app\src\main\java\org\example\tds\td3\conception\Hand.java. Using fallback presentation compiler.
2025.10.07 10:22:44 INFO  no build target found for C:\Users\panlu\Documents\Cours\M1_Mod_Archi_Patrons_Concep\app\src\main\java\org\example\tds\td3\conception\Hand.java. Using fallback presentation compiler.
2025.10.07 10:22:44 INFO  no build target found for C:\Users\panlu\Documents\Cours\M1_Mod_Archi_Patrons_Concep\app\src\main\java\org\example\tds\td3\conception\Hand.java. Using fallback presentation compiler.
2025.10.07 10:22:44 INFO  no build target found for C:\Users\panlu\Documents\Cours\M1_Mod_Archi_Patrons_Concep\app\src\main\java\org\example\tds\td3\conception\Hand.java. Using fallback presentation compiler.
2025.10.07 10:22:44 INFO  no build target found for C:\Users\panlu\Documents\Cours\M1_Mod_Archi_Patrons_Concep\app\src\main\java\org\example\tds\td3\conception\Hand.java. Using fallback presentation compiler.
2025.10.07 10:22:44 INFO  no build target found for C:\Users\panlu\Documents\Cours\M1_Mod_Archi_Patrons_Concep\app\src\main\java\org\example\tds\td3\conception\Hand.java. Using fallback presentation compiler.
2025.10.07 10:22:44 INFO  no build target found for C:\Users\panlu\Documents\Cours\M1_Mod_Archi_Patrons_Concep\app\src\main\java\org\example\tds\td3\conception\Hand.java. Using fallback presentation compiler.
2025.10.07 10:22:45 INFO  no build target found for C:\Users\panlu\Documents\Cours\M1_Mod_Archi_Patrons_Concep\app\src\main\java\org\example\tds\td3\conception\Hand.java. Using fallback presentation compiler.
2025.10.07 10:22:45 INFO  no build target found for C:\Users\panlu\Documents\Cours\M1_Mod_Archi_Patrons_Concep\app\src\main\java\org\example\tds\td3\conception\Hand.java. Using fallback presentation compiler.
2025.10.07 10:22:45 INFO  no build target found for C:\Users\panlu\Documents\Cours\M1_Mod_Archi_Patrons_Concep\app\src\main\java\org\example\tds\td3\conception\Hand.java. Using fallback presentation compiler.
2025.10.07 10:22:45 INFO  no build target found for C:\Users\panlu\Documents\Cours\M1_Mod_Archi_Patrons_Concep\app\src\main\java\org\example\tds\td3\conception\Hand.java. Using fallback presentation compiler.
2025.10.07 10:22:45 INFO  no build target found for C:\Users\panlu\Documents\Cours\M1_Mod_Archi_Patrons_Concep\app\src\main\java\org\example\tds\td3\conception\Hand.java. Using fallback presentation compiler.
2025.10.07 10:22:45 INFO  no build target found for C:\Users\panlu\Documents\Cours\M1_Mod_Archi_Patrons_Concep\app\src\main\java\org\example\tds\td3\conception\Hand.java. Using fallback presentation compiler.
2025.10.07 10:22:45 INFO  no build target found for C:\Users\panlu\Documents\Cours\M1_Mod_Archi_Patrons_Concep\app\src\main\java\org\example\tds\td3\conception\Hand.java. Using fallback presentation compiler.
2025.10.07 10:22:45 INFO  no build target found for C:\Users\panlu\Documents\Cours\M1_Mod_Archi_Patrons_Concep\app\src\main\java\org\example\tds\td3\conception\Hand.java. Using fallback presentation compiler.
2025.10.07 10:22:46 INFO  no build target found for C:\Users\panlu\Documents\Cours\M1_Mod_Archi_Patrons_Concep\app\src\main\java\org\example\tds\td3\conception\Hand.java. Using fallback presentation compiler.
2025.10.07 10:22:47 WARN  no build target for: C:\Users\panlu\Documents\Cours\M1_Mod_Archi_Patrons_Concep\app\src\main\java\org\example\tds\td3\conception\Hand.java
2025.10.07 10:22:47 INFO  no build target found for C:\Users\panlu\Documents\Cours\M1_Mod_Archi_Patrons_Concep\app\src\main\java\org\example\tds\td3\conception\Hand.java. Using fallback presentation compiler.
2025.10.07 10:22:47 WARN  Running javac-semanticdb failed for file:///C:/Users/panlu/Documents/Cours/M1_Mod_Archi_Patrons_Concep/app/src/main/java/org/example/tds/td3/conception/Hand.java. Output:

2025.10.07 10:22:47 INFO  no build target found for C:\Users\panlu\Documents\Cours\M1_Mod_Archi_Patrons_Concep\app\src\main\java\org\example\tds\td3\conception\Hand.java. Using fallback presentation compiler.
2025.10.07 10:22:47 INFO  no build target found for C:\Users\panlu\Documents\Cours\M1_Mod_Archi_Patrons_Concep\app\src\main\java\org\example\tds\td3\conception\Hand.java. Using fallback presentation compiler.
2025.10.07 10:22:48 INFO  no build target found for C:\Users\panlu\Documents\Cours\M1_Mod_Archi_Patrons_Concep\app\src\main\java\org\example\tds\td3\conception\Hand.java. Using fallback presentation compiler.
2025.10.07 10:22:47 INFO  no build target found for C:\Users\panlu\Documents\Cours\M1_Mod_Archi_Patrons_Concep\app\src\main\java\org\example\tds\td3\conception\Hand.java. Using fallback presentation compiler.
2025.10.07 10:22:47 INFO  no build target found for C:\Users\panlu\Documents\Cours\M1_Mod_Archi_Patrons_Concep\app\src\main\java\org\example\tds\td3\conception\Hand.java. Using fallback presentation compiler.
2025.10.07 10:22:48 INFO  no build target found for C:\Users\panlu\Documents\Cours\M1_Mod_Archi_Patrons_Concep\app\src\main\java\org\example\tds\td3\conception\Hand.java. Using fallback presentation compiler.
2025.10.07 10:22:47 INFO  no build target found for C:\Users\panlu\Documents\Cours\M1_Mod_Archi_Patrons_Concep\app\src\main\java\org\example\tds\td3\conception\Hand.java. Using fallback presentation compiler.
2025.10.07 10:22:48 INFO  no build target found for C:\Users\panlu\Documents\Cours\M1_Mod_Archi_Patrons_Concep\app\src\main\java\org\example\tds\td3\conception\Hand.java. Using fallback presentation compiler.
2025.10.07 10:22:49 INFO  no build target found for C:\Users\panlu\Documents\Cours\M1_Mod_Archi_Patrons_Concep\app\src\main\java\org\example\tds\td3\conception\Hand.java. Using fallback presentation compiler.
2025.10.07 10:22:49 INFO  no build target found for C:\Users\panlu\Documents\Cours\M1_Mod_Archi_Patrons_Concep\app\src\main\java\org\example\tds\td3\conception\Hand.java. Using fallback presentation compiler.
2025.10.07 10:22:49 INFO  no build target found for C:\Users\panlu\Documents\Cours\M1_Mod_Archi_Patrons_Concep\app\src\main\java\org\example\tds\td3\conception\Hand.java. Using fallback presentation compiler.
2025.10.07 10:22:49 INFO  no build target found for C:\Users\panlu\Documents\Cours\M1_Mod_Archi_Patrons_Concep\app\src\main\java\org\example\tds\td3\conception\Hand.java. Using fallback presentation compiler.
2025.10.07 10:22:49 INFO  no build target found for C:\Users\panlu\Documents\Cours\M1_Mod_Archi_Patrons_Concep\app\src\main\java\org\example\tds\td3\conception\Hand.java. Using fallback presentation compiler.
2025.10.07 10:22:49 INFO  no build target found for C:\Users\panlu\Documents\Cours\M1_Mod_Archi_Patrons_Concep\app\src\main\java\org\example\tds\td3\conception\Hand.java. Using fallback presentation compiler.
2025.10.07 10:22:50 WARN  no build target for: C:\Users\panlu\Documents\Cours\M1_Mod_Archi_Patrons_Concep\app\src\main\java\org\example\tds\td3\conception\Hand.java
2025.10.07 10:22:50 INFO  no build target found for C:\Users\panlu\Documents\Cours\M1_Mod_Archi_Patrons_Concep\app\src\main\java\org\example\tds\td3\conception\Hand.java. Using fallback presentation compiler.
2025.10.07 10:22:50 INFO  no build target found for C:\Users\panlu\Documents\Cours\M1_Mod_Archi_Patrons_Concep\app\src\main\java\org\example\tds\td3\conception\Hand.java. Using fallback presentation compiler.
2025.10.07 10:22:50 INFO  no build target found for C:\Users\panlu\Documents\Cours\M1_Mod_Archi_Patrons_Concep\app\src\main\java\org\example\tds\td3\conception\Hand.java. Using fallback presentation compiler.
2025.10.07 10:22:50 INFO  no build target found for C:\Users\panlu\Documents\Cours\M1_Mod_Archi_Patrons_Concep\app\src\main\java\org\example\tds\td3\conception\Hand.java. Using fallback presentation compiler.
2025.10.07 10:22:51 INFO  no build target found for C:\Users\panlu\Documents\Cours\M1_Mod_Archi_Patrons_Concep\app\src\main\java\org\example\tds\td3\conception\Hand.java. Using fallback presentation compiler.
2025.10.07 10:22:50 INFO  no build target found for C:\Users\panlu\Documents\Cours\M1_Mod_Archi_Patrons_Concep\app\src\main\java\org\example\tds\td3\conception\Hand.java. Using fallback presentation compiler.
2025.10.07 10:22:51 INFO  no build target found for C:\Users\panlu\Documents\Cours\M1_Mod_Archi_Patrons_Concep\app\src\main\java\org\example\tds\td3\conception\Hand.java. Using fallback presentation compiler.
2025.10.07 10:22:52 WARN  no build target for: C:\Users\panlu\Documents\Cours\M1_Mod_Archi_Patrons_Concep\app\src\main\java\org\example\tds\td3\conception\Hand.java
2025.10.07 10:22:52 INFO  no build target found for C:\Users\panlu\Documents\Cours\M1_Mod_Archi_Patrons_Concep\app\src\main\java\org\example\tds\td3\conception\Hand.java. Using fallback presentation compiler.
2025.10.07 10:22:56 INFO  no build target found for C:\Users\panlu\Documents\Cours\M1_Mod_Archi_Patrons_Concep\app\src\main\java\org\example\tds\td3\conception\Hand.java. Using fallback presentation compiler.
2025.10.07 10:22:56 INFO  no build target found for C:\Users\panlu\Documents\Cours\M1_Mod_Archi_Patrons_Concep\app\src\main\java\org\example\tds\td3\conception\Hand.java. Using fallback presentation compiler.
2025.10.07 10:22:57 INFO  no build target found for C:\Users\panlu\Documents\Cours\M1_Mod_Archi_Patrons_Concep\app\src\main\java\org\example\tds\td3\conception\Hand.java. Using fallback presentation compiler.
2025.10.07 10:22:56 INFO  no build target found for C:\Users\panlu\Documents\Cours\M1_Mod_Archi_Patrons_Concep\app\src\main\java\org\example\tds\td3\conception\Hand.java. Using fallback presentation compiler.
2025.10.07 10:22:57 INFO  no build target found for C:\Users\panlu\Documents\Cours\M1_Mod_Archi_Patrons_Concep\app\src\main\java\org\example\tds\td3\conception\Hand.java. Using fallback presentation compiler.
2025.10.07 10:22:58 WARN  no build target for: C:\Users\panlu\Documents\Cours\M1_Mod_Archi_Patrons_Concep\app\src\main\java\org\example\tds\td3\conception\Hand.java
2025.10.07 10:22:58 INFO  no build target found for C:\Users\panlu\Documents\Cours\M1_Mod_Archi_Patrons_Concep\app\src\main\java\org\example\tds\td3\conception\Hand.java. Using fallback presentation compiler.
2025.10.07 10:23:01 INFO  no build target found for C:\Users\panlu\Documents\Cours\M1_Mod_Archi_Patrons_Concep\app\src\main\java\org\example\tds\td3\conception\Hand.java. Using fallback presentation compiler.
2025.10.07 10:23:01 INFO  no build target found for C:\Users\panlu\Documents\Cours\M1_Mod_Archi_Patrons_Concep\app\src\main\java\org\example\tds\td3\conception\Hand.java. Using fallback presentation compiler.
2025.10.07 10:23:01 INFO  no build target found for C:\Users\panlu\Documents\Cours\M1_Mod_Archi_Patrons_Concep\app\src\main\java\org\example\tds\td3\conception\Hand.java. Using fallback presentation compiler.
2025.10.07 10:23:01 INFO  no build target found for C:\Users\panlu\Documents\Cours\M1_Mod_Archi_Patrons_Concep\app\src\main\java\org\example\tds\td3\conception\Hand.java. Using fallback presentation compiler.
2025.10.07 10:23:02 WARN  no build target for: C:\Users\panlu\Documents\Cours\M1_Mod_Archi_Patrons_Concep\app\src\main\java\org\example\tds\td3\conception\Hand.java
2025.10.07 10:23:02 INFO  no build target found for C:\Users\panlu\Documents\Cours\M1_Mod_Archi_Patrons_Concep\app\src\main\java\org\example\tds\td3\conception\Hand.java. Using fallback presentation compiler.
2025.10.07 10:23:02 WARN  Running javac-semanticdb failed for file:///C:/Users/panlu/Documents/Cours/M1_Mod_Archi_Patrons_Concep/app/src/main/java/org/example/tds/td3/conception/Hand.java. Output:

2025.10.07 10:23:03 INFO  no build target found for C:\Users\panlu\Documents\Cours\M1_Mod_Archi_Patrons_Concep\app\src\main\java\org\example\tds\td3\conception\Hand.java. Using fallback presentation compiler.
oct. 07, 2025 10:23:03 A.M. org.eclipse.lsp4j.jsonrpc.RemoteEndpoint handleCancellation
WARNING: Unmatched cancel notification for request id 4401
2025.10.07 10:23:03 INFO  no build target found for C:\Users\panlu\Documents\Cours\M1_Mod_Archi_Patrons_Concep\app\src\main\java\org\example\tds\td3\conception\Hand.java. Using fallback presentation compiler.
2025.10.07 10:23:03 INFO  no build target found for C:\Users\panlu\Documents\Cours\M1_Mod_Archi_Patrons_Concep\app\src\main\java\org\example\tds\td3\conception\Hand.java. Using fallback presentation compiler.
2025.10.07 10:23:03 INFO  no build target found for C:\Users\panlu\Documents\Cours\M1_Mod_Archi_Patrons_Concep\app\src\main\java\org\example\tds\td3\conception\Hand.java. Using fallback presentation compiler.
2025.10.07 10:23:03 INFO  no build target found for C:\Users\panlu\Documents\Cours\M1_Mod_Archi_Patrons_Concep\app\src\main\java\org\example\tds\td3\conception\Hand.java. Using fallback presentation compiler.
2025.10.07 10:23:03 INFO  no build target found for C:\Users\panlu\Documents\Cours\M1_Mod_Archi_Patrons_Concep\app\src\main\java\org\example\tds\td3\conception\Hand.java. Using fallback presentation compiler.
2025.10.07 10:23:03 INFO  no build target found for C:\Users\panlu\Documents\Cours\M1_Mod_Archi_Patrons_Concep\app\src\main\java\org\example\tds\td3\conception\Hand.java. Using fallback presentation compiler.
2025.10.07 10:23:04 INFO  no build target found for C:\Users\panlu\Documents\Cours\M1_Mod_Archi_Patrons_Concep\app\src\main\java\org\example\tds\td3\conception\Hand.java. Using fallback presentation compiler.
2025.10.07 10:23:05 INFO  no build target found for C:\Users\panlu\Documents\Cours\M1_Mod_Archi_Patrons_Concep\app\src\main\java\org\example\tds\td3\conception\Hand.java. Using fallback presentation compiler.
2025.10.07 10:23:05 INFO  no build target found for C:\Users\panlu\Documents\Cours\M1_Mod_Archi_Patrons_Concep\app\src\main\java\org\example\tds\td3\conception\Hand.java. Using fallback presentation compiler.
2025.10.07 10:23:05 INFO  no build target found for C:\Users\panlu\Documents\Cours\M1_Mod_Archi_Patrons_Concep\app\src\main\java\org\example\tds\td3\conception\Hand.java. Using fallback presentation compiler.
2025.10.07 10:23:05 INFO  no build target found for C:\Users\panlu\Documents\Cours\M1_Mod_Archi_Patrons_Concep\app\src\main\java\org\example\tds\td3\conception\Hand.java. Using fallback presentation compiler.
2025.10.07 10:23:05 INFO  no build target found for C:\Users\panlu\Documents\Cours\M1_Mod_Archi_Patrons_Concep\app\src\main\java\org\example\tds\td3\conception\Hand.java. Using fallback presentation compiler.
2025.10.07 10:23:05 INFO  no build target found for C:\Users\panlu\Documents\Cours\M1_Mod_Archi_Patrons_Concep\app\src\main\java\org\example\tds\td3\conception\Hand.java. Using fallback presentation compiler.
2025.10.07 10:23:05 INFO  no build target found for C:\Users\panlu\Documents\Cours\M1_Mod_Archi_Patrons_Concep\app\src\main\java\org\example\tds\td3\conception\Hand.java. Using fallback presentation compiler.
2025.10.07 10:23:05 INFO  no build target found for C:\Users\panlu\Documents\Cours\M1_Mod_Archi_Patrons_Concep\app\src\main\java\org\example\tds\td3\conception\Hand.java. Using fallback presentation compiler.
2025.10.07 10:23:05 INFO  no build target found for C:\Users\panlu\Documents\Cours\M1_Mod_Archi_Patrons_Concep\app\src\main\java\org\example\tds\td3\conception\Hand.java. Using fallback presentation compiler.
2025.10.07 10:23:06 INFO  no build target found for C:\Users\panlu\Documents\Cours\M1_Mod_Archi_Patrons_Concep\app\src\main\java\org\example\tds\td3\conception\Hand.java. Using fallback presentation compiler.
2025.10.07 10:23:06 INFO  no build target found for C:\Users\panlu\Documents\Cours\M1_Mod_Archi_Patrons_Concep\app\src\main\java\org\example\tds\td3\conception\Hand.java. Using fallback presentation compiler.
2025.10.07 10:23:06 INFO  no build target found for C:\Users\panlu\Documents\Cours\M1_Mod_Archi_Patrons_Concep\app\src\main\java\org\example\tds\td3\conception\Hand.java. Using fallback presentation compiler.
2025.10.07 10:23:06 INFO  no build target found for C:\Users\panlu\Documents\Cours\M1_Mod_Archi_Patrons_Concep\app\src\main\java\org\example\tds\td3\conception\Hand.java. Using fallback presentation compiler.
2025.10.07 10:23:06 INFO  no build target found for C:\Users\panlu\Documents\Cours\M1_Mod_Archi_Patrons_Concep\app\src\main\java\org\example\tds\td3\conception\Hand.java. Using fallback presentation compiler.
2025.10.07 10:23:06 INFO  no build target found for C:\Users\panlu\Documents\Cours\M1_Mod_Archi_Patrons_Concep\app\src\main\java\org\example\tds\td3\conception\Hand.java. Using fallback presentation compiler.
2025.10.07 10:23:06 INFO  no build target found for C:\Users\panlu\Documents\Cours\M1_Mod_Archi_Patrons_Concep\app\src\main\java\org\example\tds\td3\conception\Hand.java. Using fallback presentation compiler.
2025.10.07 10:23:07 INFO  no build target found for C:\Users\panlu\Documents\Cours\M1_Mod_Archi_Patrons_Concep\app\src\main\java\org\example\tds\td3\conception\Hand.java. Using fallback presentation compiler.
2025.10.07 10:23:07 WARN  no build target for: C:\Users\panlu\Documents\Cours\M1_Mod_Archi_Patrons_Concep\app\src\main\java\org\example\tds\td3\conception\Hand.java
2025.10.07 10:23:07 INFO  no build target found for C:\Users\panlu\Documents\Cours\M1_Mod_Archi_Patrons_Concep\app\src\main\java\org\example\tds\td3\conception\Hand.java. Using fallback presentation compiler.
2025.10.07 10:23:09 INFO  no build target found for C:\Users\panlu\Documents\Cours\M1_Mod_Archi_Patrons_Concep\app\src\main\java\org\example\tds\td3\conception\Hand.java. Using fallback presentation compiler.
2025.10.07 10:23:09 INFO  no build target found for C:\Users\panlu\Documents\Cours\M1_Mod_Archi_Patrons_Concep\app\src\main\java\org\example\tds\td3\conception\Hand.java. Using fallback presentation compiler.
2025.10.07 10:23:09 INFO  no build target found for C:\Users\panlu\Documents\Cours\M1_Mod_Archi_Patrons_Concep\app\src\main\java\org\example\tds\td3\conception\Hand.java. Using fallback presentation compiler.
2025.10.07 10:23:09 INFO  no build target found for C:\Users\panlu\Documents\Cours\M1_Mod_Archi_Patrons_Concep\app\src\main\java\org\example\tds\td3\conception\Hand.java. Using fallback presentation compiler.
2025.10.07 10:23:10 INFO  no build target found for C:\Users\panlu\Documents\Cours\M1_Mod_Archi_Patrons_Concep\app\src\main\java\org\example\tds\td3\conception\Hand.java. Using fallback presentation compiler.
2025.10.07 10:23:10 INFO  no build target found for C:\Users\panlu\Documents\Cours\M1_Mod_Archi_Patrons_Concep\app\src\main\java\org\example\tds\td3\conception\Hand.java. Using fallback presentation compiler.
2025.10.07 10:23:10 WARN  no build target for: C:\Users\panlu\Documents\Cours\M1_Mod_Archi_Patrons_Concep\app\src\main\java\org\example\tds\td3\conception\Hand.java
2025.10.07 10:23:10 INFO  no build target found for C:\Users\panlu\Documents\Cours\M1_Mod_Archi_Patrons_Concep\app\src\main\java\org\example\tds\td3\conception\Hand.java. Using fallback presentation compiler.
2025.10.07 10:23:11 WARN  no build target for: C:\Users\panlu\Documents\Cours\M1_Mod_Archi_Patrons_Concep\app\src\main\java\org\example\tds\td3\conception\Hand.java
2025.10.07 10:23:11 INFO  no build target found for C:\Users\panlu\Documents\Cours\M1_Mod_Archi_Patrons_Concep\app\src\main\java\org\example\tds\td3\conception\Hand.java. Using fallback presentation compiler.
2025.10.07 10:23:12 INFO  no build target found for C:\Users\panlu\Documents\Cours\M1_Mod_Archi_Patrons_Concep\app\src\main\java\org\example\tds\td3\conception\Hand.java. Using fallback presentation compiler.
2025.10.07 10:23:12 INFO  no build target found for C:\Users\panlu\Documents\Cours\M1_Mod_Archi_Patrons_Concep\app\src\main\java\org\example\tds\td3\conception\Hand.java. Using fallback presentation compiler.
2025.10.07 10:23:12 INFO  no build target found for C:\Users\panlu\Documents\Cours\M1_Mod_Archi_Patrons_Concep\app\src\main\java\org\example\tds\td3\conception\Hand.java. Using fallback presentation compiler.
2025.10.07 10:23:12 INFO  no build target found for C:\Users\panlu\Documents\Cours\M1_Mod_Archi_Patrons_Concep\app\src\main\java\org\example\tds\td3\conception\Hand.java. Using fallback presentation compiler.
2025.10.07 10:23:12 INFO  no build target found for C:\Users\panlu\Documents\Cours\M1_Mod_Archi_Patrons_Concep\app\src\main\java\org\example\tds\td3\conception\Hand.java. Using fallback presentation compiler.
2025.10.07 10:23:12 INFO  no build target found for C:\Users\panlu\Documents\Cours\M1_Mod_Archi_Patrons_Concep\app\src\main\java\org\example\tds\td3\conception\Hand.java. Using fallback presentation compiler.
2025.10.07 10:23:13 INFO  no build target found for C:\Users\panlu\Documents\Cours\M1_Mod_Archi_Patrons_Concep\app\src\main\java\org\example\tds\td3\conception\Hand.java. Using fallback presentation compiler.
2025.10.07 10:23:13 INFO  no build target found for C:\Users\panlu\Documents\Cours\M1_Mod_Archi_Patrons_Concep\app\src\main\java\org\example\tds\td3\conception\Hand.java. Using fallback presentation compiler.
2025.10.07 10:23:13 INFO  no build target found for C:\Users\panlu\Documents\Cours\M1_Mod_Archi_Patrons_Concep\app\src\main\java\org\example\tds\td3\conception\Hand.java. Using fallback presentation compiler.
2025.10.07 10:23:14 INFO  no build target found for C:\Users\panlu\Documents\Cours\M1_Mod_Archi_Patrons_Concep\app\src\main\java\org\example\tds\td3\conception\Hand.java. Using fallback presentation compiler.
2025.10.07 10:23:14 INFO  no build target found for C:\Users\panlu\Documents\Cours\M1_Mod_Archi_Patrons_Concep\app\src\main\java\org\example\tds\td3\conception\Hand.java. Using fallback presentation compiler.
2025.10.07 10:23:14 INFO  no build target found for C:\Users\panlu\Documents\Cours\M1_Mod_Archi_Patrons_Concep\app\src\main\java\org\example\tds\td3\conception\Hand.java. Using fallback presentation compiler.
2025.10.07 10:23:14 INFO  no build target found for C:\Users\panlu\Documents\Cours\M1_Mod_Archi_Patrons_Concep\app\src\main\java\org\example\tds\td3\conception\Hand.java. Using fallback presentation compiler.
2025.10.07 10:23:14 INFO  no build target found for C:\Users\panlu\Documents\Cours\M1_Mod_Archi_Patrons_Concep\app\src\main\java\org\example\tds\td3\conception\Hand.java. Using fallback presentation compiler.
2025.10.07 10:23:14 INFO  no build target found for C:\Users\panlu\Documents\Cours\M1_Mod_Archi_Patrons_Concep\app\src\main\java\org\example\tds\td3\conception\Hand.java. Using fallback presentation compiler.
2025.10.07 10:23:14 INFO  no build target found for C:\Users\panlu\Documents\Cours\M1_Mod_Archi_Patrons_Concep\app\src\main\java\org\example\tds\td3\conception\Hand.java. Using fallback presentation compiler.
2025.10.07 10:23:14 INFO  no build target found for C:\Users\panlu\Documents\Cours\M1_Mod_Archi_Patrons_Concep\app\src\main\java\org\example\tds\td3\conception\Hand.java. Using fallback presentation compiler.
2025.10.07 10:23:14 INFO  no build target found for C:\Users\panlu\Documents\Cours\M1_Mod_Archi_Patrons_Concep\app\src\main\java\org\example\tds\td3\conception\Hand.java. Using fallback presentation compiler.
2025.10.07 10:23:15 INFO  no build target found for C:\Users\panlu\Documents\Cours\M1_Mod_Archi_Patrons_Concep\app\src\main\java\org\example\tds\td3\conception\Hand.java. Using fallback presentation compiler.
2025.10.07 10:23:15 INFO  no build target found for C:\Users\panlu\Documents\Cours\M1_Mod_Archi_Patrons_Concep\app\src\main\java\org\example\tds\td3\conception\Hand.java. Using fallback presentation compiler.
2025.10.07 10:23:15 INFO  no build target found for C:\Users\panlu\Documents\Cours\M1_Mod_Archi_Patrons_Concep\app\src\main\java\org\example\tds\td3\conception\Hand.java. Using fallback presentation compiler.
2025.10.07 10:23:16 INFO  no build target found for C:\Users\panlu\Documents\Cours\M1_Mod_Archi_Patrons_Concep\app\src\main\java\org\example\tds\td3\conception\Hand.java. Using fallback presentation compiler.
2025.10.07 10:23:15 INFO  no build target found for C:\Users\panlu\Documents\Cours\M1_Mod_Archi_Patrons_Concep\app\src\main\java\org\example\tds\td3\conception\Hand.java. Using fallback presentation compiler.
2025.10.07 10:23:15 INFO  no build target found for C:\Users\panlu\Documents\Cours\M1_Mod_Archi_Patrons_Concep\app\src\main\java\org\example\tds\td3\conception\Hand.java. Using fallback presentation compiler.
2025.10.07 10:23:16 INFO  no build target found for C:\Users\panlu\Documents\Cours\M1_Mod_Archi_Patrons_Concep\app\src\main\java\org\example\tds\td3\conception\Hand.java. Using fallback presentation compiler.
2025.10.07 10:23:16 INFO  no build target found for C:\Users\panlu\Documents\Cours\M1_Mod_Archi_Patrons_Concep\app\src\main\java\org\example\tds\td3\conception\Hand.java. Using fallback presentation compiler.
2025.10.07 10:23:16 INFO  no build target found for C:\Users\panlu\Documents\Cours\M1_Mod_Archi_Patrons_Concep\app\src\main\java\org\example\tds\td3\conception\Hand.java. Using fallback presentation compiler.
2025.10.07 10:23:16 INFO  no build target found for C:\Users\panlu\Documents\Cours\M1_Mod_Archi_Patrons_Concep\app\src\main\java\org\example\tds\td3\conception\Hand.java. Using fallback presentation compiler.
2025.10.07 10:23:16 INFO  no build target found for C:\Users\panlu\Documents\Cours\M1_Mod_Archi_Patrons_Concep\app\src\main\java\org\example\tds\td3\conception\Hand.java. Using fallback presentation compiler.
2025.10.07 10:23:17 INFO  no build target found for C:\Users\panlu\Documents\Cours\M1_Mod_Archi_Patrons_Concep\app\src\main\java\org\example\tds\td3\conception\Hand.java. Using fallback presentation compiler.
2025.10.07 10:23:16 INFO  no build target found for C:\Users\panlu\Documents\Cours\M1_Mod_Archi_Patrons_Concep\app\src\main\java\org\example\tds\td3\conception\Hand.java. Using fallback presentation compiler.
2025.10.07 10:23:17 INFO  no build target found for C:\Users\panlu\Documents\Cours\M1_Mod_Archi_Patrons_Concep\app\src\main\java\org\example\tds\td3\conception\Hand.java. Using fallback presentation compiler.
2025.10.07 10:23:18 WARN  no build target for: C:\Users\panlu\Documents\Cours\M1_Mod_Archi_Patrons_Concep\app\src\main\java\org\example\tds\td3\conception\Hand.java
2025.10.07 10:23:18 INFO  no build target found for C:\Users\panlu\Documents\Cours\M1_Mod_Archi_Patrons_Concep\app\src\main\java\org\example\tds\td3\conception\Hand.java. Using fallback presentation compiler.
2025.10.07 10:23:18 INFO  no build target found for C:\Users\panlu\Documents\Cours\M1_Mod_Archi_Patrons_Concep\app\src\main\java\org\example\tds\td3\conception\Hand.java. Using fallback presentation compiler.
2025.10.07 10:23:18 INFO  no build target found for C:\Users\panlu\Documents\Cours\M1_Mod_Archi_Patrons_Concep\app\src\main\java\org\example\tds\td3\conception\Hand.java. Using fallback presentation compiler.
2025.10.07 10:23:19 INFO  no build target found for C:\Users\panlu\Documents\Cours\M1_Mod_Archi_Patrons_Concep\app\src\main\java\org\example\tds\td3\conception\Hand.java. Using fallback presentation compiler.
2025.10.07 10:23:18 INFO  no build target found for C:\Users\panlu\Documents\Cours\M1_Mod_Archi_Patrons_Concep\app\src\main\java\org\example\tds\td3\conception\Hand.java. Using fallback presentation compiler.
2025.10.07 10:23:19 WARN  no build target for: C:\Users\panlu\Documents\Cours\M1_Mod_Archi_Patrons_Concep\app\src\main\java\org\example\tds\td3\conception\Hand.java
2025.10.07 10:23:19 INFO  no build target found for C:\Users\panlu\Documents\Cours\M1_Mod_Archi_Patrons_Concep\app\src\main\java\org\example\tds\td3\conception\Hand.java. Using fallback presentation compiler.
2025.10.07 10:23:20 INFO  no build target found for C:\Users\panlu\Documents\Cours\M1_Mod_Archi_Patrons_Concep\app\src\main\java\org\example\tds\td3\conception\Hand.java. Using fallback presentation compiler.
2025.10.07 10:23:20 INFO  no build target found for C:\Users\panlu\Documents\Cours\M1_Mod_Archi_Patrons_Concep\app\src\main\java\org\example\tds\td3\conception\Hand.java. Using fallback presentation compiler.
2025.10.07 10:23:23 INFO  no build target found for C:\Users\panlu\Documents\Cours\M1_Mod_Archi_Patrons_Concep\app\src\main\java\org\example\tds\td3\conception\Hand.java. Using fallback presentation compiler.
2025.10.07 10:23:23 INFO  no build target found for C:\Users\panlu\Documents\Cours\M1_Mod_Archi_Patrons_Concep\app\src\main\java\org\example\tds\td3\conception\Hand.java. Using fallback presentation compiler.
2025.10.07 10:23:23 INFO  no build target found for C:\Users\panlu\Documents\Cours\M1_Mod_Archi_Patrons_Concep\app\src\main\java\org\example\tds\td3\conception\Hand.java. Using fallback presentation compiler.
2025.10.07 10:23:23 INFO  no build target found for C:\Users\panlu\Documents\Cours\M1_Mod_Archi_Patrons_Concep\app\src\main\java\org\example\tds\td3\conception\Hand.java. Using fallback presentation compiler.
2025.10.07 10:23:23 INFO  no build target found for C:\Users\panlu\Documents\Cours\M1_Mod_Archi_Patrons_Concep\app\src\main\java\org\example\tds\td3\conception\Hand.java. Using fallback presentation compiler.
2025.10.07 10:23:24 INFO  no build target found for C:\Users\panlu\Documents\Cours\M1_Mod_Archi_Patrons_Concep\app\src\main\java\org\example\tds\td3\conception\Hand.java. Using fallback presentation compiler.
2025.10.07 10:23:23 INFO  no build target found for C:\Users\panlu\Documents\Cours\M1_Mod_Archi_Patrons_Concep\app\src\main\java\org\example\tds\td3\conception\Hand.java. Using fallback presentation compiler.
2025.10.07 10:23:24 INFO  no build target found for C:\Users\panlu\Documents\Cours\M1_Mod_Archi_Patrons_Concep\app\src\main\java\org\example\tds\td3\conception\Hand.java. Using fallback presentation compiler.
2025.10.07 10:23:25 WARN  no build target for: C:\Users\panlu\Documents\Cours\M1_Mod_Archi_Patrons_Concep\app\src\main\java\org\example\tds\td3\conception\Hand.java
2025.10.07 10:23:25 INFO  no build target found for C:\Users\panlu\Documents\Cours\M1_Mod_Archi_Patrons_Concep\app\src\main\java\org\example\tds\td3\conception\Hand.java. Using fallback presentation compiler.
2025.10.07 10:23:26 INFO  no build target found for C:\Users\panlu\Documents\Cours\M1_Mod_Archi_Patrons_Concep\app\src\main\java\org\example\tds\td3\conception\Hand.java. Using fallback presentation compiler.
2025.10.07 10:23:26 INFO  no build target found for C:\Users\panlu\Documents\Cours\M1_Mod_Archi_Patrons_Concep\app\src\main\java\org\example\tds\td3\conception\Hand.java. Using fallback presentation compiler.
2025.10.07 10:23:28 INFO  no build target found for C:\Users\panlu\Documents\Cours\M1_Mod_Archi_Patrons_Concep\app\src\main\java\org\example\tds\td3\conception\Hand.java. Using fallback presentation compiler.
2025.10.07 10:23:28 INFO  no build target found for C:\Users\panlu\Documents\Cours\M1_Mod_Archi_Patrons_Concep\app\src\main\java\org\example\tds\td3\conception\Hand.java. Using fallback presentation compiler.
2025.10.07 10:23:32 INFO  no build target found for C:\Users\panlu\Documents\Cours\M1_Mod_Archi_Patrons_Concep\app\src\main\java\org\example\tds\td3\conception\Hand.java. Using fallback presentation compiler.
2025.10.07 10:23:32 INFO  no build target found for C:\Users\panlu\Documents\Cours\M1_Mod_Archi_Patrons_Concep\app\src\main\java\org\example\tds\td3\conception\Hand.java. Using fallback presentation compiler.
2025.10.07 10:23:32 INFO  no build target found for C:\Users\panlu\Documents\Cours\M1_Mod_Archi_Patrons_Concep\app\src\main\java\org\example\tds\td3\conception\Hand.java. Using fallback presentation compiler.
2025.10.07 10:23:37 INFO  no build target found for C:\Users\panlu\Documents\Cours\M1_Mod_Archi_Patrons_Concep\app\src\main\java\org\example\tds\td3\conception\Hand.java. Using fallback presentation compiler.
2025.10.07 10:23:37 INFO  no build target found for C:\Users\panlu\Documents\Cours\M1_Mod_Archi_Patrons_Concep\app\src\main\java\org\example\tds\td3\conception\Hand.java. Using fallback presentation compiler.
2025.10.07 10:23:37 INFO  no build target found for C:\Users\panlu\Documents\Cours\M1_Mod_Archi_Patrons_Concep\app\src\main\java\org\example\tds\td3\conception\Hand.java. Using fallback presentation compiler.
2025.10.07 10:23:38 INFO  no build target found for C:\Users\panlu\Documents\Cours\M1_Mod_Archi_Patrons_Concep\app\src\main\java\org\example\tds\td3\conception\Hand.java. Using fallback presentation compiler.
2025.10.07 10:23:38 INFO  no build target found for C:\Users\panlu\Documents\Cours\M1_Mod_Archi_Patrons_Concep\app\src\main\java\org\example\tds\td3\conception\Hand.java. Using fallback presentation compiler.
2025.10.07 10:23:38 INFO  no build target found for C:\Users\panlu\Documents\Cours\M1_Mod_Archi_Patrons_Concep\app\src\main\java\org\example\tds\td3\conception\Hand.java. Using fallback presentation compiler.
2025.10.07 10:23:38 INFO  no build target found for C:\Users\panlu\Documents\Cours\M1_Mod_Archi_Patrons_Concep\app\src\main\java\org\example\tds\td3\conception\Hand.java. Using fallback presentation compiler.
2025.10.07 10:23:39 WARN  no build target for: C:\Users\panlu\Documents\Cours\M1_Mod_Archi_Patrons_Concep\app\src\main\java\org\example\tds\td3\conception\Hand.java
2025.10.07 10:23:38 INFO  no build target found for C:\Users\panlu\Documents\Cours\M1_Mod_Archi_Patrons_Concep\app\src\main\java\org\example\tds\td3\conception\Hand.java. Using fallback presentation compiler.
2025.10.07 10:23:40 INFO  no build target found for C:\Users\panlu\Documents\Cours\M1_Mod_Archi_Patrons_Concep\app\src\main\java\org\example\tds\td3\conception\Hand.java. Using fallback presentation compiler.
2025.10.07 10:23:40 INFO  no build target found for C:\Users\panlu\Documents\Cours\M1_Mod_Archi_Patrons_Concep\app\src\main\java\org\example\tds\td3\conception\Hand.java. Using fallback presentation compiler.
2025.10.07 10:23:40 INFO  no build target found for C:\Users\panlu\Documents\Cours\M1_Mod_Archi_Patrons_Concep\app\src\main\java\org\example\tds\td3\conception\Hand.java. Using fallback presentation compiler.
2025.10.07 10:23:40 INFO  no build target found for C:\Users\panlu\Documents\Cours\M1_Mod_Archi_Patrons_Concep\app\src\main\java\org\example\tds\td3\conception\Hand.java. Using fallback presentation compiler.
2025.10.07 10:23:41 INFO  no build target found for C:\Users\panlu\Documents\Cours\M1_Mod_Archi_Patrons_Concep\app\src\main\java\org\example\tds\td3\conception\Hand.java. Using fallback presentation compiler.
2025.10.07 10:23:41 WARN  no build target for: C:\Users\panlu\Documents\Cours\M1_Mod_Archi_Patrons_Concep\app\src\main\java\org\example\tds\td3\conception\Hand.java
2025.10.07 10:23:41 INFO  no build target found for C:\Users\panlu\Documents\Cours\M1_Mod_Archi_Patrons_Concep\app\src\main\java\org\example\tds\td3\conception\Hand.java. Using fallback presentation compiler.
2025.10.07 10:23:42 INFO  no build target found for C:\Users\panlu\Documents\Cours\M1_Mod_Archi_Patrons_Concep\app\src\main\java\org\example\tds\td3\conception\Hand.java. Using fallback presentation compiler.
2025.10.07 10:23:42 INFO  no build target found for C:\Users\panlu\Documents\Cours\M1_Mod_Archi_Patrons_Concep\app\src\main\java\org\example\tds\td3\conception\Hand.java. Using fallback presentation compiler.
2025.10.07 10:23:44 INFO  no build target found for C:\Users\panlu\Documents\Cours\M1_Mod_Archi_Patrons_Concep\app\src\main\java\org\example\tds\td3\conception\Hand.java. Using fallback presentation compiler.
2025.10.07 10:23:45 INFO  no build target found for C:\Users\panlu\Documents\Cours\M1_Mod_Archi_Patrons_Concep\app\src\main\java\org\example\tds\td3\conception\Hand.java. Using fallback presentation compiler.
2025.10.07 10:23:45 INFO  no build target found for C:\Users\panlu\Documents\Cours\M1_Mod_Archi_Patrons_Concep\app\src\main\java\org\example\tds\td3\conception\Hand.java. Using fallback presentation compiler.
2025.10.07 10:23:45 INFO  no build target found for C:\Users\panlu\Documents\Cours\M1_Mod_Archi_Patrons_Concep\app\src\main\java\org\example\tds\td3\conception\Hand.java. Using fallback presentation compiler.
2025.10.07 10:23:47 INFO  no build target found for C:\Users\panlu\Documents\Cours\M1_Mod_Archi_Patrons_Concep\app\src\main\java\org\example\tds\td3\conception\Hand.java. Using fallback presentation compiler.
2025.10.07 10:23:48 INFO  no build target found for C:\Users\panlu\Documents\Cours\M1_Mod_Archi_Patrons_Concep\app\src\main\java\org\example\tds\td3\conception\Hand.java. Using fallback presentation compiler.
2025.10.07 10:23:48 INFO  no build target found for C:\Users\panlu\Documents\Cours\M1_Mod_Archi_Patrons_Concep\app\src\main\java\org\example\tds\td3\conception\Hand.java. Using fallback presentation compiler.
2025.10.07 10:23:48 INFO  no build target found for C:\Users\panlu\Documents\Cours\M1_Mod_Archi_Patrons_Concep\app\src\main\java\org\example\tds\td3\conception\Hand.java. Using fallback presentation compiler.
2025.10.07 10:23:49 INFO  no build target found for C:\Users\panlu\Documents\Cours\M1_Mod_Archi_Patrons_Concep\app\src\main\java\org\example\tds\td3\conception\Hand.java. Using fallback presentation compiler.
2025.10.07 10:23:49 INFO  no build target found for C:\Users\panlu\Documents\Cours\M1_Mod_Archi_Patrons_Concep\app\src\main\java\org\example\tds\td3\conception\Hand.java. Using fallback presentation compiler.
2025.10.07 10:23:51 INFO  no build target found for C:\Users\panlu\Documents\Cours\M1_Mod_Archi_Patrons_Concep\app\src\main\java\org\example\tds\td3\conception\Hand.java. Using fallback presentation compiler.
2025.10.07 10:24:05 INFO  no build target found for C:\Users\panlu\Documents\Cours\M1_Mod_Archi_Patrons_Concep\app\src\main\java\org\example\tds\td3\conception\Hand.java. Using fallback presentation compiler.
2025.10.07 10:24:24 INFO  no build target found for C:\Users\panlu\Documents\Cours\M1_Mod_Archi_Patrons_Concep\app\src\main\java\org\example\cards\cours4\metier\impl\Card.java. Using fallback presentation compiler.
2025.10.07 10:24:24 INFO  no build target found for C:\Users\panlu\Documents\Cours\M1_Mod_Archi_Patrons_Concep\app\src\main\java\org\example\cards\cours4\metier\impl\Card.java. Using fallback presentation compiler.
2025.10.07 10:24:24 INFO  no build target found for C:\Users\panlu\Documents\Cours\M1_Mod_Archi_Patrons_Concep\app\src\main\java\org\example\cards\cours4\metier\impl\Card.java. Using fallback presentation compiler.
2025.10.07 10:24:27 INFO  no build target found for C:\Users\panlu\Documents\Cours\M1_Mod_Archi_Patrons_Concep\app\src\main\java\org\example\cards\cours4\metier\impl\Card.java. Using fallback presentation compiler.
2025.10.07 10:24:27 INFO  no build target found for C:\Users\panlu\Documents\Cours\M1_Mod_Archi_Patrons_Concep\app\src\main\java\org\example\cards\cours4\metier\impl\Card.java. Using fallback presentation compiler.
2025.10.07 10:24:30 INFO  no build target found for C:\Users\panlu\Documents\Cours\M1_Mod_Archi_Patrons_Concep\app\src\main\java\org\example\cards\cours4\metier\impl\Card.java. Using fallback presentation compiler.
2025.10.07 10:24:31 WARN  no build target for: C:\Users\panlu\Documents\Cours\M1_Mod_Archi_Patrons_Concep\app\src\main\java\org\example\tds\td3\conception\Hand.java
2025.10.07 10:24:31 INFO  no build target found for C:\Users\panlu\Documents\Cours\M1_Mod_Archi_Patrons_Concep\app\src\main\java\org\example\tds\td3\conception\Hand.java. Using fallback presentation compiler.
2025.10.07 10:24:30 INFO  no build target found for C:\Users\panlu\Documents\Cours\M1_Mod_Archi_Patrons_Concep\app\src\main\java\org\example\tds\td3\conception\Hand.java. Using fallback presentation compiler.
2025.10.07 10:24:32 INFO  no build target found for C:\Users\panlu\Documents\Cours\M1_Mod_Archi_Patrons_Concep\app\src\main\java\org\example\tds\td3\conception\Hand.java. Using fallback presentation compiler.
2025.10.07 10:24:32 INFO  no build target found for C:\Users\panlu\Documents\Cours\M1_Mod_Archi_Patrons_Concep\app\src\main\java\org\example\tds\td3\conception\Hand.java. Using fallback presentation compiler.
2025.10.07 10:37:43 INFO  no build target found for C:\Users\panlu\Documents\Cours\M1_Mod_Archi_Patrons_Concep\app\src\main\java\org\example\tds\td3\conception\Hand.java. Using fallback presentation compiler.
2025.10.07 10:37:43 INFO  no build target found for C:\Users\panlu\Documents\Cours\M1_Mod_Archi_Patrons_Concep\app\src\main\java\org\example\tds\td3\conception\Hand.java. Using fallback presentation compiler.
2025.10.07 10:37:44 INFO  no build target found for C:\Users\panlu\Documents\Cours\M1_Mod_Archi_Patrons_Concep\app\src\main\java\org\example\tds\td3\conception\Hand.java. Using fallback presentation compiler.
2025.10.07 10:37:44 INFO  no build target found for C:\Users\panlu\Documents\Cours\M1_Mod_Archi_Patrons_Concep\app\src\main\java\org\example\tds\td3\conception\Hand.java. Using fallback presentation compiler.
2025.10.07 10:37:45 WARN  no build target for: C:\Users\panlu\Documents\Cours\M1_Mod_Archi_Patrons_Concep\app\src\main\java\org\example\tds\td3\conception\Hand.java
2025.10.07 10:37:45 INFO  no build target found for C:\Users\panlu\Documents\Cours\M1_Mod_Archi_Patrons_Concep\app\src\main\java\org\example\tds\td3\conception\Hand.java. Using fallback presentation compiler.
2025.10.07 10:37:44 INFO  no build target found for C:\Users\panlu\Documents\Cours\M1_Mod_Archi_Patrons_Concep\app\src\main\java\org\example\tds\td3\conception\Hand.java. Using fallback presentation compiler.
2025.10.07 10:37:51 INFO  no build target found for C:\Users\panlu\Documents\Cours\M1_Mod_Archi_Patrons_Concep\app\src\main\java\org\example\tds\td3\conception\Hand.java. Using fallback presentation compiler.
2025.10.07 10:37:58 INFO  no build target found for C:\Users\panlu\Documents\Cours\M1_Mod_Archi_Patrons_Concep\app\src\main\java\org\example\tds\td3\conception\Hand.java. Using fallback presentation compiler.
2025.10.07 10:38:01 INFO  no build target found for C:\Users\panlu\Documents\Cours\M1_Mod_Archi_Patrons_Concep\app\src\main\java\org\example\tds\td3\conception\Hand.java. Using fallback presentation compiler.
2025.10.07 10:38:08 WARN  no build target for: C:\Users\panlu\Documents\Cours\M1_Mod_Archi_Patrons_Concep\app\src\main\java\org\example\tds\td3\conception\Hand.java
2025.10.07 10:38:08 INFO  no build target found for C:\Users\panlu\Documents\Cours\M1_Mod_Archi_Patrons_Concep\app\src\main\java\org\example\tds\td3\conception\Hand.java. Using fallback presentation compiler.
2025.10.07 10:38:08 INFO  no build target found for C:\Users\panlu\Documents\Cours\M1_Mod_Archi_Patrons_Concep\app\src\main\java\org\example\tds\td3\conception\Hand.java. Using fallback presentation compiler.
2025.10.07 10:38:08 INFO  no build target found for C:\Users\panlu\Documents\Cours\M1_Mod_Archi_Patrons_Concep\app\src\main\java\org\example\tds\td3\conception\Hand.java. Using fallback presentation compiler.
2025.10.07 10:38:42 INFO  no build target found for C:\Users\panlu\Documents\Cours\M1_Mod_Archi_Patrons_Concep\app\src\main\java\org\example\tds\td3\conception\Hand.java. Using fallback presentation compiler.
2025.10.07 10:38:51 INFO  no build target found for C:\Users\panlu\Documents\Cours\M1_Mod_Archi_Patrons_Concep\app\src\main\java\org\example\tds\td3\conception\Hand.java. Using fallback presentation compiler.
2025.10.07 10:38:52 INFO  no build target found for C:\Users\panlu\Documents\Cours\M1_Mod_Archi_Patrons_Concep\app\src\main\java\org\example\tds\td3\conception\Hand.java. Using fallback presentation compiler.
2025.10.07 10:38:52 INFO  no build target found for C:\Users\panlu\Documents\Cours\M1_Mod_Archi_Patrons_Concep\app\src\main\java\org\example\tds\td3\conception\Hand.java. Using fallback presentation compiler.
oct. 07, 2025 10:39:17 A.M. org.eclipse.lsp4j.jsonrpc.services.GenericEndpoint notify
INFO: Unsupported notification method: $/setTrace
2025.10.07 10:39:38 INFO  no build target found for C:\Users\panlu\Documents\Cours\M1_Mod_Archi_Patrons_Concep\app\src\main\java\org\example\tds\td3\conception\Hand.java. Using fallback presentation compiler.
2025.10.07 10:39:38 INFO  no build target found for C:\Users\panlu\Documents\Cours\M1_Mod_Archi_Patrons_Concep\app\src\main\java\org\example\tds\td3\conception\Hand.java. Using fallback presentation compiler.
2025.10.07 10:39:42 INFO  no build target found for C:\Users\panlu\Documents\Cours\M1_Mod_Archi_Patrons_Concep\app\src\main\java\org\example\tds\td3\conception\Hand.java. Using fallback presentation compiler.
2025.10.07 10:39:56 INFO  no build target found for C:\Users\panlu\Documents\Cours\M1_Mod_Archi_Patrons_Concep\app\src\main\java\org\example\tds\td3\conception\Hand.java. Using fallback presentation compiler.
2025.10.07 10:39:56 INFO  no build target found for C:\Users\panlu\Documents\Cours\M1_Mod_Archi_Patrons_Concep\app\src\main\java\org\example\tds\td3\conception\Hand.java. Using fallback presentation compiler.
oct. 07, 2025 10:39:59 A.M. org.eclipse.lsp4j.jsonrpc.services.GenericEndpoint notify
INFO: Unsupported notification method: $/setTrace
2025.10.07 11:27:31 INFO  no build target found for C:\Users\panlu\Documents\Cours\M1_Mod_Archi_Patrons_Concep\app\src\main\java\org\example\cards\cours5\ampoule\version1\api\ActionIllegale.java. Using fallback presentation compiler.
2025.10.07 11:27:31 INFO  no build target found for C:\Users\panlu\Documents\Cours\M1_Mod_Archi_Patrons_Concep\app\src\main\java\org\example\cards\cours5\ampoule\version1\api\ActionIllegale.java. Using fallback presentation compiler.
2025.10.07 11:27:31 INFO  no build target found for C:\Users\panlu\Documents\Cours\M1_Mod_Archi_Patrons_Concep\app\src\main\java\org\example\cards\cours5\ampoule\version1\api\ActionIllegale.java. Using fallback presentation compiler.
2025.10.07 11:27:32 INFO  no build target found for C:\Users\panlu\Documents\Cours\M1_Mod_Archi_Patrons_Concep\app\src\main\java\org\example\cards\cours5\ampoule\version1\api\ActionIllegale.java. Using fallback presentation compiler.
2025.10.07 11:27:38 INFO  no build target found for C:\Users\panlu\Documents\Cours\M1_Mod_Archi_Patrons_Concep\app\src\main\java\org\example\cards\cours5\ampoule\version1\api\ActionIllegale.java. Using fallback presentation compiler.
2025.10.07 11:27:38 INFO  no build target found for C:\Users\panlu\Documents\Cours\M1_Mod_Archi_Patrons_Concep\app\src\main\java\org\example\cards\cours5\ampoule\version1\api\ActionIllegale.java. Using fallback presentation compiler.
2025.10.07 11:27:40 INFO  no build target found for C:\Users\panlu\Documents\Cours\M1_Mod_Archi_Patrons_Concep\app\src\main\java\org\example\cards\cours5\ampoule\version1\api\ActionIllegale.java. Using fallback presentation compiler.
2025.10.07 11:27:40 INFO  no build target found for C:\Users\panlu\Documents\Cours\M1_Mod_Archi_Patrons_Concep\app\src\main\java\org\example\cards\cours5\ampoule\version1\api\ActionIllegale.java. Using fallback presentation compiler.
2025.10.07 11:27:40 INFO  no build target found for C:\Users\panlu\Documents\Cours\M1_Mod_Archi_Patrons_Concep\app\src\main\java\org\example\cards\cours5\ampoule\version1\api\ActionIllegale.java. Using fallback presentation compiler.
2025.10.07 11:27:41 INFO  no build target found for C:\Users\panlu\Documents\Cours\M1_Mod_Archi_Patrons_Concep\app\src\main\java\org\example\cards\cours5\ampoule\version1\api\ActionIllegale.java. Using fallback presentation compiler.
2025.10.07 11:27:41 INFO  no build target found for C:\Users\panlu\Documents\Cours\M1_Mod_Archi_Patrons_Concep\app\src\main\java\org\example\cards\cours5\ampoule\version1\api\ActionIllegale.java. Using fallback presentation compiler.
2025.10.07 11:27:41 INFO  no build target found for C:\Users\panlu\Documents\Cours\M1_Mod_Archi_Patrons_Concep\app\src\main\java\org\example\cards\cours5\ampoule\version1\api\ActionIllegale.java. Using fallback presentation compiler.
2025.10.07 11:27:41 INFO  no build target found for C:\Users\panlu\Documents\Cours\M1_Mod_Archi_Patrons_Concep\app\src\main\java\org\example\cards\cours5\ampoule\version1\api\ActionIllegale.java. Using fallback presentation compiler.
2025.10.07 11:27:42 INFO  no build target found for C:\Users\panlu\Documents\Cours\M1_Mod_Archi_Patrons_Concep\app\src\main\java\org\example\cards\cours5\ampoule\version1\api\ActionIllegale.java. Using fallback presentation compiler.
2025.10.07 11:27:42 INFO  no build target found for C:\Users\panlu\Documents\Cours\M1_Mod_Archi_Patrons_Concep\app\src\main\java\org\example\cards\cours5\ampoule\version1\api\ActionIllegale.java. Using fallback presentation compiler.
2025.10.07 11:27:42 INFO  no build target found for C:\Users\panlu\Documents\Cours\M1_Mod_Archi_Patrons_Concep\app\src\main\java\org\example\cards\cours5\ampoule\version1\api\ActionIllegale.java. Using fallback presentation compiler.
2025.10.07 11:27:42 INFO  no build target found for C:\Users\panlu\Documents\Cours\M1_Mod_Archi_Patrons_Concep\app\src\main\java\org\example\cards\cours5\ampoule\version1\api\ActionIllegale.java. Using fallback presentation compiler.
2025.10.07 11:27:43 INFO  no build target found for C:\Users\panlu\Documents\Cours\M1_Mod_Archi_Patrons_Concep\app\src\main\java\org\example\cards\cours5\ampoule\version1\api\ActionIllegale.java. Using fallback presentation compiler.
2025.10.07 11:27:42 INFO  no build target found for C:\Users\panlu\Documents\Cours\M1_Mod_Archi_Patrons_Concep\app\src\main\java\org\example\cards\cours5\ampoule\version1\api\ActionIllegale.java. Using fallback presentation compiler.
2025.10.07 11:27:43 INFO  no build target found for C:\Users\panlu\Documents\Cours\M1_Mod_Archi_Patrons_Concep\app\src\main\java\org\example\cards\cours5\ampoule\version1\api\ActionIllegale.java. Using fallback presentation compiler.
2025.10.07 11:27:43 INFO  no build target found for C:\Users\panlu\Documents\Cours\M1_Mod_Archi_Patrons_Concep\app\src\main\java\org\example\cards\cours5\ampoule\version1\api\ActionIllegale.java. Using fallback presentation compiler.
2025.10.07 11:27:43 INFO  no build target found for C:\Users\panlu\Documents\Cours\M1_Mod_Archi_Patrons_Concep\app\src\main\java\org\example\cards\cours5\ampoule\version1\api\ActionIllegale.java. Using fallback presentation compiler.
2025.10.07 11:27:43 INFO  no build target found for C:\Users\panlu\Documents\Cours\M1_Mod_Archi_Patrons_Concep\app\src\main\java\org\example\cards\cours5\ampoule\version1\api\ActionIllegale.java. Using fallback presentation compiler.
2025.10.07 11:27:44 INFO  no build target found for C:\Users\panlu\Documents\Cours\M1_Mod_Archi_Patrons_Concep\app\src\main\java\org\example\cards\cours5\ampoule\version1\api\ActionIllegale.java. Using fallback presentation compiler.
2025.10.07 11:27:43 INFO  no build target found for C:\Users\panlu\Documents\Cours\M1_Mod_Archi_Patrons_Concep\app\src\main\java\org\example\cards\cours5\ampoule\version1\api\ActionIllegale.java. Using fallback presentation compiler.
2025.10.07 11:27:43 INFO  no build target found for C:\Users\panlu\Documents\Cours\M1_Mod_Archi_Patrons_Concep\app\src\main\java\org\example\cards\cours5\ampoule\version1\api\ActionIllegale.java. Using fallback presentation compiler.
2025.10.07 11:27:44 INFO  no build target found for C:\Users\panlu\Documents\Cours\M1_Mod_Archi_Patrons_Concep\app\src\main\java\org\example\cards\cours5\ampoule\version1\api\ActionIllegale.java. Using fallback presentation compiler.
2025.10.07 11:27:45 INFO  no build target found for C:\Users\panlu\Documents\Cours\M1_Mod_Archi_Patrons_Concep\app\src\main\java\org\example\cards\cours5\ampoule\version1\api\ActionIllegale.java. Using fallback presentation compiler.
2025.10.07 11:27:45 WARN  no build target for: C:\Users\panlu\Documents\Cours\M1_Mod_Archi_Patrons_Concep\app\src\main\java\org\example\cards\cours5\ampoule\version1\api\ActionIllegale.java
2025.10.07 11:27:45 INFO  no build target found for C:\Users\panlu\Documents\Cours\M1_Mod_Archi_Patrons_Concep\app\src\main\java\org\example\tds\td3\conception\Hand.java. Using fallback presentation compiler.
2025.10.07 11:27:45 INFO  no build target found for C:\Users\panlu\Documents\Cours\M1_Mod_Archi_Patrons_Concep\app\src\main\java\org\example\cards\cours5\ampoule\version1\api\ActionIllegale.java. Using fallback presentation compiler.
2025.10.07 11:27:45 INFO  no build target found for C:\Users\panlu\Documents\Cours\M1_Mod_Archi_Patrons_Concep\app\src\main\java\org\example\cards\cours5\ampoule\version1\api\ActionIllegale.java. Using fallback presentation compiler.
2025.10.07 11:27:45 INFO  no build target found for C:\Users\panlu\Documents\Cours\M1_Mod_Archi_Patrons_Concep\app\src\main\java\org\example\cards\cours5\ampoule\version1\api\ActionIllegale.java. Using fallback presentation compiler.
2025.10.07 11:27:45 INFO  no build target found for C:\Users\panlu\Documents\Cours\M1_Mod_Archi_Patrons_Concep\app\src\main\java\org\example\cards\cours5\ampoule\version1\api\ActionIllegale.java. Using fallback presentation compiler.
2025.10.07 11:27:45 INFO  no build target found for C:\Users\panlu\Documents\Cours\M1_Mod_Archi_Patrons_Concep\app\src\main\java\org\example\cards\cours5\ampoule\version1\api\ActionIllegale.java. Using fallback presentation compiler.
2025.10.07 11:27:46 INFO  no build target found for C:\Users\panlu\Documents\Cours\M1_Mod_Archi_Patrons_Concep\app\src\main\java\org\example\cards\cours5\ampoule\version1\api\ActionIllegale.java. Using fallback presentation compiler.
2025.10.07 11:27:45 INFO  no build target found for C:\Users\panlu\Documents\Cours\M1_Mod_Archi_Patrons_Concep\app\src\main\java\org\example\cards\cours5\ampoule\version1\api\ActionIllegale.java. Using fallback presentation compiler.
2025.10.07 11:27:46 INFO  no build target found for C:\Users\panlu\Documents\Cours\M1_Mod_Archi_Patrons_Concep\app\src\main\java\org\example\cards\cours5\ampoule\version1\api\ActionIllegale.java. Using fallback presentation compiler.
2025.10.07 11:27:46 INFO  no build target found for C:\Users\panlu\Documents\Cours\M1_Mod_Archi_Patrons_Concep\app\src\main\java\org\example\cards\cours5\ampoule\version1\api\ActionIllegale.java. Using fallback presentation compiler.
2025.10.07 11:27:46 INFO  no build target found for C:\Users\panlu\Documents\Cours\M1_Mod_Archi_Patrons_Concep\app\src\main\java\org\example\cards\cours5\ampoule\version1\api\ActionIllegale.java. Using fallback presentation compiler.
2025.10.07 11:27:46 INFO  no build target found for C:\Users\panlu\Documents\Cours\M1_Mod_Archi_Patrons_Concep\app\src\main\java\org\example\cards\cours5\ampoule\version1\api\ActionIllegale.java. Using fallback presentation compiler.
2025.10.07 11:27:46 INFO  no build target found for C:\Users\panlu\Documents\Cours\M1_Mod_Archi_Patrons_Concep\app\src\main\java\org\example\cards\cours5\ampoule\version1\api\ActionIllegale.java. Using fallback presentation compiler.
2025.10.07 11:27:46 INFO  no build target found for C:\Users\panlu\Documents\Cours\M1_Mod_Archi_Patrons_Concep\app\src\main\java\org\example\cards\cours5\ampoule\version1\api\ActionIllegale.java. Using fallback presentation compiler.
2025.10.07 11:27:47 INFO  no build target found for C:\Users\panlu\Documents\Cours\M1_Mod_Archi_Patrons_Concep\app\src\main\java\org\example\cards\cours5\ampoule\version1\api\ActionIllegale.java. Using fallback presentation compiler.
2025.10.07 11:27:47 INFO  no build target found for C:\Users\panlu\Documents\Cours\M1_Mod_Archi_Patrons_Concep\app\src\main\java\org\example\cards\cours5\ampoule\version1\api\ActionIllegale.java. Using fallback presentation compiler.
2025.10.07 11:27:47 INFO  no build target found for C:\Users\panlu\Documents\Cours\M1_Mod_Archi_Patrons_Concep\app\src\main\java\org\example\cards\cours5\ampoule\version1\api\ActionIllegale.java. Using fallback presentation compiler.
2025.10.07 11:27:47 INFO  no build target found for C:\Users\panlu\Documents\Cours\M1_Mod_Archi_Patrons_Concep\app\src\main\java\org\example\cards\cours5\ampoule\version1\api\ActionIllegale.java. Using fallback presentation compiler.
2025.10.07 11:27:48 WARN  no build target for: C:\Users\panlu\Documents\Cours\M1_Mod_Archi_Patrons_Concep\app\src\main\java\org\example\cards\cours5\ampoule\version1\api\ActionIllegale.java
2025.10.07 11:27:48 INFO  no build target found for C:\Users\panlu\Documents\Cours\M1_Mod_Archi_Patrons_Concep\app\src\main\java\org\example\tds\td3\conception\Hand.java. Using fallback presentation compiler.
2025.10.07 11:27:48 INFO  no build target found for C:\Users\panlu\Documents\Cours\M1_Mod_Archi_Patrons_Concep\app\src\main\java\org\example\cards\cours5\ampoule\version1\api\ActionIllegale.java. Using fallback presentation compiler.
2025.10.07 11:27:49 INFO  no build target found for C:\Users\panlu\Documents\Cours\M1_Mod_Archi_Patrons_Concep\app\src\main\java\org\example\cards\cours5\ampoule\version1\api\ActionIllegale.java. Using fallback presentation compiler.
2025.10.07 11:27:49 INFO  no build target found for C:\Users\panlu\Documents\Cours\M1_Mod_Archi_Patrons_Concep\app\src\main\java\org\example\cards\cours5\ampoule\version1\api\ActionIllegale.java. Using fallback presentation compiler.
2025.10.07 11:27:49 INFO  no build target found for C:\Users\panlu\Documents\Cours\M1_Mod_Archi_Patrons_Concep\app\src\main\java\org\example\cards\cours5\ampoule\version1\api\ActionIllegale.java. Using fallback presentation compiler.
2025.10.07 11:27:49 INFO  no build target found for C:\Users\panlu\Documents\Cours\M1_Mod_Archi_Patrons_Concep\app\src\main\java\org\example\cards\cours5\ampoule\version1\api\ActionIllegale.java. Using fallback presentation compiler.
2025.10.07 11:27:49 INFO  no build target found for C:\Users\panlu\Documents\Cours\M1_Mod_Archi_Patrons_Concep\app\src\main\java\org\example\cards\cours5\ampoule\version1\api\ActionIllegale.java. Using fallback presentation compiler.
2025.10.07 11:27:49 INFO  no build target found for C:\Users\panlu\Documents\Cours\M1_Mod_Archi_Patrons_Concep\app\src\main\java\org\example\cards\cours5\ampoule\version1\api\ActionIllegale.java. Using fallback presentation compiler.
2025.10.07 11:27:49 INFO  no build target found for C:\Users\panlu\Documents\Cours\M1_Mod_Archi_Patrons_Concep\app\src\main\java\org\example\cards\cours5\ampoule\version1\api\ActionIllegale.java. Using fallback presentation compiler.
2025.10.07 11:27:49 INFO  no build target found for C:\Users\panlu\Documents\Cours\M1_Mod_Archi_Patrons_Concep\app\src\main\java\org\example\cards\cours5\ampoule\version1\api\ActionIllegale.java. Using fallback presentation compiler.
2025.10.07 11:27:49 INFO  no build target found for C:\Users\panlu\Documents\Cours\M1_Mod_Archi_Patrons_Concep\app\src\main\java\org\example\cards\cours5\ampoule\version1\api\ActionIllegale.java. Using fallback presentation compiler.
2025.10.07 11:27:50 INFO  no build target found for C:\Users\panlu\Documents\Cours\M1_Mod_Archi_Patrons_Concep\app\src\main\java\org\example\cards\cours5\ampoule\version1\api\ActionIllegale.java. Using fallback presentation compiler.
2025.10.07 11:27:50 WARN  no build target for: C:\Users\panlu\Documents\Cours\M1_Mod_Archi_Patrons_Concep\app\src\main\java\org\example\cards\cours5\ampoule\version1\api\ActionIllegale.java
2025.10.07 11:27:49 INFO  no build target found for C:\Users\panlu\Documents\Cours\M1_Mod_Archi_Patrons_Concep\app\src\main\java\org\example\tds\td3\conception\Hand.java. Using fallback presentation compiler.
2025.10.07 11:27:49 INFO  no build target found for C:\Users\panlu\Documents\Cours\M1_Mod_Archi_Patrons_Concep\app\src\main\java\org\example\cards\cours5\ampoule\version1\api\ActionIllegale.java. Using fallback presentation compiler.
2025.10.07 11:27:50 INFO  no build target found for C:\Users\panlu\Documents\Cours\M1_Mod_Archi_Patrons_Concep\app\src\main\java\org\example\cards\cours5\ampoule\version1\api\ActionIllegale.java. Using fallback presentation compiler.
2025.10.07 11:27:50 INFO  no build target found for C:\Users\panlu\Documents\Cours\M1_Mod_Archi_Patrons_Concep\app\src\main\java\org\example\cards\cours5\ampoule\version1\api\ActionIllegale.java. Using fallback presentation compiler.
2025.10.07 11:27:51 INFO  no build target found for C:\Users\panlu\Documents\Cours\M1_Mod_Archi_Patrons_Concep\app\src\main\java\org\example\cards\cours5\ampoule\version1\api\ActionIllegale.java. Using fallback presentation compiler.
2025.10.07 11:27:51 INFO  no build target found for C:\Users\panlu\Documents\Cours\M1_Mod_Archi_Patrons_Concep\app\src\main\java\org\example\cards\cours5\ampoule\version1\api\ActionIllegale.java. Using fallback presentation compiler.
2025.10.07 11:27:51 INFO  no build target found for C:\Users\panlu\Documents\Cours\M1_Mod_Archi_Patrons_Concep\app\src\main\java\org\example\cards\cours5\ampoule\version1\api\ActionIllegale.java. Using fallback presentation compiler.
2025.10.07 11:27:52 WARN  no build target for: C:\Users\panlu\Documents\Cours\M1_Mod_Archi_Patrons_Concep\app\src\main\java\org\example\cards\cours5\ampoule\version1\api\ActionIllegale.java
2025.10.07 11:27:52 INFO  no build target found for C:\Users\panlu\Documents\Cours\M1_Mod_Archi_Patrons_Concep\app\src\main\java\org\example\cards\cours5\ampoule\version1\api\ActionIllegale.java. Using fallback presentation compiler.
2025.10.07 11:27:52 INFO  no build target found for C:\Users\panlu\Documents\Cours\M1_Mod_Archi_Patrons_Concep\app\src\main\java\org\example\tds\td3\conception\Hand.java. Using fallback presentation compiler.
2025.10.07 11:27:54 INFO  no build target found for C:\Users\panlu\Documents\Cours\M1_Mod_Archi_Patrons_Concep\app\src\main\java\org\example\cards\cours5\ampoule\version1\api\ActionIllegale.java. Using fallback presentation compiler.
2025.10.07 11:27:54 INFO  no build target found for C:\Users\panlu\Documents\Cours\M1_Mod_Archi_Patrons_Concep\app\src\main\java\org\example\cards\cours5\ampoule\version1\api\ActionIllegale.java. Using fallback presentation compiler.
2025.10.07 11:27:55 INFO  no build target found for C:\Users\panlu\Documents\Cours\M1_Mod_Archi_Patrons_Concep\app\src\main\java\org\example\cards\cours5\ampoule\version1\api\ActionIllegale.java. Using fallback presentation compiler.
2025.10.07 11:27:55 INFO  no build target found for C:\Users\panlu\Documents\Cours\M1_Mod_Archi_Patrons_Concep\app\src\main\java\org\example\cards\cours5\ampoule\version1\api\ActionIllegale.java. Using fallback presentation compiler.
2025.10.07 11:27:55 INFO  no build target found for C:\Users\panlu\Documents\Cours\M1_Mod_Archi_Patrons_Concep\app\src\main\java\org\example\cards\cours5\ampoule\version1\api\ActionIllegale.java. Using fallback presentation compiler.
2025.10.07 11:27:56 INFO  no build target found for C:\Users\panlu\Documents\Cours\M1_Mod_Archi_Patrons_Concep\app\src\main\java\org\example\cards\cours5\ampoule\version1\api\ActionIllegale.java. Using fallback presentation compiler.
2025.10.07 11:27:56 INFO  no build target found for C:\Users\panlu\Documents\Cours\M1_Mod_Archi_Patrons_Concep\app\src\main\java\org\example\cards\cours5\ampoule\version1\api\ActionIllegale.java. Using fallback presentation compiler.
2025.10.07 11:27:56 INFO  no build target found for C:\Users\panlu\Documents\Cours\M1_Mod_Archi_Patrons_Concep\app\src\main\java\org\example\cards\cours5\ampoule\version1\api\ActionIllegale.java. Using fallback presentation compiler.
2025.10.07 11:27:56 INFO  no build target found for C:\Users\panlu\Documents\Cours\M1_Mod_Archi_Patrons_Concep\app\src\main\java\org\example\cards\cours5\ampoule\version1\api\ActionIllegale.java. Using fallback presentation compiler.
2025.10.07 11:27:56 INFO  no build target found for C:\Users\panlu\Documents\Cours\M1_Mod_Archi_Patrons_Concep\app\src\main\java\org\example\cards\cours5\ampoule\version1\api\ActionIllegale.java. Using fallback presentation compiler.
2025.10.07 11:27:56 INFO  no build target found for C:\Users\panlu\Documents\Cours\M1_Mod_Archi_Patrons_Concep\app\src\main\java\org\example\cards\cours5\ampoule\version1\api\ActionIllegale.java. Using fallback presentation compiler.
2025.10.07 11:27:56 INFO  no build target found for C:\Users\panlu\Documents\Cours\M1_Mod_Archi_Patrons_Concep\app\src\main\java\org\example\cards\cours5\ampoule\version1\api\ActionIllegale.java. Using fallback presentation compiler.
2025.10.07 11:27:57 INFO  no build target found for C:\Users\panlu\Documents\Cours\M1_Mod_Archi_Patrons_Concep\app\src\main\java\org\example\cards\cours5\ampoule\version1\api\ActionIllegale.java. Using fallback presentation compiler.
2025.10.07 11:27:56 INFO  no build target found for C:\Users\panlu\Documents\Cours\M1_Mod_Archi_Patrons_Concep\app\src\main\java\org\example\cards\cours5\ampoule\version1\api\ActionIllegale.java. Using fallback presentation compiler.
2025.10.07 11:27:58 INFO  no build target found for C:\Users\panlu\Documents\Cours\M1_Mod_Archi_Patrons_Concep\app\src\main\java\org\example\cards\cours5\ampoule\version1\api\ActionIllegale.java. Using fallback presentation compiler.
2025.10.07 11:27:58 INFO  no build target found for C:\Users\panlu\Documents\Cours\M1_Mod_Archi_Patrons_Concep\app\src\main\java\org\example\cards\cours5\ampoule\version1\api\ActionIllegale.java. Using fallback presentation compiler.
2025.10.07 11:27:58 WARN  no build target for: C:\Users\panlu\Documents\Cours\M1_Mod_Archi_Patrons_Concep\app\src\main\java\org\example\cards\cours5\ampoule\version1\api\ActionIllegale.java
2025.10.07 11:27:58 INFO  no build target found for C:\Users\panlu\Documents\Cours\M1_Mod_Archi_Patrons_Concep\app\src\main\java\org\example\cards\cours5\ampoule\version1\api\ActionIllegale.java. Using fallback presentation compiler.
2025.10.07 11:27:58 INFO  Created report: Optional[file:///C:/Users/panlu/Documents/Cours/M1_Mod_Archi_Patrons_Concep/app/src/main/java/org/example/cards/cours5/ampoule/version1/api/ActionIllegale.java]
2025.10.07 11:27:58 INFO  QDox parse error in file:///C:/Users/panlu/Documents/Cours/M1_Mod_Archi_Patrons_Concep/app/src/main/java/org/example/cards/cours5/ampoule/version1/api/ActionIllegale.java (full report at: "C:\Users\panlu\Documents\Cours\M1_Mod_Archi_Patrons_Concep\.metals\.reports\metals-full\2025-10-07\r_qdox-error_11-27-58-543.md")
2025.10.07 11:27:58 INFO  no build target found for C:\Users\panlu\Documents\Cours\M1_Mod_Archi_Patrons_Concep\app\src\main\java\org\example\tds\td3\conception\Hand.java. Using fallback presentation compiler.
2025.10.07 11:27:58 INFO  no build target found for C:\Users\panlu\Documents\Cours\M1_Mod_Archi_Patrons_Concep\app\src\main\java\org\example\cards\cours5\ampoule\version1\api\ActionIllegale.java. Using fallback presentation compiler.
2025.10.07 11:27:58 WARN  Running javac-semanticdb failed for file:///C:/Users/panlu/Documents/Cours/M1_Mod_Archi_Patrons_Concep/app/src/main/java/org/example/cards/cours5/ampoule/version1/api/ActionIllegale.java. Output:

2025.10.07 11:27:59 WARN  no build target for: C:\Users\panlu\Documents\Cours\M1_Mod_Archi_Patrons_Concep\app\src\main\java\org\example\cards\cours5\ampoule\version1\api\ActionIllegale.java
2025.10.07 11:27:59 INFO  no build target found for C:\Users\panlu\Documents\Cours\M1_Mod_Archi_Patrons_Concep\app\src\main\java\org\example\cards\cours5\ampoule\version1\api\ActionIllegale.java. Using fallback presentation compiler.
2025.10.07 11:27:59 INFO  no build target found for C:\Users\panlu\Documents\Cours\M1_Mod_Archi_Patrons_Concep\app\src\main\java\org\example\tds\td3\conception\Hand.java. Using fallback presentation compiler.
2025.10.07 11:27:59 INFO  no build target found for C:\Users\panlu\Documents\Cours\M1_Mod_Archi_Patrons_Concep\app\src\main\java\org\example\cards\cours5\ampoule\version1\api\ActionIllegale.java. Using fallback presentation compiler.
2025.10.07 11:27:59 INFO  no build target found for C:\Users\panlu\Documents\Cours\M1_Mod_Archi_Patrons_Concep\app\src\main\java\org\example\cards\cours5\ampoule\version1\api\ActionIllegale.java. Using fallback presentation compiler.
2025.10.07 11:28:00 INFO  no build target found for C:\Users\panlu\Documents\Cours\M1_Mod_Archi_Patrons_Concep\app\src\main\java\org\example\cards\cours5\ampoule\version1\api\ActionIllegale.java. Using fallback presentation compiler.
2025.10.07 11:28:04 INFO  no build target found for C:\Users\panlu\Documents\Cours\M1_Mod_Archi_Patrons_Concep\app\src\main\java\org\example\cards\cours5\ampoule\version1\api\Ampoule.java. Using fallback presentation compiler.
2025.10.07 11:28:04 INFO  no build target found for C:\Users\panlu\Documents\Cours\M1_Mod_Archi_Patrons_Concep\app\src\main\java\org\example\cards\cours5\ampoule\version1\api\Ampoule.java. Using fallback presentation compiler.
2025.10.07 11:28:04 INFO  no build target found for C:\Users\panlu\Documents\Cours\M1_Mod_Archi_Patrons_Concep\app\src\main\java\org\example\cards\cours5\ampoule\version1\api\Ampoule.java. Using fallback presentation compiler.
2025.10.07 11:28:06 INFO  no build target found for C:\Users\panlu\Documents\Cours\M1_Mod_Archi_Patrons_Concep\app\src\main\java\org\example\cards\cours5\ampoule\version1\api\Ampoule.java. Using fallback presentation compiler.
2025.10.07 11:28:06 INFO  no build target found for C:\Users\panlu\Documents\Cours\M1_Mod_Archi_Patrons_Concep\app\src\main\java\org\example\cards\cours5\ampoule\version1\api\Ampoule.java. Using fallback presentation compiler.
2025.10.07 11:28:06 INFO  no build target found for C:\Users\panlu\Documents\Cours\M1_Mod_Archi_Patrons_Concep\app\src\main\java\org\example\cards\cours5\ampoule\version1\api\Ampoule.java. Using fallback presentation compiler.
2025.10.07 11:28:08 WARN  no build target for: C:\Users\panlu\Documents\Cours\M1_Mod_Archi_Patrons_Concep\app\src\main\java\org\example\cards\cours5\ampoule\version1\api\ActionIllegale.java
2025.10.07 11:28:08 INFO  no build target found for C:\Users\panlu\Documents\Cours\M1_Mod_Archi_Patrons_Concep\app\src\main\java\org\example\cards\cours5\ampoule\version1\api\ActionIllegale.java. Using fallback presentation compiler.
2025.10.07 11:28:08 INFO  no build target found for C:\Users\panlu\Documents\Cours\M1_Mod_Archi_Patrons_Concep\app\src\main\java\org\example\tds\td3\conception\Hand.java. Using fallback presentation compiler.
2025.10.07 11:28:08 INFO  no build target found for C:\Users\panlu\Documents\Cours\M1_Mod_Archi_Patrons_Concep\app\src\main\java\org\example\cards\cours5\ampoule\version1\api\ActionIllegale.java. Using fallback presentation compiler.
2025.10.07 11:28:08 INFO  no build target found for C:\Users\panlu\Documents\Cours\M1_Mod_Archi_Patrons_Concep\app\src\main\java\org\example\cards\cours5\ampoule\version1\api\ActionIllegale.java. Using fallback presentation compiler.
2025.10.07 11:28:09 INFO  no build target found for C:\Users\panlu\Documents\Cours\M1_Mod_Archi_Patrons_Concep\app\src\main\java\org\example\cards\cours5\ampoule\version1\api\ActionIllegale.java. Using fallback presentation compiler.
2025.10.07 11:28:09 INFO  no build target found for C:\Users\panlu\Documents\Cours\M1_Mod_Archi_Patrons_Concep\app\src\main\java\org\example\cards\cours5\ampoule\version1\api\ActionIllegale.java. Using fallback presentation compiler.
2025.10.07 11:28:11 WARN  no build target for: C:\Users\panlu\Documents\Cours\M1_Mod_Archi_Patrons_Concep\app\src\main\java\org\example\cards\cours5\ampoule\version1\api\Ampoule.java
2025.10.07 11:28:11 INFO  no build target found for C:\Users\panlu\Documents\Cours\M1_Mod_Archi_Patrons_Concep\app\src\main\java\org\example\cards\cours5\ampoule\version1\api\Ampoule.java. Using fallback presentation compiler.
2025.10.07 11:28:11 INFO  no build target found for C:\Users\panlu\Documents\Cours\M1_Mod_Archi_Patrons_Concep\app\src\main\java\org\example\tds\td3\conception\Hand.java. Using fallback presentation compiler.
2025.10.07 11:28:11 INFO  no build target found for C:\Users\panlu\Documents\Cours\M1_Mod_Archi_Patrons_Concep\app\src\main\java\org\example\cards\cours5\ampoule\version1\api\Ampoule.java. Using fallback presentation compiler.
2025.10.07 11:28:11 INFO  no build target found for C:\Users\panlu\Documents\Cours\M1_Mod_Archi_Patrons_Concep\app\src\main\java\org\example\cards\cours5\ampoule\version1\api\Ampoule.java. Using fallback presentation compiler.
2025.10.07 11:28:11 INFO  no build target found for C:\Users\panlu\Documents\Cours\M1_Mod_Archi_Patrons_Concep\app\src\main\java\org\example\cards\cours5\ampoule\version1\api\Ampoule.java. Using fallback presentation compiler.
2025.10.07 11:28:11 INFO  no build target found for C:\Users\panlu\Documents\Cours\M1_Mod_Archi_Patrons_Concep\app\src\main\java\org\example\cards\cours5\ampoule\version1\api\Ampoule.java. Using fallback presentation compiler.
2025.10.07 11:28:11 INFO  no build target found for C:\Users\panlu\Documents\Cours\M1_Mod_Archi_Patrons_Concep\app\src\main\java\org\example\cards\cours5\ampoule\version1\api\Ampoule.java. Using fallback presentation compiler.
2025.10.07 11:28:12 INFO  no build target found for C:\Users\panlu\Documents\Cours\M1_Mod_Archi_Patrons_Concep\app\src\main\java\org\example\cards\cours5\ampoule\version1\api\Ampoule.java. Using fallback presentation compiler.
2025.10.07 11:28:12 INFO  no build target found for C:\Users\panlu\Documents\Cours\M1_Mod_Archi_Patrons_Concep\app\src\main\java\org\example\cards\cours5\ampoule\version1\api\Ampoule.java. Using fallback presentation compiler.
2025.10.07 11:28:12 INFO  no build target found for C:\Users\panlu\Documents\Cours\M1_Mod_Archi_Patrons_Concep\app\src\main\java\org\example\cards\cours5\ampoule\version1\api\Ampoule.java. Using fallback presentation compiler.
2025.10.07 11:28:12 INFO  no build target found for C:\Users\panlu\Documents\Cours\M1_Mod_Archi_Patrons_Concep\app\src\main\java\org\example\cards\cours5\ampoule\version1\api\Ampoule.java. Using fallback presentation compiler.
2025.10.07 11:28:12 INFO  no build target found for C:\Users\panlu\Documents\Cours\M1_Mod_Archi_Patrons_Concep\app\src\main\java\org\example\cards\cours5\ampoule\version1\api\Ampoule.java. Using fallback presentation compiler.
2025.10.07 11:28:13 INFO  no build target found for C:\Users\panlu\Documents\Cours\M1_Mod_Archi_Patrons_Concep\app\src\main\java\org\example\cards\cours5\ampoule\version1\api\Ampoule.java. Using fallback presentation compiler.
2025.10.07 11:28:13 WARN  no build target for: C:\Users\panlu\Documents\Cours\M1_Mod_Archi_Patrons_Concep\app\src\main\java\org\example\cards\cours5\ampoule\version1\api\Ampoule.java
2025.10.07 11:28:13 INFO  no build target found for C:\Users\panlu\Documents\Cours\M1_Mod_Archi_Patrons_Concep\app\src\main\java\org\example\tds\td3\conception\Hand.java. Using fallback presentation compiler.
2025.10.07 11:28:13 INFO  no build target found for C:\Users\panlu\Documents\Cours\M1_Mod_Archi_Patrons_Concep\app\src\main\java\org\example\cards\cours5\ampoule\version1\api\Ampoule.java. Using fallback presentation compiler.
2025.10.07 11:28:13 INFO  Created report: Optional[file:///C:/Users/panlu/Documents/Cours/M1_Mod_Archi_Patrons_Concep/app/src/main/java/org/example/cards/cours5/ampoule/version1/api/Ampoule.java]
2025.10.07 11:28:13 INFO  QDox parse error in file:///C:/Users/panlu/Documents/Cours/M1_Mod_Archi_Patrons_Concep/app/src/main/java/org/example/cards/cours5/ampoule/version1/api/Ampoule.java (full report at: "C:\Users\panlu\Documents\Cours\M1_Mod_Archi_Patrons_Concep\.metals\.reports\metals-full\2025-10-07\r_qdox-error_11-28-13-658.md")
2025.10.07 11:28:13 INFO  no build target found for C:\Users\panlu\Documents\Cours\M1_Mod_Archi_Patrons_Concep\app\src\main\java\org\example\cards\cours5\ampoule\version1\api\Ampoule.java. Using fallback presentation compiler.
2025.10.07 11:28:13 INFO  no build target found for C:\Users\panlu\Documents\Cours\M1_Mod_Archi_Patrons_Concep\app\src\main\java\org\example\cards\cours5\ampoule\version1\api\Ampoule.java. Using fallback presentation compiler.
2025.10.07 11:28:13 INFO  no build target found for C:\Users\panlu\Documents\Cours\M1_Mod_Archi_Patrons_Concep\app\src\main\java\org\example\cards\cours5\ampoule\version1\api\Ampoule.java. Using fallback presentation compiler.
2025.10.07 11:28:13 INFO  no build target found for C:\Users\panlu\Documents\Cours\M1_Mod_Archi_Patrons_Concep\app\src\main\java\org\example\cards\cours5\ampoule\version1\api\Ampoule.java. Using fallback presentation compiler.
2025.10.07 11:28:14 WARN  no build target for: C:\Users\panlu\Documents\Cours\M1_Mod_Archi_Patrons_Concep\app\src\main\java\org\example\cards\cours5\ampoule\version1\api\Ampoule.java
2025.10.07 11:28:14 INFO  no build target found for C:\Users\panlu\Documents\Cours\M1_Mod_Archi_Patrons_Concep\app\src\main\java\org\example\tds\td3\conception\Hand.java. Using fallback presentation compiler.
2025.10.07 11:28:14 INFO  no build target found for C:\Users\panlu\Documents\Cours\M1_Mod_Archi_Patrons_Concep\app\src\main\java\org\example\cards\cours5\ampoule\version1\api\Ampoule.java. Using fallback presentation compiler.
2025.10.07 11:28:15 INFO  no build target found for C:\Users\panlu\Documents\Cours\M1_Mod_Archi_Patrons_Concep\app\src\main\java\org\example\cards\cours5\ampoule\version1\api\EtatAllumee.java. Using fallback presentation compiler.
2025.10.07 11:28:15 INFO  no build target found for C:\Users\panlu\Documents\Cours\M1_Mod_Archi_Patrons_Concep\app\src\main\java\org\example\cards\cours5\ampoule\version1\api\EtatAllumee.java. Using fallback presentation compiler.
2025.10.07 11:28:15 INFO  no build target found for C:\Users\panlu\Documents\Cours\M1_Mod_Archi_Patrons_Concep\app\src\main\java\org\example\cards\cours5\ampoule\version1\api\EtatAllumee.java. Using fallback presentation compiler.
2025.10.07 11:28:16 INFO  no build target found for C:\Users\panlu\Documents\Cours\M1_Mod_Archi_Patrons_Concep\app\src\main\java\org\example\cards\cours5\ampoule\version1\api\EtatAllumee.java. Using fallback presentation compiler.
2025.10.07 11:28:16 INFO  no build target found for C:\Users\panlu\Documents\Cours\M1_Mod_Archi_Patrons_Concep\app\src\main\java\org\example\cards\cours5\ampoule\version1\api\EtatAllumee.java. Using fallback presentation compiler.
2025.10.07 11:28:17 INFO  no build target found for C:\Users\panlu\Documents\Cours\M1_Mod_Archi_Patrons_Concep\app\src\main\java\org\example\cards\cours5\ampoule\version1\api\EtatAllumee.java. Using fallback presentation compiler.
2025.10.07 11:28:17 INFO  no build target found for C:\Users\panlu\Documents\Cours\M1_Mod_Archi_Patrons_Concep\app\src\main\java\org\example\cards\cours5\ampoule\version1\api\EtatAllumee.java. Using fallback presentation compiler.
2025.10.07 11:28:17 INFO  no build target found for C:\Users\panlu\Documents\Cours\M1_Mod_Archi_Patrons_Concep\app\src\main\java\org\example\cards\cours5\ampoule\version1\api\EtatAllumee.java. Using fallback presentation compiler.
2025.10.07 11:28:17 INFO  no build target found for C:\Users\panlu\Documents\Cours\M1_Mod_Archi_Patrons_Concep\app\src\main\java\org\example\cards\cours5\ampoule\version1\api\EtatAllumee.java. Using fallback presentation compiler.
2025.10.07 11:28:18 INFO  no build target found for C:\Users\panlu\Documents\Cours\M1_Mod_Archi_Patrons_Concep\app\src\main\java\org\example\cards\cours5\ampoule\version1\api\EtatAllumee.java. Using fallback presentation compiler.
2025.10.07 11:28:18 INFO  no build target found for C:\Users\panlu\Documents\Cours\M1_Mod_Archi_Patrons_Concep\app\src\main\java\org\example\cards\cours5\ampoule\version1\api\EtatAllumee.java. Using fallback presentation compiler.
2025.10.07 11:28:18 INFO  no build target found for C:\Users\panlu\Documents\Cours\M1_Mod_Archi_Patrons_Concep\app\src\main\java\org\example\cards\cours5\ampoule\version1\api\EtatAllumee.java. Using fallback presentation compiler.
2025.10.07 11:28:19 INFO  no build target found for C:\Users\panlu\Documents\Cours\M1_Mod_Archi_Patrons_Concep\app\src\main\java\org\example\cards\cours5\ampoule\version1\api\EtatAllumee.java. Using fallback presentation compiler.
2025.10.07 11:28:18 INFO  no build target found for C:\Users\panlu\Documents\Cours\M1_Mod_Archi_Patrons_Concep\app\src\main\java\org\example\cards\cours5\ampoule\version1\api\EtatAllumee.java. Using fallback presentation compiler.
2025.10.07 11:28:20 INFO  no build target found for C:\Users\panlu\Documents\Cours\M1_Mod_Archi_Patrons_Concep\app\src\main\java\org\example\cards\cours5\ampoule\version1\api\EtatAllumee.java. Using fallback presentation compiler.
2025.10.07 11:28:20 WARN  no build target for: C:\Users\panlu\Documents\Cours\M1_Mod_Archi_Patrons_Concep\app\src\main\java\org\example\cards\cours5\ampoule\version1\api\EtatAllumee.java
2025.10.07 11:28:20 INFO  no build target found for C:\Users\panlu\Documents\Cours\M1_Mod_Archi_Patrons_Concep\app\src\main\java\org\example\tds\td3\conception\Hand.java. Using fallback presentation compiler.
2025.10.07 11:28:20 INFO  no build target found for C:\Users\panlu\Documents\Cours\M1_Mod_Archi_Patrons_Concep\app\src\main\java\org\example\cards\cours5\ampoule\version1\api\EtatAllumee.java. Using fallback presentation compiler.
2025.10.07 11:28:20 INFO  no build target found for C:\Users\panlu\Documents\Cours\M1_Mod_Archi_Patrons_Concep\app\src\main\java\org\example\cards\cours5\ampoule\version1\api\EtatAmpoule.java. Using fallback presentation compiler.
2025.10.07 11:28:20 INFO  no build target found for C:\Users\panlu\Documents\Cours\M1_Mod_Archi_Patrons_Concep\app\src\main\java\org\example\cards\cours5\ampoule\version1\api\EtatAmpoule.java. Using fallback presentation compiler.
2025.10.07 11:28:21 INFO  no build target found for C:\Users\panlu\Documents\Cours\M1_Mod_Archi_Patrons_Concep\app\src\main\java\org\example\cards\cours5\ampoule\version1\api\EtatAmpoule.java. Using fallback presentation compiler.
2025.10.07 11:28:21 INFO  no build target found for C:\Users\panlu\Documents\Cours\M1_Mod_Archi_Patrons_Concep\app\src\main\java\org\example\cards\cours5\ampoule\version1\api\EtatAmpoule.java. Using fallback presentation compiler.
2025.10.07 11:28:22 INFO  no build target found for C:\Users\panlu\Documents\Cours\M1_Mod_Archi_Patrons_Concep\app\src\main\java\org\example\cards\cours5\ampoule\version1\api\EtatAmpoule.java. Using fallback presentation compiler.
2025.10.07 11:28:22 INFO  no build target found for C:\Users\panlu\Documents\Cours\M1_Mod_Archi_Patrons_Concep\app\src\main\java\org\example\cards\cours5\ampoule\version1\api\EtatAmpoule.java. Using fallback presentation compiler.
oct. 07, 2025 11:28:22 A.M. org.eclipse.lsp4j.jsonrpc.RemoteEndpoint handleCancellation
WARNING: Unmatched cancel notification for request id 4965
2025.10.07 11:28:22 INFO  no build target found for C:\Users\panlu\Documents\Cours\M1_Mod_Archi_Patrons_Concep\app\src\main\java\org\example\cards\cours5\ampoule\version1\api\EtatAmpoule.java. Using fallback presentation compiler.
2025.10.07 11:28:22 INFO  no build target found for C:\Users\panlu\Documents\Cours\M1_Mod_Archi_Patrons_Concep\app\src\main\java\org\example\cards\cours5\ampoule\version1\api\EtatAmpoule.java. Using fallback presentation compiler.
2025.10.07 11:28:23 INFO  no build target found for C:\Users\panlu\Documents\Cours\M1_Mod_Archi_Patrons_Concep\app\src\main\java\org\example\cards\cours5\ampoule\version1\api\EtatAmpoule.java. Using fallback presentation compiler.
2025.10.07 11:28:23 INFO  no build target found for C:\Users\panlu\Documents\Cours\M1_Mod_Archi_Patrons_Concep\app\src\main\java\org\example\cards\cours5\ampoule\version1\api\EtatAmpoule.java. Using fallback presentation compiler.
2025.10.07 11:28:23 INFO  no build target found for C:\Users\panlu\Documents\Cours\M1_Mod_Archi_Patrons_Concep\app\src\main\java\org\example\cards\cours5\ampoule\version1\api\EtatAmpoule.java. Using fallback presentation compiler.
2025.10.07 11:28:23 WARN  no build target for: C:\Users\panlu\Documents\Cours\M1_Mod_Archi_Patrons_Concep\app\src\main\java\org\example\cards\cours5\ampoule\version1\api\EtatAmpoule.java
2025.10.07 11:28:23 INFO  no build target found for C:\Users\panlu\Documents\Cours\M1_Mod_Archi_Patrons_Concep\app\src\main\java\org\example\cards\cours5\ampoule\version1\api\EtatAmpoule.java. Using fallback presentation compiler.
2025.10.07 11:28:23 INFO  no build target found for C:\Users\panlu\Documents\Cours\M1_Mod_Archi_Patrons_Concep\app\src\main\java\org\example\tds\td3\conception\Hand.java. Using fallback presentation compiler.
2025.10.07 11:28:24 INFO  no build target found for C:\Users\panlu\Documents\Cours\M1_Mod_Archi_Patrons_Concep\app\src\main\java\org\example\cards\cours5\ampoule\version1\api\EtatEteinte.java. Using fallback presentation compiler.
2025.10.07 11:28:24 INFO  no build target found for C:\Users\panlu\Documents\Cours\M1_Mod_Archi_Patrons_Concep\app\src\main\java\org\example\cards\cours5\ampoule\version1\api\EtatEteinte.java. Using fallback presentation compiler.
2025.10.07 11:28:24 INFO  no build target found for C:\Users\panlu\Documents\Cours\M1_Mod_Archi_Patrons_Concep\app\src\main\java\org\example\cards\cours5\ampoule\version1\api\EtatEteinte.java. Using fallback presentation compiler.
2025.10.07 11:28:25 INFO  no build target found for C:\Users\panlu\Documents\Cours\M1_Mod_Archi_Patrons_Concep\app\src\main\java\org\example\cards\cours5\ampoule\version1\api\EtatEteinte.java. Using fallback presentation compiler.
2025.10.07 11:28:25 INFO  no build target found for C:\Users\panlu\Documents\Cours\M1_Mod_Archi_Patrons_Concep\app\src\main\java\org\example\cards\cours5\ampoule\version1\api\EtatEteinte.java. Using fallback presentation compiler.
2025.10.07 11:28:25 INFO  no build target found for C:\Users\panlu\Documents\Cours\M1_Mod_Archi_Patrons_Concep\app\src\main\java\org\example\cards\cours5\ampoule\version1\api\EtatEteinte.java. Using fallback presentation compiler.
2025.10.07 11:28:25 INFO  no build target found for C:\Users\panlu\Documents\Cours\M1_Mod_Archi_Patrons_Concep\app\src\main\java\org\example\cards\cours5\ampoule\version1\api\EtatEteinte.java. Using fallback presentation compiler.
2025.10.07 11:28:27 INFO  no build target found for C:\Users\panlu\Documents\Cours\M1_Mod_Archi_Patrons_Concep\app\src\main\java\org\example\cards\cours5\ampoule\version1\api\EtatEteinte.java. Using fallback presentation compiler.
2025.10.07 11:28:27 INFO  no build target found for C:\Users\panlu\Documents\Cours\M1_Mod_Archi_Patrons_Concep\app\src\main\java\org\example\cards\cours5\ampoule\version1\api\EtatEteinte.java. Using fallback presentation compiler.
2025.10.07 11:28:27 INFO  no build target found for C:\Users\panlu\Documents\Cours\M1_Mod_Archi_Patrons_Concep\app\src\main\java\org\example\cards\cours5\ampoule\version1\api\EtatEteinte.java. Using fallback presentation compiler.
2025.10.07 11:28:27 WARN  no build target for: C:\Users\panlu\Documents\Cours\M1_Mod_Archi_Patrons_Concep\app\src\main\java\org\example\cards\cours5\ampoule\version1\api\EtatEteinte.java
2025.10.07 11:28:27 INFO  no build target found for C:\Users\panlu\Documents\Cours\M1_Mod_Archi_Patrons_Concep\app\src\main\java\org\example\tds\td3\conception\Hand.java. Using fallback presentation compiler.
2025.10.07 11:28:27 INFO  no build target found for C:\Users\panlu\Documents\Cours\M1_Mod_Archi_Patrons_Concep\app\src\main\java\org\example\cards\cours5\ampoule\version1\api\EtatEteinte.java. Using fallback presentation compiler.
2025.10.07 11:28:29 INFO  no build target found for C:\Users\panlu\Documents\Cours\M1_Mod_Archi_Patrons_Concep\app\src\main\java\org\example\cards\cours5\ampoule\version1\client\App.java. Using fallback presentation compiler.
2025.10.07 11:28:29 INFO  no build target found for C:\Users\panlu\Documents\Cours\M1_Mod_Archi_Patrons_Concep\app\src\main\java\org\example\cards\cours5\ampoule\version1\client\App.java. Using fallback presentation compiler.
2025.10.07 11:28:29 INFO  no build target found for C:\Users\panlu\Documents\Cours\M1_Mod_Archi_Patrons_Concep\app\src\main\java\org\example\cards\cours5\ampoule\version1\client\App.java. Using fallback presentation compiler.
2025.10.07 11:28:29 INFO  no build target found for C:\Users\panlu\Documents\Cours\M1_Mod_Archi_Patrons_Concep\app\src\main\java\org\example\cards\cours5\ampoule\version1\client\App.java. Using fallback presentation compiler.
2025.10.07 11:28:29 INFO  no build target found for C:\Users\panlu\Documents\Cours\M1_Mod_Archi_Patrons_Concep\app\src\main\java\org\example\cards\cours5\ampoule\version1\client\App.java. Using fallback presentation compiler.
2025.10.07 11:28:30 INFO  no build target found for C:\Users\panlu\Documents\Cours\M1_Mod_Archi_Patrons_Concep\app\src\main\java\org\example\cards\cours5\ampoule\version1\client\App.java. Using fallback presentation compiler.
2025.10.07 11:28:30 INFO  no build target found for C:\Users\panlu\Documents\Cours\M1_Mod_Archi_Patrons_Concep\app\src\main\java\org\example\cards\cours5\ampoule\version1\client\App.java. Using fallback presentation compiler.
2025.10.07 11:28:30 INFO  no build target found for C:\Users\panlu\Documents\Cours\M1_Mod_Archi_Patrons_Concep\app\src\main\java\org\example\cards\cours5\ampoule\version1\client\App.java. Using fallback presentation compiler.
2025.10.07 11:28:31 INFO  no build target found for C:\Users\panlu\Documents\Cours\M1_Mod_Archi_Patrons_Concep\app\src\main\java\org\example\cards\cours5\ampoule\version1\client\App.java. Using fallback presentation compiler.
2025.10.07 11:28:31 INFO  no build target found for C:\Users\panlu\Documents\Cours\M1_Mod_Archi_Patrons_Concep\app\src\main\java\org\example\cards\cours5\ampoule\version1\client\App.java. Using fallback presentation compiler.
2025.10.07 11:28:32 INFO  no build target found for C:\Users\panlu\Documents\Cours\M1_Mod_Archi_Patrons_Concep\app\src\main\java\org\example\cards\cours5\ampoule\version1\client\App.java. Using fallback presentation compiler.
2025.10.07 11:28:32 INFO  no build target found for C:\Users\panlu\Documents\Cours\M1_Mod_Archi_Patrons_Concep\app\src\main\java\org\example\cards\cours5\ampoule\version1\client\App.java. Using fallback presentation compiler.
2025.10.07 11:28:32 INFO  no build target found for C:\Users\panlu\Documents\Cours\M1_Mod_Archi_Patrons_Concep\app\src\main\java\org\example\cards\cours5\ampoule\version1\client\App.java. Using fallback presentation compiler.
2025.10.07 11:28:33 INFO  no build target found for C:\Users\panlu\Documents\Cours\M1_Mod_Archi_Patrons_Concep\app\src\main\java\org\example\cards\cours5\ampoule\version1\client\App.java. Using fallback presentation compiler.
2025.10.07 11:28:33 INFO  no build target found for C:\Users\panlu\Documents\Cours\M1_Mod_Archi_Patrons_Concep\app\src\main\java\org\example\cards\cours5\ampoule\version1\client\App.java. Using fallback presentation compiler.
2025.10.07 11:28:33 INFO  no build target found for C:\Users\panlu\Documents\Cours\M1_Mod_Archi_Patrons_Concep\app\src\main\java\org\example\cards\cours5\ampoule\version1\client\App.java. Using fallback presentation compiler.
2025.10.07 11:28:33 INFO  no build target found for C:\Users\panlu\Documents\Cours\M1_Mod_Archi_Patrons_Concep\app\src\main\java\org\example\cards\cours5\ampoule\version1\client\App.java. Using fallback presentation compiler.
2025.10.07 11:28:33 INFO  no build target found for C:\Users\panlu\Documents\Cours\M1_Mod_Archi_Patrons_Concep\app\src\main\java\org\example\cards\cours5\ampoule\version1\client\App.java. Using fallback presentation compiler.
2025.10.07 11:28:35 INFO  no build target found for C:\Users\panlu\Documents\Cours\M1_Mod_Archi_Patrons_Concep\app\src\main\java\org\example\cards\cours5\ampoule\version1\client\App.java. Using fallback presentation compiler.
2025.10.07 11:28:35 INFO  no build target found for C:\Users\panlu\Documents\Cours\M1_Mod_Archi_Patrons_Concep\app\src\main\java\org\example\cards\cours5\ampoule\version1\client\App.java. Using fallback presentation compiler.
2025.10.07 11:28:35 INFO  no build target found for C:\Users\panlu\Documents\Cours\M1_Mod_Archi_Patrons_Concep\app\src\main\java\org\example\cards\cours5\ampoule\version1\client\App.java. Using fallback presentation compiler.
2025.10.07 11:28:36 INFO  no build target found for C:\Users\panlu\Documents\Cours\M1_Mod_Archi_Patrons_Concep\app\src\main\java\org\example\cards\cours5\ampoule\version1\client\App.java. Using fallback presentation compiler.
2025.10.07 11:28:36 INFO  no build target found for C:\Users\panlu\Documents\Cours\M1_Mod_Archi_Patrons_Concep\app\src\main\java\org\example\cards\cours5\ampoule\version1\client\App.java. Using fallback presentation compiler.
2025.10.07 11:28:37 INFO  no build target found for C:\Users\panlu\Documents\Cours\M1_Mod_Archi_Patrons_Concep\app\src\main\java\org\example\cards\cours5\ampoule\version1\client\App.java. Using fallback presentation compiler.
2025.10.07 11:28:37 INFO  no build target found for C:\Users\panlu\Documents\Cours\M1_Mod_Archi_Patrons_Concep\app\src\main\java\org\example\cards\cours5\ampoule\version1\client\App.java. Using fallback presentation compiler.
2025.10.07 11:28:37 INFO  no build target found for C:\Users\panlu\Documents\Cours\M1_Mod_Archi_Patrons_Concep\app\src\main\java\org\example\cards\cours5\ampoule\version1\client\App.java. Using fallback presentation compiler.
2025.10.07 11:28:37 INFO  no build target found for C:\Users\panlu\Documents\Cours\M1_Mod_Archi_Patrons_Concep\app\src\main\java\org\example\cards\cours5\ampoule\version1\client\App.java. Using fallback presentation compiler.
2025.10.07 11:28:37 INFO  no build target found for C:\Users\panlu\Documents\Cours\M1_Mod_Archi_Patrons_Concep\app\src\main\java\org\example\cards\cours5\ampoule\version1\client\App.java. Using fallback presentation compiler.
2025.10.07 11:28:37 INFO  no build target found for C:\Users\panlu\Documents\Cours\M1_Mod_Archi_Patrons_Concep\app\src\main\java\org\example\cards\cours5\ampoule\version1\client\App.java. Using fallback presentation compiler.
2025.10.07 11:28:37 INFO  no build target found for C:\Users\panlu\Documents\Cours\M1_Mod_Archi_Patrons_Concep\app\src\main\java\org\example\cards\cours5\ampoule\version1\client\App.java. Using fallback presentation compiler.
2025.10.07 11:28:37 INFO  no build target found for C:\Users\panlu\Documents\Cours\M1_Mod_Archi_Patrons_Concep\app\src\main\java\org\example\cards\cours5\ampoule\version1\client\App.java. Using fallback presentation compiler.
2025.10.07 11:28:38 WARN  no build target for: C:\Users\panlu\Documents\Cours\M1_Mod_Archi_Patrons_Concep\app\src\main\java\org\example\cards\cours5\ampoule\version1\client\App.java
2025.10.07 11:28:38 INFO  no build target found for C:\Users\panlu\Documents\Cours\M1_Mod_Archi_Patrons_Concep\app\src\main\java\org\example\tds\td3\conception\Hand.java. Using fallback presentation compiler.
2025.10.07 11:28:38 INFO  no build target found for C:\Users\panlu\Documents\Cours\M1_Mod_Archi_Patrons_Concep\app\src\main\java\org\example\cards\cours5\ampoule\version1\client\App.java. Using fallback presentation compiler.
2025.10.07 11:28:39 INFO  no build target found for C:\Users\panlu\Documents\Cours\M1_Mod_Archi_Patrons_Concep\app\src\main\java\org\example\cards\cours5\ampoule\version1\client\App.java. Using fallback presentation compiler.
2025.10.07 11:28:40 INFO  no build target found for C:\Users\panlu\Documents\Cours\M1_Mod_Archi_Patrons_Concep\app\src\main\java\org\example\cards\cours5\ampoule\version1\client\App.java. Using fallback presentation compiler.
2025.10.07 11:28:40 INFO  no build target found for C:\Users\panlu\Documents\Cours\M1_Mod_Archi_Patrons_Concep\app\src\main\java\org\example\cards\cours5\ampoule\version1\client\App.java. Using fallback presentation compiler.
2025.10.07 11:28:42 INFO  no build target found for C:\Users\panlu\Documents\Cours\M1_Mod_Archi_Patrons_Concep\app\src\main\java\org\example\cards\cours5\ampoule\version1\client\App.java. Using fallback presentation compiler.
2025.10.07 11:28:43 INFO  no build target found for C:\Users\panlu\Documents\Cours\M1_Mod_Archi_Patrons_Concep\app\src\main\java\org\example\cards\cours5\ampoule\version1\client\App.java. Using fallback presentation compiler.
2025.10.07 11:28:43 INFO  no build target found for C:\Users\panlu\Documents\Cours\M1_Mod_Archi_Patrons_Concep\app\src\main\java\org\example\cards\cours5\ampoule\version1\client\App.java. Using fallback presentation compiler.
2025.10.07 11:28:43 INFO  no build target found for C:\Users\panlu\Documents\Cours\M1_Mod_Archi_Patrons_Concep\app\src\main\java\org\example\cards\cours5\ampoule\version1\client\App.java. Using fallback presentation compiler.
2025.10.07 11:28:44 INFO  no build target found for C:\Users\panlu\Documents\Cours\M1_Mod_Archi_Patrons_Concep\app\src\main\java\org\example\cards\cours5\ampoule\version1\client\App.java. Using fallback presentation compiler.
2025.10.07 11:28:44 INFO  no build target found for C:\Users\panlu\Documents\Cours\M1_Mod_Archi_Patrons_Concep\app\src\main\java\org\example\cards\cours5\ampoule\version1\client\App.java. Using fallback presentation compiler.
2025.10.07 11:28:44 INFO  no build target found for C:\Users\panlu\Documents\Cours\M1_Mod_Archi_Patrons_Concep\app\src\main\java\org\example\cards\cours5\ampoule\version1\client\App.java. Using fallback presentation compiler.
2025.10.07 11:28:44 INFO  no build target found for C:\Users\panlu\Documents\Cours\M1_Mod_Archi_Patrons_Concep\app\src\main\java\org\example\cards\cours5\ampoule\version1\client\App.java. Using fallback presentation compiler.
oct. 07, 2025 11:28:45 A.M. org.eclipse.lsp4j.jsonrpc.RemoteEndpoint handleCancellation
WARNING: Unmatched cancel notification for request id 5083
2025.10.07 11:28:45 INFO  no build target found for C:\Users\panlu\Documents\Cours\M1_Mod_Archi_Patrons_Concep\app\src\main\java\org\example\cards\cours5\ampoule\version1\client\App.java. Using fallback presentation compiler.
2025.10.07 11:28:45 INFO  no build target found for C:\Users\panlu\Documents\Cours\M1_Mod_Archi_Patrons_Concep\app\src\main\java\org\example\cards\cours5\ampoule\version1\client\App.java. Using fallback presentation compiler.
2025.10.07 11:28:45 INFO  no build target found for C:\Users\panlu\Documents\Cours\M1_Mod_Archi_Patrons_Concep\app\src\main\java\org\example\cards\cours5\ampoule\version1\client\App.java. Using fallback presentation compiler.
2025.10.07 11:28:45 INFO  no build target found for C:\Users\panlu\Documents\Cours\M1_Mod_Archi_Patrons_Concep\app\src\main\java\org\example\cards\cours5\ampoule\version1\client\App.java. Using fallback presentation compiler.
2025.10.07 11:28:47 WARN  no build target for: C:\Users\panlu\Documents\Cours\M1_Mod_Archi_Patrons_Concep\app\src\main\java\org\example\cards\cours5\ampoule\version1\client\App.java
2025.10.07 11:28:47 INFO  no build target found for C:\Users\panlu\Documents\Cours\M1_Mod_Archi_Patrons_Concep\app\src\main\java\org\example\tds\td3\conception\Hand.java. Using fallback presentation compiler.
2025.10.07 11:28:47 INFO  no build target found for C:\Users\panlu\Documents\Cours\M1_Mod_Archi_Patrons_Concep\app\src\main\java\org\example\cards\cours5\ampoule\version1\client\App.java. Using fallback presentation compiler.
2025.10.07 11:28:49 INFO  no build target found for C:\Users\panlu\Documents\Cours\M1_Mod_Archi_Patrons_Concep\app\src\main\java\org\example\cards\cours5\ampoule\version2\api\ActionIllegale.java. Using fallback presentation compiler.
2025.10.07 11:28:49 INFO  no build target found for C:\Users\panlu\Documents\Cours\M1_Mod_Archi_Patrons_Concep\app\src\main\java\org\example\cards\cours5\ampoule\version2\api\ActionIllegale.java. Using fallback presentation compiler.
2025.10.07 11:28:49 INFO  no build target found for C:\Users\panlu\Documents\Cours\M1_Mod_Archi_Patrons_Concep\app\src\main\java\org\example\cards\cours5\ampoule\version2\api\ActionIllegale.java. Using fallback presentation compiler.
2025.10.07 11:28:51 INFO  no build target found for C:\Users\panlu\Documents\Cours\M1_Mod_Archi_Patrons_Concep\app\src\main\java\org\example\cards\cours5\ampoule\version2\api\ActionIllegale.java. Using fallback presentation compiler.
2025.10.07 11:28:51 INFO  no build target found for C:\Users\panlu\Documents\Cours\M1_Mod_Archi_Patrons_Concep\app\src\main\java\org\example\cards\cours5\ampoule\version2\api\ActionIllegale.java. Using fallback presentation compiler.
2025.10.07 11:28:51 INFO  no build target found for C:\Users\panlu\Documents\Cours\M1_Mod_Archi_Patrons_Concep\app\src\main\java\org\example\cards\cours5\ampoule\version2\api\ActionIllegale.java. Using fallback presentation compiler.
2025.10.07 11:28:51 INFO  no build target found for C:\Users\panlu\Documents\Cours\M1_Mod_Archi_Patrons_Concep\app\src\main\java\org\example\cards\cours5\ampoule\version2\api\ActionIllegale.java. Using fallback presentation compiler.
2025.10.07 11:28:52 INFO  no build target found for C:\Users\panlu\Documents\Cours\M1_Mod_Archi_Patrons_Concep\app\src\main\java\org\example\cards\cours5\ampoule\version2\api\ActionIllegale.java. Using fallback presentation compiler.
2025.10.07 11:28:52 INFO  no build target found for C:\Users\panlu\Documents\Cours\M1_Mod_Archi_Patrons_Concep\app\src\main\java\org\example\cards\cours5\ampoule\version2\api\ActionIllegale.java. Using fallback presentation compiler.
2025.10.07 11:28:52 INFO  no build target found for C:\Users\panlu\Documents\Cours\M1_Mod_Archi_Patrons_Concep\app\src\main\java\org\example\tds\td3\conception\Hand.java. Using fallback presentation compiler.
2025.10.07 11:28:52 INFO  no build target found for C:\Users\panlu\Documents\Cours\M1_Mod_Archi_Patrons_Concep\app\src\main\java\org\example\cards\cours5\ampoule\version2\api\ActionIllegale.java. Using fallback presentation compiler.
2025.10.07 11:28:53 WARN  no build target for: C:\Users\panlu\Documents\Cours\M1_Mod_Archi_Patrons_Concep\app\src\main\java\org\example\cards\cours5\ampoule\version2\api\ActionIllegale.java
2025.10.07 11:28:53 INFO  no build target found for C:\Users\panlu\Documents\Cours\M1_Mod_Archi_Patrons_Concep\app\src\main\java\org\example\tds\td3\conception\Hand.java. Using fallback presentation compiler.
2025.10.07 11:28:53 INFO  no build target found for C:\Users\panlu\Documents\Cours\M1_Mod_Archi_Patrons_Concep\app\src\main\java\org\example\cards\cours5\ampoule\version2\api\ActionIllegale.java. Using fallback presentation compiler.
2025.10.07 11:28:54 INFO  no build target found for C:\Users\panlu\Documents\Cours\M1_Mod_Archi_Patrons_Concep\app\src\main\java\org\example\cards\cours5\ampoule\version2\api\Ampoule.java. Using fallback presentation compiler.
2025.10.07 11:28:54 INFO  no build target found for C:\Users\panlu\Documents\Cours\M1_Mod_Archi_Patrons_Concep\app\src\main\java\org\example\cards\cours5\ampoule\version2\api\Ampoule.java. Using fallback presentation compiler.
2025.10.07 11:28:54 INFO  no build target found for C:\Users\panlu\Documents\Cours\M1_Mod_Archi_Patrons_Concep\app\src\main\java\org\example\cards\cours5\ampoule\version2\api\Ampoule.java. Using fallback presentation compiler.
2025.10.07 11:28:55 INFO  no build target found for C:\Users\panlu\Documents\Cours\M1_Mod_Archi_Patrons_Concep\app\src\main\java\org\example\cards\cours5\ampoule\version2\api\Ampoule.java. Using fallback presentation compiler.
2025.10.07 11:28:55 INFO  no build target found for C:\Users\panlu\Documents\Cours\M1_Mod_Archi_Patrons_Concep\app\src\main\java\org\example\cards\cours5\ampoule\version2\api\Ampoule.java. Using fallback presentation compiler.
2025.10.07 11:28:57 INFO  no build target found for C:\Users\panlu\Documents\Cours\M1_Mod_Archi_Patrons_Concep\app\src\main\java\org\example\cards\cours5\ampoule\version2\api\Ampoule.java. Using fallback presentation compiler.
2025.10.07 11:28:57 INFO  no build target found for C:\Users\panlu\Documents\Cours\M1_Mod_Archi_Patrons_Concep\app\src\main\java\org\example\cards\cours5\ampoule\version2\api\Ampoule.java. Using fallback presentation compiler.
2025.10.07 11:28:57 INFO  no build target found for C:\Users\panlu\Documents\Cours\M1_Mod_Archi_Patrons_Concep\app\src\main\java\org\example\cards\cours5\ampoule\version2\api\Ampoule.java. Using fallback presentation compiler.
2025.10.07 11:28:57 INFO  no build target found for C:\Users\panlu\Documents\Cours\M1_Mod_Archi_Patrons_Concep\app\src\main\java\org\example\cards\cours5\ampoule\version2\api\Ampoule.java. Using fallback presentation compiler.
2025.10.07 11:28:58 INFO  no build target found for C:\Users\panlu\Documents\Cours\M1_Mod_Archi_Patrons_Concep\app\src\main\java\org\example\cards\cours5\ampoule\version2\api\Ampoule.java. Using fallback presentation compiler.
2025.10.07 11:28:58 INFO  no build target found for C:\Users\panlu\Documents\Cours\M1_Mod_Archi_Patrons_Concep\app\src\main\java\org\example\cards\cours5\ampoule\version2\api\Ampoule.java. Using fallback presentation compiler.
2025.10.07 11:28:58 INFO  no build target found for C:\Users\panlu\Documents\Cours\M1_Mod_Archi_Patrons_Concep\app\src\main\java\org\example\cards\cours5\ampoule\version2\api\Ampoule.java. Using fallback presentation compiler.
2025.10.07 11:28:58 INFO  no build target found for C:\Users\panlu\Documents\Cours\M1_Mod_Archi_Patrons_Concep\app\src\main\java\org\example\cards\cours5\ampoule\version2\api\Ampoule.java. Using fallback presentation compiler.
2025.10.07 11:28:59 WARN  no build target for: C:\Users\panlu\Documents\Cours\M1_Mod_Archi_Patrons_Concep\app\src\main\java\org\example\cards\cours5\ampoule\version2\api\Ampoule.java
2025.10.07 11:28:58 INFO  no build target found for C:\Users\panlu\Documents\Cours\M1_Mod_Archi_Patrons_Concep\app\src\main\java\org\example\tds\td3\conception\Hand.java. Using fallback presentation compiler.
2025.10.07 11:28:59 INFO  no build target found for C:\Users\panlu\Documents\Cours\M1_Mod_Archi_Patrons_Concep\app\src\main\java\org\example\cards\cours5\ampoule\version2\api\Ampoule.java. Using fallback presentation compiler.
2025.10.07 11:28:59 INFO  no build target found for C:\Users\panlu\Documents\Cours\M1_Mod_Archi_Patrons_Concep\app\src\main\java\org\example\cards\cours5\ampoule\version2\api\EtatAllumee.java. Using fallback presentation compiler.
2025.10.07 11:28:59 INFO  no build target found for C:\Users\panlu\Documents\Cours\M1_Mod_Archi_Patrons_Concep\app\src\main\java\org\example\cards\cours5\ampoule\version2\api\EtatAllumee.java. Using fallback presentation compiler.
2025.10.07 11:28:59 INFO  no build target found for C:\Users\panlu\Documents\Cours\M1_Mod_Archi_Patrons_Concep\app\src\main\java\org\example\cards\cours5\ampoule\version2\api\EtatAllumee.java. Using fallback presentation compiler.
2025.10.07 11:29:01 INFO  no build target found for C:\Users\panlu\Documents\Cours\M1_Mod_Archi_Patrons_Concep\app\src\main\java\org\example\cards\cours5\ampoule\version2\api\EtatAllumee.java. Using fallback presentation compiler.
2025.10.07 11:29:01 INFO  no build target found for C:\Users\panlu\Documents\Cours\M1_Mod_Archi_Patrons_Concep\app\src\main\java\org\example\cards\cours5\ampoule\version2\api\EtatAllumee.java. Using fallback presentation compiler.
2025.10.07 11:29:01 INFO  no build target found for C:\Users\panlu\Documents\Cours\M1_Mod_Archi_Patrons_Concep\app\src\main\java\org\example\cards\cours5\ampoule\version2\api\EtatAllumee.java. Using fallback presentation compiler.
2025.10.07 11:29:02 INFO  no build target found for C:\Users\panlu\Documents\Cours\M1_Mod_Archi_Patrons_Concep\app\src\main\java\org\example\cards\cours5\ampoule\version2\api\EtatAllumee.java. Using fallback presentation compiler.
2025.10.07 11:29:02 INFO  no build target found for C:\Users\panlu\Documents\Cours\M1_Mod_Archi_Patrons_Concep\app\src\main\java\org\example\cards\cours5\ampoule\version2\api\EtatAllumee.java. Using fallback presentation compiler.
2025.10.07 11:29:03 WARN  no build target for: C:\Users\panlu\Documents\Cours\M1_Mod_Archi_Patrons_Concep\app\src\main\java\org\example\cards\cours5\ampoule\version2\api\EtatAllumee.java
2025.10.07 11:29:03 INFO  no build target found for C:\Users\panlu\Documents\Cours\M1_Mod_Archi_Patrons_Concep\app\src\main\java\org\example\tds\td3\conception\Hand.java. Using fallback presentation compiler.
2025.10.07 11:29:03 INFO  no build target found for C:\Users\panlu\Documents\Cours\M1_Mod_Archi_Patrons_Concep\app\src\main\java\org\example\cards\cours5\ampoule\version2\api\EtatAllumee.java. Using fallback presentation compiler.
2025.10.07 11:29:02 INFO  no build target found for C:\Users\panlu\Documents\Cours\M1_Mod_Archi_Patrons_Concep\app\src\main\java\org\example\cards\cours5\ampoule\version2\api\EtatAmpoule.java. Using fallback presentation compiler.
2025.10.07 11:29:03 INFO  no build target found for C:\Users\panlu\Documents\Cours\M1_Mod_Archi_Patrons_Concep\app\src\main\java\org\example\cards\cours5\ampoule\version2\api\EtatAmpoule.java. Using fallback presentation compiler.
2025.10.07 11:29:04 INFO  no build target found for C:\Users\panlu\Documents\Cours\M1_Mod_Archi_Patrons_Concep\app\src\main\java\org\example\cards\cours5\ampoule\version2\api\EtatAmpoule.java. Using fallback presentation compiler.
2025.10.07 11:29:04 INFO  no build target found for C:\Users\panlu\Documents\Cours\M1_Mod_Archi_Patrons_Concep\app\src\main\java\org\example\cards\cours5\ampoule\version2\api\EtatAmpoule.java. Using fallback presentation compiler.
2025.10.07 11:29:05 INFO  no build target found for C:\Users\panlu\Documents\Cours\M1_Mod_Archi_Patrons_Concep\app\src\main\java\org\example\cards\cours5\ampoule\version2\api\EtatAmpoule.java. Using fallback presentation compiler.
2025.10.07 11:29:05 INFO  no build target found for C:\Users\panlu\Documents\Cours\M1_Mod_Archi_Patrons_Concep\app\src\main\java\org\example\cards\cours5\ampoule\version2\api\EtatAmpoule.java. Using fallback presentation compiler.
2025.10.07 11:29:05 INFO  no build target found for C:\Users\panlu\Documents\Cours\M1_Mod_Archi_Patrons_Concep\app\src\main\java\org\example\cards\cours5\ampoule\version2\api\EtatAmpoule.java. Using fallback presentation compiler.
2025.10.07 11:29:05 INFO  no build target found for C:\Users\panlu\Documents\Cours\M1_Mod_Archi_Patrons_Concep\app\src\main\java\org\example\cards\cours5\ampoule\version2\api\EtatAmpoule.java. Using fallback presentation compiler.
2025.10.07 11:29:06 INFO  no build target found for C:\Users\panlu\Documents\Cours\M1_Mod_Archi_Patrons_Concep\app\src\main\java\org\example\cards\cours5\ampoule\version2\api\EtatAmpoule.java. Using fallback presentation compiler.
2025.10.07 11:29:07 INFO  no build target found for C:\Users\panlu\Documents\Cours\M1_Mod_Archi_Patrons_Concep\app\src\main\java\org\example\cards\cours5\ampoule\version2\api\EtatAmpoule.java. Using fallback presentation compiler.
2025.10.07 11:29:07 INFO  no build target found for C:\Users\panlu\Documents\Cours\M1_Mod_Archi_Patrons_Concep\app\src\main\java\org\example\cards\cours5\ampoule\version2\api\EtatAmpoule.java. Using fallback presentation compiler.
2025.10.07 11:29:07 WARN  no build target for: C:\Users\panlu\Documents\Cours\M1_Mod_Archi_Patrons_Concep\app\src\main\java\org\example\cards\cours5\ampoule\version2\api\EtatAmpoule.java
2025.10.07 11:29:07 INFO  no build target found for C:\Users\panlu\Documents\Cours\M1_Mod_Archi_Patrons_Concep\app\src\main\java\org\example\tds\td3\conception\Hand.java. Using fallback presentation compiler.
2025.10.07 11:29:07 INFO  no build target found for C:\Users\panlu\Documents\Cours\M1_Mod_Archi_Patrons_Concep\app\src\main\java\org\example\cards\cours5\ampoule\version2\api\EtatAmpoule.java. Using fallback presentation compiler.
2025.10.07 11:29:07 INFO  no build target found for C:\Users\panlu\Documents\Cours\M1_Mod_Archi_Patrons_Concep\app\src\main\java\org\example\cards\cours5\ampoule\version2\api\EtatAmpoule.java. Using fallback presentation compiler.
2025.10.07 11:29:07 INFO  no build target found for C:\Users\panlu\Documents\Cours\M1_Mod_Archi_Patrons_Concep\app\src\main\java\org\example\cards\cours5\ampoule\version2\api\EtatAmpoule.java. Using fallback presentation compiler.
2025.10.07 11:29:07 INFO  no build target found for C:\Users\panlu\Documents\Cours\M1_Mod_Archi_Patrons_Concep\app\src\main\java\org\example\cards\cours5\ampoule\version2\api\EtatAmpoule.java. Using fallback presentation compiler.
2025.10.07 11:29:08 INFO  no build target found for C:\Users\panlu\Documents\Cours\M1_Mod_Archi_Patrons_Concep\app\src\main\java\org\example\cards\cours5\ampoule\version2\api\EtatAmpoule.java. Using fallback presentation compiler.
2025.10.07 11:29:14 INFO  no build target found for C:\Users\panlu\Documents\Cours\M1_Mod_Archi_Patrons_Concep\app\src\main\java\org\example\cards\cours5\ampoule\version2\api\EtatEteinte.java. Using fallback presentation compiler.
2025.10.07 11:29:14 INFO  no build target found for C:\Users\panlu\Documents\Cours\M1_Mod_Archi_Patrons_Concep\app\src\main\java\org\example\cards\cours5\ampoule\version2\api\EtatEteinte.java. Using fallback presentation compiler.
2025.10.07 11:29:14 INFO  no build target found for C:\Users\panlu\Documents\Cours\M1_Mod_Archi_Patrons_Concep\app\src\main\java\org\example\cards\cours5\ampoule\version2\api\EtatEteinte.java. Using fallback presentation compiler.
2025.10.07 11:29:14 INFO  no build target found for C:\Users\panlu\Documents\Cours\M1_Mod_Archi_Patrons_Concep\app\src\main\java\org\example\cards\cours5\ampoule\version2\api\EtatEteinte.java. Using fallback presentation compiler.
2025.10.07 11:29:15 INFO  no build target found for C:\Users\panlu\Documents\Cours\M1_Mod_Archi_Patrons_Concep\app\src\main\java\org\example\cards\cours5\ampoule\version2\api\EtatEteinte.java. Using fallback presentation compiler.
2025.10.07 11:29:15 INFO  no build target found for C:\Users\panlu\Documents\Cours\M1_Mod_Archi_Patrons_Concep\app\src\main\java\org\example\cards\cours5\ampoule\version2\api\EtatEteinte.java. Using fallback presentation compiler.
2025.10.07 11:29:15 INFO  no build target found for C:\Users\panlu\Documents\Cours\M1_Mod_Archi_Patrons_Concep\app\src\main\java\org\example\cards\cours5\ampoule\version2\api\EtatEteinte.java. Using fallback presentation compiler.
2025.10.07 11:29:17 INFO  no build target found for C:\Users\panlu\Documents\Cours\M1_Mod_Archi_Patrons_Concep\app\src\main\java\org\example\cards\cours5\ampoule\version2\api\EtatEteinte.java. Using fallback presentation compiler.
2025.10.07 11:29:17 INFO  no build target found for C:\Users\panlu\Documents\Cours\M1_Mod_Archi_Patrons_Concep\app\src\main\java\org\example\cards\cours5\ampoule\version2\api\EtatEteinte.java. Using fallback presentation compiler.
2025.10.07 11:29:17 INFO  no build target found for C:\Users\panlu\Documents\Cours\M1_Mod_Archi_Patrons_Concep\app\src\main\java\org\example\cards\cours5\ampoule\version2\api\EtatEteinte.java. Using fallback presentation compiler.
2025.10.07 11:29:17 INFO  no build target found for C:\Users\panlu\Documents\Cours\M1_Mod_Archi_Patrons_Concep\app\src\main\java\org\example\cards\cours5\ampoule\version2\api\EtatEteinte.java. Using fallback presentation compiler.
2025.10.07 11:29:17 INFO  no build target found for C:\Users\panlu\Documents\Cours\M1_Mod_Archi_Patrons_Concep\app\src\main\java\org\example\cards\cours5\ampoule\version2\api\EtatEteinte.java. Using fallback presentation compiler.
2025.10.07 11:29:18 INFO  no build target found for C:\Users\panlu\Documents\Cours\M1_Mod_Archi_Patrons_Concep\app\src\main\java\org\example\cards\cours5\ampoule\version2\api\EtatEteinte.java. Using fallback presentation compiler.
2025.10.07 11:29:18 WARN  no build target for: C:\Users\panlu\Documents\Cours\M1_Mod_Archi_Patrons_Concep\app\src\main\java\org\example\cards\cours5\ampoule\version2\api\EtatEteinte.java
2025.10.07 11:29:18 INFO  no build target found for C:\Users\panlu\Documents\Cours\M1_Mod_Archi_Patrons_Concep\app\src\main\java\org\example\tds\td3\conception\Hand.java. Using fallback presentation compiler.
2025.10.07 11:29:18 INFO  no build target found for C:\Users\panlu\Documents\Cours\M1_Mod_Archi_Patrons_Concep\app\src\main\java\org\example\cards\cours5\ampoule\version2\api\EtatEteinte.java. Using fallback presentation compiler.
2025.10.07 11:29:18 INFO  no build target found for C:\Users\panlu\Documents\Cours\M1_Mod_Archi_Patrons_Concep\app\src\main\java\org\example\cards\cours5\ampoule\version2\api\EtatEteinte.java. Using fallback presentation compiler.
2025.10.07 11:29:19 INFO  no build target found for C:\Users\panlu\Documents\Cours\M1_Mod_Archi_Patrons_Concep\app\src\main\java\org\example\cards\cours5\ampoule\version2\api\EtatEteinte.java. Using fallback presentation compiler.
2025.10.07 11:29:19 INFO  no build target found for C:\Users\panlu\Documents\Cours\M1_Mod_Archi_Patrons_Concep\app\src\main\java\org\example\cards\cours5\ampoule\version2\client\App.java. Using fallback presentation compiler.
2025.10.07 11:29:20 INFO  no build target found for C:\Users\panlu\Documents\Cours\M1_Mod_Archi_Patrons_Concep\app\src\main\java\org\example\cards\cours5\ampoule\version2\client\App.java. Using fallback presentation compiler.
2025.10.07 11:29:21 INFO  no build target found for C:\Users\panlu\Documents\Cours\M1_Mod_Archi_Patrons_Concep\app\src\main\java\org\example\cards\cours5\ampoule\version2\client\App.java. Using fallback presentation compiler.
2025.10.07 11:29:21 INFO  no build target found for C:\Users\panlu\Documents\Cours\M1_Mod_Archi_Patrons_Concep\app\src\main\java\org\example\cards\cours5\ampoule\version2\client\App.java. Using fallback presentation compiler.
2025.10.07 11:29:21 INFO  no build target found for C:\Users\panlu\Documents\Cours\M1_Mod_Archi_Patrons_Concep\app\src\main\java\org\example\cards\cours5\ampoule\version2\client\App.java. Using fallback presentation compiler.
2025.10.07 11:29:21 INFO  no build target found for C:\Users\panlu\Documents\Cours\M1_Mod_Archi_Patrons_Concep\app\src\main\java\org\example\cards\cours5\ampoule\version2\client\App.java. Using fallback presentation compiler.
2025.10.07 11:29:22 INFO  no build target found for C:\Users\panlu\Documents\Cours\M1_Mod_Archi_Patrons_Concep\app\src\main\java\org\example\cards\cours5\ampoule\version2\client\App.java. Using fallback presentation compiler.
2025.10.07 11:29:22 INFO  no build target found for C:\Users\panlu\Documents\Cours\M1_Mod_Archi_Patrons_Concep\app\src\main\java\org\example\cards\cours5\ampoule\version2\client\App.java. Using fallback presentation compiler.
2025.10.07 11:29:24 INFO  no build target found for C:\Users\panlu\Documents\Cours\M1_Mod_Archi_Patrons_Concep\app\src\main\java\org\example\cards\cours5\ampoule\version2\client\App.java. Using fallback presentation compiler.
2025.10.07 11:29:24 INFO  no build target found for C:\Users\panlu\Documents\Cours\M1_Mod_Archi_Patrons_Concep\app\src\main\java\org\example\cards\cours5\ampoule\version2\client\App.java. Using fallback presentation compiler.
2025.10.07 11:29:25 INFO  no build target found for C:\Users\panlu\Documents\Cours\M1_Mod_Archi_Patrons_Concep\app\src\main\java\org\example\cards\cours5\ampoule\version2\client\App.java. Using fallback presentation compiler.
2025.10.07 11:29:25 INFO  no build target found for C:\Users\panlu\Documents\Cours\M1_Mod_Archi_Patrons_Concep\app\src\main\java\org\example\cards\cours5\ampoule\version2\client\App.java. Using fallback presentation compiler.
2025.10.07 11:29:25 INFO  no build target found for C:\Users\panlu\Documents\Cours\M1_Mod_Archi_Patrons_Concep\app\src\main\java\org\example\cards\cours5\ampoule\version2\client\App.java. Using fallback presentation compiler.
2025.10.07 11:29:25 INFO  no build target found for C:\Users\panlu\Documents\Cours\M1_Mod_Archi_Patrons_Concep\app\src\main\java\org\example\cards\cours5\ampoule\version2\client\App.java. Using fallback presentation compiler.
2025.10.07 11:29:25 INFO  no build target found for C:\Users\panlu\Documents\Cours\M1_Mod_Archi_Patrons_Concep\app\src\main\java\org\example\cards\cours5\ampoule\version2\client\App.java. Using fallback presentation compiler.
2025.10.07 11:29:25 INFO  no build target found for C:\Users\panlu\Documents\Cours\M1_Mod_Archi_Patrons_Concep\app\src\main\java\org\example\cards\cours5\ampoule\version2\client\App.java. Using fallback presentation compiler.
2025.10.07 11:29:25 INFO  no build target found for C:\Users\panlu\Documents\Cours\M1_Mod_Archi_Patrons_Concep\app\src\main\java\org\example\cards\cours5\ampoule\version2\client\App.java. Using fallback presentation compiler.
2025.10.07 11:29:26 INFO  no build target found for C:\Users\panlu\Documents\Cours\M1_Mod_Archi_Patrons_Concep\app\src\main\java\org\example\cards\cours5\ampoule\version2\client\App.java. Using fallback presentation compiler.
2025.10.07 11:29:26 WARN  no build target for: C:\Users\panlu\Documents\Cours\M1_Mod_Archi_Patrons_Concep\app\src\main\java\org\example\cards\cours5\ampoule\version2\client\App.java
2025.10.07 11:29:26 INFO  no build target found for C:\Users\panlu\Documents\Cours\M1_Mod_Archi_Patrons_Concep\app\src\main\java\org\example\tds\td3\conception\Hand.java. Using fallback presentation compiler.
2025.10.07 11:29:26 INFO  no build target found for C:\Users\panlu\Documents\Cours\M1_Mod_Archi_Patrons_Concep\app\src\main\java\org\example\cards\cours5\ampoule\version2\client\App.java. Using fallback presentation compiler.
2025.10.07 11:29:26 INFO  no build target found for C:\Users\panlu\Documents\Cours\M1_Mod_Archi_Patrons_Concep\app\src\main\java\org\example\cards\cours5\ampoule\version2\client\App.java. Using fallback presentation compiler.
2025.10.07 11:29:27 INFO  no build target found for C:\Users\panlu\Documents\Cours\M1_Mod_Archi_Patrons_Concep\app\src\main\java\org\example\cards\cours5\ampoule\version2\client\App.java. Using fallback presentation compiler.
2025.10.07 11:29:27 INFO  no build target found for C:\Users\panlu\Documents\Cours\M1_Mod_Archi_Patrons_Concep\app\src\main\java\org\example\cards\cours5\ampoule\version2\client\App.java. Using fallback presentation compiler.
2025.10.07 11:29:27 INFO  no build target found for C:\Users\panlu\Documents\Cours\M1_Mod_Archi_Patrons_Concep\app\src\main\java\org\example\cards\cours5\ampoule\version2\client\App.java. Using fallback presentation compiler.
2025.10.07 11:29:35 INFO  no build target found for C:\Users\panlu\Documents\Cours\M1_Mod_Archi_Patrons_Concep\app\src\main\java\org\example\cards\cours5\ampoule\version2\client\App.java. Using fallback presentation compiler.
2025.10.07 11:29:35 INFO  no build target found for C:\Users\panlu\Documents\Cours\M1_Mod_Archi_Patrons_Concep\app\src\main\java\org\example\cards\cours5\ampoule\version2\client\App.java. Using fallback presentation compiler.
2025.10.07 11:30:05 WARN  no build target for: C:\Users\panlu\Documents\Cours\M1_Mod_Archi_Patrons_Concep\app\src\main\java\org\example\cards\cours5\ampoule\version2\client\App.java
2025.10.07 11:30:05 INFO  no build target found for C:\Users\panlu\Documents\Cours\M1_Mod_Archi_Patrons_Concep\app\src\main\java\org\example\tds\td3\conception\Hand.java. Using fallback presentation compiler.
2025.10.07 11:30:05 INFO  no build target found for C:\Users\panlu\Documents\Cours\M1_Mod_Archi_Patrons_Concep\app\src\main\java\org\example\cards\cours5\ampoule\version2\client\App.java. Using fallback presentation compiler.
2025.10.07 11:30:05 INFO  no build target found for C:\Users\panlu\Documents\Cours\M1_Mod_Archi_Patrons_Concep\app\src\main\java\org\example\cards\cours5\ampoule\version2\client\App.java. Using fallback presentation compiler.
2025.10.07 11:30:27 INFO  no build target found for C:\Users\panlu\Documents\Cours\M1_Mod_Archi_Patrons_Concep\app\src\main\java\org\example\cards\cours5\ampoule\version2\client\App.java. Using fallback presentation compiler.
2025.10.07 11:30:54 INFO  no build target found for C:\Users\panlu\Documents\Cours\M1_Mod_Archi_Patrons_Concep\app\src\main\java\org\example\cards\cours5\ampoule\version2\client\App.java. Using fallback presentation compiler.
2025.10.07 11:30:54 WARN  no build target for: C:\Users\panlu\Documents\Cours\M1_Mod_Archi_Patrons_Concep\app\src\main\java\org\example\cards\cours5\ampoule\version2\client\App.java
2025.10.07 11:30:55 INFO  no build target found for C:\Users\panlu\Documents\Cours\M1_Mod_Archi_Patrons_Concep\app\src\main\java\org\example\tds\td3\conception\Hand.java. Using fallback presentation compiler.
2025.10.07 11:30:55 INFO  no build target found for C:\Users\panlu\Documents\Cours\M1_Mod_Archi_Patrons_Concep\app\src\main\java\org\example\cards\cours5\ampoule\version2\client\App.java. Using fallback presentation compiler.
2025.10.07 11:30:56 INFO  no build target found for C:\Users\panlu\Documents\Cours\M1_Mod_Archi_Patrons_Concep\app\src\main\java\org\example\cards\cours5\ampoule\version2\client\App.java. Using fallback presentation compiler.
2025.10.07 11:31:06 INFO  no build target found for C:\Users\panlu\Documents\Cours\M1_Mod_Archi_Patrons_Concep\app\src\main\java\org\example\tds\td3\conception\Hand.java. Using fallback presentation compiler.
2025.10.07 11:31:10 INFO  no build target found for C:\Users\panlu\Documents\Cours\M1_Mod_Archi_Patrons_Concep\app\src\main\java\org\example\cards\cours5\ampoule\version2\client\App.java. Using fallback presentation compiler.
2025.10.07 11:31:10 INFO  no build target found for C:\Users\panlu\Documents\Cours\M1_Mod_Archi_Patrons_Concep\app\src\main\java\org\example\cards\cours5\ampoule\version2\client\App.java. Using fallback presentation compiler.
2025.10.07 11:31:10 INFO  no build target found for C:\Users\panlu\Documents\Cours\M1_Mod_Archi_Patrons_Concep\app\src\main\java\org\example\cards\cours5\ampoule\version2\client\App.java. Using fallback presentation compiler.
2025.10.07 11:31:19 INFO  no build target found for C:\Users\panlu\Documents\Cours\M1_Mod_Archi_Patrons_Concep\app\src\main\java\org\example\cards\cours5\ampoule\version2\client\App.java. Using fallback presentation compiler.
2025.10.07 11:31:19 INFO  no build target found for C:\Users\panlu\Documents\Cours\M1_Mod_Archi_Patrons_Concep\app\src\main\java\org\example\cards\cours5\ampoule\version2\client\App.java. Using fallback presentation compiler.
2025.10.07 11:31:23 INFO  no build target found for C:\Users\panlu\Documents\Cours\M1_Mod_Archi_Patrons_Concep\app\src\main\java\org\example\cards\cours5\ampoule\version2\client\App.java. Using fallback presentation compiler.
2025.10.07 11:31:25 INFO  no build target found for C:\Users\panlu\Documents\Cours\M1_Mod_Archi_Patrons_Concep\app\src\main\java\org\example\cards\cours5\ampoule\version2\client\App.java. Using fallback presentation compiler.
2025.10.07 11:31:25 INFO  no build target found for C:\Users\panlu\Documents\Cours\M1_Mod_Archi_Patrons_Concep\app\src\main\java\org\example\cards\cours5\ampoule\version2\client\App.java. Using fallback presentation compiler.
2025.10.07 11:31:34 WARN  no build target for: C:\Users\panlu\Documents\Cours\M1_Mod_Archi_Patrons_Concep\app\src\main\java\org\example\cards\cours5\ampoule\version2\client\App.java
2025.10.07 11:31:34 INFO  no build target found for C:\Users\panlu\Documents\Cours\M1_Mod_Archi_Patrons_Concep\app\src\main\java\org\example\tds\td3\conception\Hand.java. Using fallback presentation compiler.
2025.10.07 11:31:34 INFO  no build target found for C:\Users\panlu\Documents\Cours\M1_Mod_Archi_Patrons_Concep\app\src\main\java\org\example\cards\cours5\ampoule\version2\client\App.java. Using fallback presentation compiler.
2025.10.07 11:31:35 INFO  no build target found for C:\Users\panlu\Documents\Cours\M1_Mod_Archi_Patrons_Concep\app\src\main\java\org\example\cards\cours5\ampoule\version2\client\App.java. Using fallback presentation compiler.
2025.10.07 11:32:49 INFO  Shutting down server
2025.10.07 11:32:49 INFO  shutting down Metals
2025.10.07 11:32:49 INFO  Exiting server
2025.10.07 11:32:49 ERROR Unexpected error initializing server: 
org.eclipse.lsp4j.jsonrpc.ResponseErrorException: Request window/showMessageRequest failed with message: Canceled
	at org.eclipse.lsp4j.jsonrpc.RemoteEndpoint.handleResponse(RemoteEndpoint.java:220)
	at org.eclipse.lsp4j.jsonrpc.RemoteEndpoint.consume(RemoteEndpoint.java:204)
	at org.eclipse.lsp4j.jsonrpc.json.StreamMessageProducer.handleMessage(StreamMessageProducer.java:185)
	at org.eclipse.lsp4j.jsonrpc.json.StreamMessageProducer.listen(StreamMessageProducer.java:97)
	at org.eclipse.lsp4j.jsonrpc.json.ConcurrentMessageProcessor.run(ConcurrentMessageProcessor.java:114)
	at java.util.concurrent.Executors$RunnableAdapter.call(Executors.java:545)
	at java.util.concurrent.FutureTask.run(FutureTask.java:328)
	at java.util.concurrent.ThreadPoolExecutor.runWorker(ThreadPoolExecutor.java:1095)
	at java.util.concurrent.ThreadPoolExecutor$Worker.run(ThreadPoolExecutor.java:619)
	at java.lang.Thread.run(Thread.java:1447)

